StudentID,Age,Gender,Ethnicity,ParentalEducation,StudyTimeWeekly,Absences,Tutoring,ParentalSupport,Extracurricular,Sports,Music,Volunteering,GPA,GradeClass,Gender_Label,Ethnicity_Label,ParentalEducation_Label,ParentalSupport_Label,GradeClass_Label,Total_Activities,Support_Score,Engagement_Score,At_Risk,GPA_Normalized,StudyTimeWeekly_Normalized,Absences_Normalized
1001,17,1,0,2,19.833722807854713,7,1,2,0,0,1,0,2.929195591667681,2.0,Male,Caucasian,Some College,Moderate,C,1,4,9.958430701963678,0,0.7322988979169203,0.9927731432791096,0.2413793103448275
1002,18,0,0,1,15.40875605584674,0,0,1,0,0,0,0,3.042914833436377,1.0,Female,Caucasian,High School,Low,D,0,2,3.852189013961685,0,0.7607287083590942,0.7712704924672595,0.0
1003,15,0,2,3,4.21056976881226,26,0,2,0,0,0,0,0.1126022544661815,4.0,Female,Asian,Bachelor,Moderate,A,0,5,1.052642442203065,1,0.0281505636165453,0.2107175921008397,0.896551724137931
1004,17,1,0,3,10.028829473958217,14,0,3,1,0,0,0,2.0542181397029484,3.0,Male,Caucasian,Bachelor,High,B,1,6,4.507207368489555,0,0.5135545349257371,0.5019649663815133,0.4827586206896551
1005,17,1,0,2,4.6724952729713305,17,1,3,0,0,0,0,1.2880611817953875,4.0,Male,Caucasian,Some College,High,A,0,5,4.168123818242833,1,0.3220152954488469,0.2338404152502802,0.5862068965517241
1006,18,0,0,1,8.191218545250186,0,0,1,1,0,0,0,3.0841836144863937,1.0,Female,Caucasian,High School,Low,D,1,2,4.047804636312547,0,0.7710459036215984,0.4099788081386409,0.0
1007,15,0,1,1,15.601680474699297,10,0,3,0,1,0,0,2.748237414891583,2.0,Female,African American,High School,High,C,1,4,5.900420118674824,0,0.6870593537228957,0.7809278012284577,0.3448275862068966
1008,15,1,1,4,15.424496305808074,22,1,1,1,0,0,0,1.360142712316461,4.0,Male,African American,Higher,Low,A,1,5,8.85612407645202,1,0.3400356780791152,0.772058409594387,0.7586206896551724
1009,17,0,0,0,4.562007558047703,1,0,2,0,1,0,1,2.896819189513569,2.0,Female,Caucasian,,Moderate,C,2,2,5.140501889511926,0,0.7242047973783923,0.2283096795161367,0.0344827586206896
1010,16,1,0,1,18.4444663630972,0,0,3,1,0,0,0,3.5734742103297656,0.0,Male,Caucasian,High School,High,F,1,4,6.6111165907743,0,0.8933685525824414,0.923230477216908,0.0
1011,17,0,0,1,11.851363655296536,11,0,1,0,0,0,0,2.1471716250185144,3.0,Female,Caucasian,High School,Low,B,0,2,2.962840913824134,0,0.5367929062546286,0.5931964207598885,0.3793103448275862
1012,17,0,0,1,7.59848581924029,15,0,2,0,0,0,1,1.5595945190402771,4.0,Female,Caucasian,High School,Moderate,A,1,3,3.899621454810073,1,0.3898986297600693,0.3803081060990046,0.5172413793103449
1013,17,0,1,1,10.038711615617212,21,0,3,1,0,0,0,1.520077814874808,4.0,Female,African American,High School,High,A,1,4,4.5096779039043025,1,0.380019453718702,0.5024596414143081,0.7241379310344828
1014,17,0,1,2,12.101425068754876,21,0,4,0,1,0,0,1.7515809583340785,4.0,Female,African American,Some College,Very High,A,1,6,5.0253562671887195,1,0.4378952395835196,0.6057138630483861,0.7241379310344828
1015,18,1,0,1,11.197810636915708,9,1,2,0,0,0,0,2.396788117124796,3.0,Male,Caucasian,High School,Moderate,B,0,3,5.799452659228927,0,0.599197029281199,0.5604812086169391,0.3103448275862069
1016,15,0,0,2,9.728100710723565,17,1,0,0,1,0,0,1.3415207165346672,4.0,Female,Caucasian,Some College,,A,1,2,7.432025177680892,1,0.3353801791336668,0.4869112446328432,0.5862068965517241
1017,18,0,3,1,10.098656081788002,14,0,2,1,1,0,0,2.232175277715976,3.0,Female,Other,High School,Moderate,B,2,3,6.524664020447,0,0.558043819428994,0.5054603098718295,0.4827586206896551
1018,18,1,0,0,3.5282382085577235,16,1,2,0,0,0,0,1.3844041756940335,4.0,Male,Caucasian,,Moderate,A,0,2,3.882059552139431,1,0.3461010439235084,0.1765617988939458,0.5517241379310345
1019,18,0,1,3,16.25465808609359,29,0,2,1,0,0,1,0.4695533233798704,4.0,Female,African American,Bachelor,Moderate,A,2,5,8.063664521523396,1,0.1173883308449676,0.8136142099520921,1.0
1020,17,0,0,1,10.835206398820308,9,0,2,0,0,1,0,2.3957840945306996,3.0,Female,Caucasian,High School,Moderate,B,1,3,4.708801599705077,0,0.5989460236326749,0.5423301569966539,0.3103448275862069
1021,16,1,0,3,2.621597234094062,2,0,3,0,0,0,1,2.778411299920653,2.0,Male,Caucasian,Bachelor,High,C,1,6,2.6553993085235152,0,0.6946028249801632,0.1311776433887752,0.0689655172413793
1022,15,0,0,2,15.32314203165556,25,0,1,1,0,0,0,0.3468940367050148,4.0,Female,Caucasian,Some College,Low,A,1,3,5.83078550791389,1,0.0867235091762537,0.7669848708190493,0.8620689655172413
1023,16,1,1,0,18.648879567547016,29,1,1,0,0,0,0,0.3125462305253549,4.0,Male,African American,,Low,A,0,1,7.662219891886754,1,0.0781365576313387,0.9334628855454072,1.0
1024,18,1,3,4,18.94613798473924,20,0,2,1,0,0,0,1.7701318767799732,4.0,Male,Other,Higher,Moderate,A,1,6,6.73653449618481,1,0.4425329691949933,0.9483428905430344,0.6896551724137931
1025,18,1,0,1,7.380354648223455,15,0,2,0,0,0,0,1.5051556220362858,4.0,Male,Caucasian,High School,Moderate,A,0,3,1.8450886620558635,1,0.3762889055090714,0.3693890110384605,0.5172413793103449
1026,16,1,0,3,2.7103374712150807,5,0,4,0,0,1,0,2.977851918315743,2.0,Male,Caucasian,Bachelor,Very High,C,1,7,2.67758436780377,0,0.7444629795789357,0.1356197553542624,0.1724137931034483
1027,16,0,0,1,10.367992532661304,2,0,2,0,1,0,0,2.948717671911921,2.0,Female,Caucasian,High School,Moderate,C,1,3,4.591998133165326,0,0.7371794179779803,0.5189426118126566,0.0689655172413793
1028,16,1,0,3,2.2521845869844137,8,0,3,0,0,1,0,2.1452047204671914,3.0,Male,Caucasian,Bachelor,High,B,1,6,2.563046146746103,0,0.5363011801167978,0.1126857800225525,0.2758620689655172
1029,18,0,0,0,18.679748370252344,10,0,3,1,0,0,0,2.854803928981318,2.0,Female,Caucasian,,High,C,1,3,6.669937092563086,0,0.7137009822453295,0.9350080997831224,0.3448275862068966
1030,18,0,0,2,3.67159254710292,20,0,3,1,0,0,0,1.519441725815139,4.0,Female,Caucasian,Some College,High,A,1,5,2.91789813677573,1,0.3798604314537847,0.1837377547310674,0.6896551724137931
1031,15,0,2,2,5.055317199023282,12,1,0,0,1,0,0,1.727120309522409,4.0,Female,Asian,Some College,,A,1,2,6.2638292997558205,1,0.4317800773806022,0.2530035132263105,0.4137931034482758
1032,15,0,0,3,8.132730537699409,17,0,4,0,0,0,1,1.8475354711387904,4.0,Female,Caucasian,Bachelor,Very High,A,1,7,4.033182634424852,1,0.4618838677846976,0.407051046318211,0.5862068965517241
1033,18,0,0,3,7.663289371182516,25,0,1,0,1,0,0,0.3846169728564877,4.0,Female,Caucasian,Bachelor,Low,A,1,4,3.9158223427956287,1,0.0961542432141219,0.3835520081081469,0.8620689655172413
1034,16,0,3,3,15.89325784795778,21,0,0,1,1,0,0,0.94940609779728,4.0,Female,Other,Bachelor,,A,2,3,7.973314461989445,1,0.23735152444932,0.7955234275264864,0.7241379310344828
1035,16,0,0,3,9.126336411019247,27,1,2,1,1,0,0,1.1409594184203395,4.0,Female,Caucasian,Bachelor,Moderate,A,2,5,9.281584102754811,1,0.2852398546050849,0.4567884448427753,0.9310344827586208
1036,15,0,3,1,3.415365200066738,23,0,1,0,0,0,0,0.2614722600507521,4.0,Female,Other,High School,Low,A,0,2,0.8538413000166845,1,0.065368065012688,0.1709116613930219,0.7931034482758621
1037,18,0,0,1,5.344197909721482,26,1,1,0,0,0,0,0.2182848568210317,4.0,Female,Caucasian,High School,Low,A,0,2,4.33604947743037,1,0.0545712142052579,0.2674641514128067,0.896551724137931
1038,15,0,2,1,10.18226770375044,21,1,1,0,1,0,0,1.0677635510419796,4.0,Female,Asian,High School,Low,A,1,2,7.54556692593761,1,0.2669408877604949,0.509645696325853,0.7241379310344828
1039,15,1,1,1,2.949078348522698,3,1,1,1,1,0,0,3.0189058584279675,1.0,Male,African American,High School,Low,D,2,2,7.737269587130674,0,0.7547264646069919,0.1475705202174757,0.1034482758620689
1040,17,1,2,1,12.233113512920282,21,1,3,1,1,0,0,1.5268678317927231,4.0,Male,Asian,High School,High,A,2,4,10.05827837823007,1,0.3817169579481808,0.612305853700223,0.7241379310344828
1041,17,1,3,2,11.314946131022918,23,1,1,0,0,0,0,1.0582873996898603,4.0,Male,Other,Some College,Low,A,0,3,5.8287365327557294,1,0.2645718499224651,0.5663447153737139,0.7931034482758621
1042,17,0,0,1,14.294046327645152,7,0,2,0,0,0,0,2.625128097732231,2.0,Female,Caucasian,High School,Moderate,C,0,3,3.573511581911288,0,0.6562820244330577,0.7154709410761978,0.2413793103448275
1043,16,1,3,2,18.754092307587353,12,1,4,0,0,0,0,2.8087548220286536,2.0,Male,Other,Some College,Very High,C,0,6,7.688523076896838,0,0.7021887055071634,0.938729569370215,0.4137931034482758
1044,18,1,0,1,18.245091222023113,9,0,2,0,1,0,0,2.8888916692724433,2.0,Male,Caucasian,High School,Moderate,C,1,3,6.561272805505778,0,0.7222229173181108,0.9132502616065066,0.3103448275862069
1045,18,1,0,1,18.921512361376628,1,1,3,1,1,0,0,4.0,0.0,Male,Caucasian,High School,High,F,2,4,11.730378090344155,0,1.0,0.947110194082606,0.0344827586206896
1046,18,0,0,2,4.894311940474019,7,0,4,0,0,1,0,2.515300272256249,2.0,Female,Caucasian,Some College,Very High,C,1,6,3.2235779851185047,0,0.6288250680640622,0.2449439969492389,0.2413793103448275
1047,18,0,1,2,2.6313061327870924,5,0,1,1,0,0,0,2.5637654300150947,2.0,Female,African American,Some College,Low,C,1,3,2.657826533196773,0,0.6409413575037737,0.1316636463165924,0.1724137931034483
1048,17,0,0,2,6.04553400992897,15,0,2,0,0,0,0,1.7036118032323682,4.0,Female,Caucasian,Some College,Moderate,A,0,4,1.5113835024822424,1,0.425902950808092,0.3025712638528063,0.5172413793103449
1049,16,0,1,2,17.90170345532629,17,0,3,0,0,1,0,2.0998851567205854,3.0,Female,African American,Some College,High,B,1,5,6.475425863831573,0,0.5249712891801463,0.8960611379718054,0.5862068965517241
1050,16,1,1,1,19.441069492469765,16,0,4,1,0,0,0,2.4610469629080955,3.0,Male,African American,High School,Very High,B,1,5,6.860267373117441,0,0.6152617407270239,0.9731179108034396,0.5517241379310345
1051,17,1,2,2,17.18649902140952,5,0,3,0,0,0,0,2.935477191694632,2.0,Male,Asian,Some College,High,C,0,5,4.29662475535238,0,0.733869297923658,0.8602598118006958,0.1724137931034483
1052,16,1,2,0,2.200354422550872,12,1,1,1,0,1,0,1.9863780592187463,4.0,Male,Asian,,Low,A,2,1,7.550088605637718,1,0.4965945148046866,0.1100912929998344,0.4137931034482758
1053,17,1,0,1,18.948559961195865,22,0,4,0,0,1,0,1.5715441913992825,4.0,Male,Caucasian,High School,Very High,A,1,5,6.737139990298966,1,0.3928860478498206,0.9484641285625296,0.7586206896551724
1054,18,0,0,2,8.46716054701572,13,0,1,0,1,0,0,1.6643106896610833,4.0,Female,Caucasian,Some College,Low,A,1,3,4.11679013675393,1,0.4160776724152708,0.4237917672605728,0.4482758620689655
1055,17,0,0,0,0.1862058152470735,29,1,2,1,1,0,0,0.7562591665741925,4.0,Female,Caucasian,,Moderate,A,2,2,7.046551453811769,1,0.1890647916435481,0.0092681047929768,1.0
1056,18,0,0,1,8.847874814963872,25,0,2,0,1,0,0,0.8027695392342074,4.0,Female,Caucasian,High School,Moderate,A,1,3,4.211968703740968,1,0.2006923848085518,0.4428493611993615,0.8620689655172413
1057,18,1,0,4,0.9213833935093518,20,0,2,0,1,1,0,1.3423871779577343,4.0,Male,Caucasian,Higher,Moderate,A,2,6,4.230345848377338,1,0.3355967944894336,0.0460692360847849,0.6896551724137931
1058,15,0,0,4,10.87755842322235,29,0,3,1,0,0,0,0.2865712882866222,4.0,Female,Caucasian,Higher,High,A,1,7,4.7193896058055875,1,0.0716428220716555,0.5444501922868723,1.0
1059,17,0,0,1,6.771080548741026,9,1,3,0,1,0,0,2.61383869367367,2.0,Female,Caucasian,High School,High,C,1,4,6.692770137185256,0,0.6534596734184175,0.3388902896536908,0.3103448275862069
1060,15,1,3,0,9.468698671880976,23,0,3,0,1,0,0,0.9290125546259368,4.0,Male,Other,,High,A,1,3,4.367174667970244,1,0.2322531386564842,0.4739262342474977,0.7931034482758621
1061,17,1,1,1,12.26340721486234,10,0,0,1,0,1,0,1.8927586959265916,4.0,Male,African American,High School,,A,2,1,7.065851803715585,0,0.4731896739816479,0.6138222798473856,0.3448275862068966
1062,17,0,0,1,17.376021916356407,12,0,2,0,0,1,0,2.331261549308754,3.0,Female,Caucasian,High School,Moderate,B,1,3,6.344005479089102,0,0.5828153873271885,0.8697468488730583,0.4137931034482758
1063,15,0,1,3,13.238031529438572,11,0,3,0,1,0,0,2.234238472600233,3.0,Female,African American,Bachelor,High,B,1,6,5.309507882359643,0,0.5585596181500583,0.6626095095200955,0.3793103448275862
1064,15,0,0,1,8.680977369563614,8,0,2,0,1,0,0,2.3858282190764624,3.0,Female,Caucasian,High School,Moderate,B,1,3,4.1702443423909035,0,0.5964570547691156,0.4344948969419504,0.2758620689655172
1065,17,0,0,2,16.388557073407302,3,1,4,0,0,0,0,3.3473567435078095,1.0,Female,Caucasian,Some College,Very High,D,0,6,7.0971392683518255,0,0.8368391858769524,0.8203168548064407,0.1034482758620689
1066,16,0,1,1,18.111642751462643,6,1,3,1,0,0,0,3.2618553073332905,1.0,Female,African American,High School,High,D,1,4,9.52791068786566,0,0.8154638268333226,0.906570168482074,0.2068965517241379
1067,18,0,0,4,2.3951993286439444,23,0,3,0,1,0,0,1.0396238791477144,4.0,Female,Caucasian,Higher,High,A,1,7,2.598799832160986,1,0.2599059697869286,0.1198447364979617,0.7931034482758621
1068,15,1,0,1,10.638659551055827,28,0,0,0,1,0,0,0.0278186247324679,4.0,Male,Caucasian,High School,,A,1,1,4.659664887763957,1,0.0069546561831169,0.5324915186003789,0.9655172413793104
1069,18,1,3,2,5.690239194848883,21,1,3,0,0,1,0,1.3299645378768772,4.0,Male,Other,Some College,High,A,1,5,6.4225597987122205,1,0.3324911344692193,0.2847861034729609,0.7241379310344828
1070,16,1,2,1,0.941223957538948,1,0,4,0,0,1,0,3.2839165218973836,1.0,Male,Asian,High School,Very High,D,1,5,2.235305989384737,0,0.8209791304743459,0.0470624045699862,0.0344827586206896
1071,16,0,1,2,13.370933902279706,6,0,2,1,0,0,0,2.937454182316864,2.0,Female,African American,Some College,Moderate,C,1,4,5.3427334755699265,0,0.734363545579216,0.6692622663730452,0.2068965517241379
1072,16,1,1,1,17.255415549184512,28,0,3,0,0,1,1,0.7388682028052602,4.0,Male,African American,High School,High,A,2,4,8.313853887296128,1,0.184717050701315,0.8637095989838384,0.9655172413793104
1073,15,0,1,1,3.258053089547881,8,0,2,1,1,0,0,2.556801662833417,2.0,Female,African American,High School,Moderate,C,2,3,4.814513272386971,0,0.6392004157083543,0.1630370147713447,0.2758620689655172
1074,16,0,0,3,16.24827315247801,4,1,2,0,0,0,0,3.300928568970799,1.0,Female,Caucasian,Bachelor,Moderate,D,0,5,7.0620682881195025,0,0.8252321422426997,0.8132945963142119,0.1379310344827586
1075,15,1,0,3,17.067914670738833,14,0,3,1,0,1,0,2.200682946560561,3.0,Male,Caucasian,Bachelor,High,B,2,6,8.266978667684707,0,0.5501707366401403,0.8543237789465642,0.4827586206896551
1076,16,0,0,3,18.28680885332967,17,0,3,0,1,0,0,1.8558655731681937,4.0,Female,Caucasian,Bachelor,High,A,1,6,6.571702213332418,1,0.4639663932920484,0.9153385407818928,0.5862068965517241
1077,18,0,0,2,5.305701781721048,3,0,3,0,0,0,0,2.7344014944199917,2.0,Female,Caucasian,Some College,High,C,0,5,1.326425445430262,0,0.6836003736049979,0.2655371325500731,0.1034482758620689
1078,18,1,1,3,18.079061303797783,18,1,1,1,1,0,0,2.1317372971872284,3.0,Male,African American,Bachelor,Low,B,2,4,11.519765325949448,0,0.5329343242968071,0.904939223566662,0.6206896551724138
1079,17,1,0,0,6.413255094728645,19,0,1,0,0,0,0,0.9797699107752862,4.0,Male,Caucasian,,Low,A,0,1,1.6033137736821612,1,0.2449424776938215,0.3209784518854793,0.6551724137931034
1080,18,1,3,1,11.046760269110056,25,0,3,0,1,0,0,0.994325023551287,4.0,Male,Other,High School,High,A,1,4,4.761690067277514,1,0.2485812558878217,0.5529200090079535,0.8620689655172413
1081,17,0,3,1,1.0101494166456426,6,0,1,0,1,0,0,2.0746999767813343,3.0,Female,Other,High School,Low,B,1,2,2.2525373541614107,0,0.5186749941953336,0.0505126388330185,0.2068965517241379
1082,18,1,2,2,0.8776217673748721,25,0,2,0,0,0,0,0.500508035804656,4.0,Male,Asian,Some College,Moderate,A,0,4,0.219405441843718,1,0.125127008951164,0.0438786396948288,0.8620689655172413
1083,15,1,1,1,14.407464254644058,7,0,0,1,1,0,0,2.532438417587673,2.0,Male,African American,High School,,C,2,1,7.6018660636610145,0,0.6331096043969182,0.7211483558202617,0.2413793103448275
1084,18,0,2,1,8.88959955955582,16,0,1,0,1,0,0,1.4633780357856976,4.0,Female,Asian,High School,Low,A,1,2,4.222399889888955,1,0.3658445089464244,0.4449379964478343,0.5517241379310345
1085,17,1,0,2,5.125847507384352,12,0,3,1,1,0,0,2.342836773191855,3.0,Male,Caucasian,Some College,High,B,2,5,5.2814618768460875,0,0.5857091932979638,0.2565340821865101,0.4137931034482758
1086,17,1,2,3,3.808269920498204,23,0,3,0,0,0,0,1.1588463344506037,4.0,Male,Asian,Bachelor,High,A,0,6,0.952067480124551,1,0.2897115836126509,0.1905794785698552,0.7931034482758621
1087,16,1,0,1,13.399069817184362,20,1,1,1,0,1,1,1.5237487447337323,4.0,Male,Caucasian,High School,Low,A,3,2,12.34976745429609,1,0.3809371861834331,0.6706706791552587,0.6896551724137931
1088,15,0,2,1,0.0080308805067974,27,0,1,0,0,1,0,0.0,4.0,Female,Asian,High School,Low,A,1,2,2.0020077201266995,1,0.0,0.0003491179248178,0.9310344827586208
1089,18,0,0,1,16.117823383937086,22,0,0,1,0,1,0,1.0586220144439875,4.0,Female,Caucasian,High School,,A,2,1,8.029455845984272,1,0.2646555036109969,0.8067646106331907,0.7586206896551724
1090,16,0,2,1,1.5849921225985764,10,0,2,0,0,1,1,2.2297401841747666,3.0,Female,Asian,High School,Moderate,B,2,3,4.3962480306496445,0,0.5574350460436917,0.0792878116884195,0.3448275862068966
1091,18,0,3,1,3.829792298162389,26,0,1,0,0,0,1,0.1947432807455151,4.0,Female,Other,High School,Low,A,1,2,2.957448074540597,1,0.0486858201863787,0.1916568343945577,0.896551724137931
1092,18,1,0,2,7.724727905981792,0,0,2,1,1,0,0,3.5069200713692137,0.0,Male,Caucasian,Some College,Moderate,F,2,4,5.9311819764954485,0,0.8767300178423034,0.3866274658647188,0.0
1093,16,0,0,2,9.697174794322072,1,1,3,0,0,0,0,3.552286943350944,0.0,Female,Caucasian,Some College,High,F,0,5,5.424293698580518,0,0.888071735837736,0.4853631714278619,0.0344827586206896
1094,16,0,3,2,7.099902316278836,16,1,3,0,1,0,0,2.23849135429023,3.0,Female,Other,Some College,High,B,1,5,6.774975579069709,0,0.5596228385725575,0.3553502761883267,0.5517241379310345
1095,16,1,0,1,6.414243299685878,4,0,1,1,1,0,0,2.7084723438568763,2.0,Male,Caucasian,High School,Low,C,2,2,5.60356082492147,0,0.6771180859642191,0.3210279189277962,0.1379310344827586
1096,16,1,2,3,19.278320241463767,29,0,3,0,0,0,1,0.7329082339013866,4.0,Male,Asian,Bachelor,High,A,1,6,6.819580060365942,1,0.1832270584753466,0.9649710946721968,1.0
1097,16,1,1,1,12.831593624867883,29,0,4,0,0,1,0,0.9654824453045304,4.0,Male,African American,High School,Very High,A,1,5,5.207898406216971,1,0.2413706113261326,0.6422642553524864,1.0
1098,18,0,0,2,0.4686591073477641,5,0,2,0,1,0,0,2.5552328599380942,2.0,Female,Caucasian,Some College,Moderate,C,1,4,2.117164776836941,0,0.6388082149845236,0.0234070026507847,0.1724137931034483
1099,16,0,0,3,8.603518168886264,25,0,2,1,0,1,1,0.7443222999212357,4.0,Female,Caucasian,Bachelor,Moderate,A,3,5,8.150879542221567,1,0.1860805749803089,0.430617485146254,0.8620689655172413
1100,15,0,0,1,17.500173994879404,24,0,2,0,0,0,0,0.7220565813951911,4.0,Female,Caucasian,High School,Moderate,A,0,3,4.375043498719851,1,0.1805141453487977,0.8759615881101759,0.8275862068965517
1101,17,1,2,1,6.029123728213359,23,1,1,1,1,0,1,1.2712295298373406,4.0,Male,Asian,High School,Low,A,3,2,10.50728093205334,1,0.3178073824593351,0.3017498066296696,0.7931034482758621
1102,16,1,0,3,1.8911268954877647,6,0,3,1,0,1,1,2.52614214142023,2.0,Male,Caucasian,Bachelor,High,C,3,6,6.472781723871941,0,0.6315355353550575,0.094612144615863,0.2068965517241379
1103,16,0,1,1,15.167695431798355,27,0,3,1,1,0,0,0.9424153953595232,4.0,Female,African American,High School,High,A,2,4,7.791923857949589,1,0.2356038488398808,0.7592036069457252,0.9310344827586208
1104,18,1,0,2,12.120276638721624,20,1,2,0,1,0,0,1.515639098395023,4.0,Male,Caucasian,Some College,Moderate,A,1,4,8.030069159680405,1,0.3789097745987557,0.606657524990638,0.6896551724137931
1105,16,1,1,0,11.406250156530078,29,0,3,1,0,0,0,0.6482739267081915,4.0,Male,African American,,High,A,1,3,4.8515625391325194,1,0.1620684816770478,0.5709151641054363,1.0
1106,16,1,2,2,1.0715311921481585,14,0,3,0,1,1,1,2.0488500821388604,3.0,Male,Asian,Some College,High,B,3,5,6.267882798037039,0,0.5122125205347151,0.0535852553626625,0.4827586206896551
1107,16,0,3,1,2.8099801959103465,18,0,0,1,0,0,1,0.8422959992571388,4.0,Female,Other,High School,,A,2,1,4.702495048977586,1,0.2105739998142847,0.1406076182899785,0.6206896551724138
1108,18,1,0,0,12.450987924262275,15,0,1,0,1,0,0,1.4641879236906472,4.0,Male,Caucasian,,Low,A,1,1,5.112746981065569,1,0.3660469809226618,0.6232120960204446,0.5172413793103449
1109,16,1,2,2,4.156476829176716,24,1,3,1,1,0,0,1.487946865169799,4.0,Male,Asian,Some College,High,A,2,5,8.03911920729418,1,0.3719867162924497,0.2080098362710268,0.8275862068965517
1110,17,0,2,1,10.081401594968488,12,1,4,0,0,0,0,2.587565796370635,2.0,Female,Asian,High School,Very High,C,0,5,5.5203503987421225,0,0.6468914490926587,0.5045965938750515,0.4137931034482758
1111,18,0,1,1,10.89763372058787,4,1,3,0,0,0,0,3.2208069781948727,1.0,Female,African American,High School,High,D,0,4,5.724408430146967,0,0.8052017445487182,0.5454551109295448,0.1379310344827586
1112,17,1,3,0,5.670143805418788,2,1,4,0,0,1,0,3.5451594318003106,0.0,Male,Other,,Very High,F,1,4,6.417535951354697,0,0.8862898579500776,0.2837801790723216,0.0689655172413793
1113,18,1,0,1,18.968503110829857,2,0,2,0,0,0,0,3.0895989530746473,1.0,Male,Caucasian,High School,Moderate,D,0,3,4.742125777707464,0,0.7723997382686618,0.949462432223786,0.0689655172413793
1114,16,0,0,1,16.8492821367115,18,1,1,0,1,1,0,1.9199564399182076,4.0,Female,Caucasian,High School,Low,A,2,2,11.212320534177875,1,0.4799891099795519,0.8433795869209878,0.6206896551724138
1115,17,0,2,0,14.44747015265597,13,1,2,0,0,0,0,2.1985931845869615,3.0,Female,Asian,,Moderate,B,0,2,6.611867538163993,0,0.5496482961467404,0.7231509499535907,0.4482758620689655
1116,18,1,0,3,1.5598773281881817,15,0,0,0,0,0,1,0.8782126167627767,4.0,Male,Caucasian,Bachelor,,A,1,3,2.3899693320470456,1,0.2195531541906941,0.0780306285617954,0.5172413793103449
1117,15,1,2,0,2.122600386180389,21,0,3,1,0,1,0,1.340368647512407,4.0,Male,Asian,,High,A,2,3,4.530650096545097,1,0.3350921618781017,0.106199122474583,0.7241379310344828
1118,16,1,2,2,9.855626917299114,16,0,4,0,0,0,0,1.8195113357139092,4.0,Male,Asian,Some College,Very High,A,0,6,2.4639067293247785,1,0.4548778339284773,0.4932948841916366,0.5517241379310345
1119,18,1,0,1,3.2142669838197135,26,0,3,0,1,0,0,0.6193509314675341,4.0,Male,Caucasian,High School,High,A,1,4,2.8035667459549285,1,0.1548377328668835,0.1608451929948046,0.896551724137931
1120,15,0,2,1,19.56530927058948,3,0,2,1,0,1,1,3.619460869693516,0.0,Female,Asian,High School,Moderate,F,3,3,10.89132731764737,0,0.904865217423379,0.9793370400606944,0.1034482758620689
1121,18,1,0,3,3.170404680548189,12,1,1,1,1,0,0,2.1749027962098797,3.0,Male,Caucasian,Bachelor,Low,B,2,4,7.792601170137047,0,0.5437256990524699,0.1586495569618452,0.4137931034482758
1122,15,1,1,1,9.74935670927948,7,1,1,0,1,1,0,2.9744060149110436,2.0,Male,African American,High School,Low,C,2,2,9.43733917731987,0,0.7436015037277609,0.4879752661927004,0.2413793103448275
1123,16,0,1,4,7.282421136830108,18,0,2,0,0,0,0,0.9807358437488028,4.0,Female,African American,Higher,Moderate,A,0,6,1.820605284207527,1,0.2451839609372007,0.3644867070003352,0.6206896551724138
1124,17,1,3,1,12.78772842908196,4,0,3,0,0,0,0,3.101673809015105,1.0,Male,Other,High School,High,D,0,4,3.1969321072704906,0,0.7754184522537763,0.6400684745275675,0.1379310344827586
1125,15,0,0,2,2.5807281777884983,1,1,2,1,0,1,0,3.4982573417733205,1.0,Female,Caucasian,Some College,Moderate,D,2,4,7.645182044447124,0,0.8745643354433301,0.1291318417330332,0.0344827586206896
1126,18,1,0,2,8.606328560847817,14,0,4,1,0,0,0,2.590553445052984,2.0,Male,Caucasian,Some College,Very High,C,1,6,4.151582140211954,0,0.647638361263246,0.4307581662641453,0.4827586206896551
1127,16,1,1,3,5.494100656142873,1,0,3,1,0,0,0,3.5350037581843186,0.0,Male,African American,Bachelor,High,F,1,6,3.3735251640357182,0,0.8837509395460796,0.2749679039960883,0.0344827586206896
1128,15,0,2,2,17.75503049343376,10,1,1,0,1,0,0,2.8199217452931866,2.0,Female,Asian,Some College,Low,C,1,3,9.43875762335844,0,0.7049804363232967,0.8887190602382545,0.3448275862068966
1129,18,0,1,2,0.8117142426939017,12,1,1,1,1,0,0,2.0165967745176614,3.0,Female,African American,Some College,Low,B,2,3,7.202928560673476,0,0.5041491936294153,0.0405794756008483,0.4137931034482758
1130,18,1,0,1,18.274549880129182,22,1,3,0,0,0,0,1.3711850388917164,4.0,Male,Caucasian,High School,High,A,0,4,7.568637470032296,1,0.3427962597229291,0.9147248875699432,0.7586206896551724
1131,18,1,0,1,16.65988277106001,9,0,1,0,0,0,0,2.1047955879699045,3.0,Male,Caucasian,High School,Low,B,0,2,4.164970692765002,0,0.5261988969924761,0.8338987334129132,0.3103448275862069
1132,15,1,0,3,5.951414328816309,2,0,3,0,0,0,0,3.030439088696523,1.0,Male,Caucasian,Bachelor,High,D,0,6,1.4878535822040773,0,0.7576097721741307,0.2978598705184813,0.0689655172413793
1133,15,0,2,1,15.785813093542094,4,1,2,0,1,0,0,3.5824218723119596,0.0,Female,Asian,High School,Moderate,F,1,3,8.946453273385524,0,0.8956054680779899,0.7901450147038132,0.1379310344827586
1134,15,1,0,1,0.6242712067749512,2,0,1,1,0,0,0,2.4265467060392454,3.0,Male,Caucasian,High School,Low,B,1,2,2.156067801693738,0,0.6066366765098113,0.0311965510142561,0.0689655172413793
1135,17,0,0,2,19.33731100586787,5,1,2,1,0,0,0,3.161436270258364,1.0,Female,Caucasian,Some College,Moderate,D,1,4,9.834327751466969,0,0.790359067564591,0.9679240232299078,0.1724137931034483
1136,15,0,3,1,10.531898851795788,12,0,2,1,0,0,0,2.122638529628868,3.0,Female,Other,High School,Moderate,B,1,3,4.632974712948947,0,0.530659632407217,0.5271473478497412,0.4137931034482758
1137,15,1,0,4,6.065620521308905,9,0,3,0,1,0,0,2.204860580997317,3.0,Male,Caucasian,Higher,High,B,1,7,3.516405130327226,0,0.5512151452493292,0.3035767438406953,0.3103448275862069
1138,15,0,3,2,7.251664251893541,18,0,0,1,0,1,1,1.182987500498048,4.0,Female,Other,Some College,,A,3,2,7.812916062973385,1,0.295746875124512,0.3629470950832348,0.6206896551724138
1139,17,1,1,2,1.3281070692099473,7,0,3,1,0,0,0,2.7387957163435996,2.0,Male,African American,Some College,High,C,1,5,2.332026767302487,0,0.6846989290858999,0.0664287952328259,0.2413793103448275
1140,15,1,2,3,19.786990280840783,17,1,3,0,0,0,0,2.2379013009826028,3.0,Male,Asian,Bachelor,High,B,0,6,7.946747570210196,0,0.5594753252456507,0.9904338311005436,0.5862068965517241
1141,18,1,0,0,0.7858389030138491,2,0,3,1,0,0,0,3.1394815463803876,1.0,Male,Caucasian,,High,D,1,3,2.196459725753462,0,0.7848703865950969,0.0392842215004219,0.0689655172413793
1142,15,1,0,1,13.09814246295718,23,1,0,1,1,0,0,1.0460447710800969,4.0,Male,Caucasian,High School,,A,2,1,10.274535615739294,1,0.2615111927700242,0.6556070164434722,0.7931034482758621
1143,18,1,2,2,8.854718554129166,23,1,3,0,0,0,0,0.8164582452137992,4.0,Male,Asian,Some College,High,A,0,5,5.213679638532291,1,0.2041145613034498,0.4431919414833579,0.7931034482758621
1144,18,0,2,1,18.978324363774306,16,0,2,1,0,1,0,2.03354462052118,3.0,Female,Asian,High School,Moderate,B,2,3,8.744581090943576,0,0.508386155130295,0.9499540593214364,0.5517241379310345
1145,18,0,2,2,4.919994806135904,7,1,2,1,1,0,0,2.4320785227822372,3.0,Female,Asian,Some College,Moderate,B,2,4,8.229998701533976,0,0.6080196306955593,0.2462296162868239,0.2413793103448275
1146,17,1,0,3,10.641736478760226,9,0,3,1,0,0,0,2.6597713195279016,2.0,Male,Caucasian,Bachelor,High,C,1,6,4.6604341196900565,0,0.6649428298819754,0.5326455418238464,0.3103448275862069
1147,17,1,2,2,9.64712417165506,1,1,2,1,0,0,1,3.5888879397650117,0.0,Male,Asian,Some College,Moderate,F,2,4,9.411781042913764,0,0.8972219849412529,0.4828577637679069,0.0344827586206896
1148,17,0,2,1,14.057328881002029,11,0,3,0,1,0,0,2.3145876278110027,3.0,Female,Asian,High School,High,B,1,4,5.514332220250507,0,0.5786469069527507,0.7036214640375125,0.3793103448275862
1149,15,0,1,4,1.3602046390484102,22,0,1,1,1,0,1,1.00722582021403,4.0,Female,African American,Higher,Low,A,3,5,6.340051159762103,1,0.2518064550535075,0.068035518447325,0.7586206896551724
1150,18,0,2,2,3.875782600467097,5,0,3,1,0,0,0,2.8816123214605245,2.0,Female,Asian,Some College,High,C,1,5,2.9689456501167744,0,0.7204030803651311,0.1939589926802688,0.1724137931034483
1151,17,0,2,2,4.291296401856997,1,0,1,0,1,1,0,2.804504928911685,2.0,Female,Asian,Some College,Low,C,2,3,5.072824100464249,0,0.7011262322279213,0.2147585633019026,0.0344827586206896
1152,17,1,1,1,14.763015096833794,20,1,3,0,1,0,0,1.7629211240998668,4.0,Male,African American,High School,High,A,1,4,8.69075377420845,1,0.4407302810249667,0.7389463322700677,0.6896551724137931
1153,15,1,0,3,3.7827739265348015,22,0,4,1,0,0,1,1.11991126295732,4.0,Male,Caucasian,Bachelor,Very High,A,2,7,4.9456934816337,1,0.27997781573933,0.1893032135571488,0.7586206896551724
1154,17,0,0,2,11.469835277819534,23,0,2,0,0,0,0,1.0306575057198797,4.0,Female,Caucasian,Some College,Moderate,A,0,4,2.8674588194548836,1,0.2576643764299699,0.5740980745558745,0.7931034482758621
1155,15,1,0,2,4.304876410019074,2,0,2,1,0,0,0,3.0756193536614336,1.0,Male,Caucasian,Some College,Moderate,D,1,4,3.0762191025047683,0,0.7689048384153584,0.2154383441849073,0.0689655172413793
1156,16,0,0,3,17.232499001679567,16,1,3,1,1,0,0,2.631434065124418,2.0,Female,Caucasian,Bachelor,High,C,2,6,11.308124750419893,0,0.6578585162811045,0.8625624545408891,0.5517241379310345
1157,17,1,0,1,18.84370908979277,28,0,0,0,1,1,1,0.5030669073279145,4.0,Male,Caucasian,High School,,A,3,1,10.710927272448192,1,0.1257667268319786,0.9432155589670228,0.9655172413793104
1158,16,0,0,2,10.369859498844807,6,0,2,0,0,0,0,2.784237837142815,2.0,Female,Caucasian,Some College,Moderate,C,0,4,2.592464874711202,0,0.6960594592857038,0.5190360674207545,0.2068965517241379
1159,15,1,0,3,7.046177684183565,28,0,2,0,0,0,0,0.2476267650865634,4.0,Male,Caucasian,Bachelor,Moderate,A,0,5,1.7615444210458913,1,0.0619066912716408,0.3526609569030249,0.9655172413793104
1160,18,0,0,1,4.681155500349982,20,0,3,0,0,0,1,1.189548769618786,4.0,Female,Caucasian,High School,High,A,1,4,3.1702888750874956,1,0.2973871924046965,0.23427392434278,0.6896551724137931
1161,17,0,2,2,0.9956200304608752,4,1,3,1,0,0,1,3.3759940088028393,1.0,Female,Asian,Some College,High,D,2,5,7.248905007615218,0,0.8439985022007098,0.0497853344858989,0.1379310344827586
1162,15,1,3,3,5.370001523949908,22,1,3,0,0,0,0,1.293573556445951,4.0,Male,Other,Bachelor,High,A,0,6,4.342500380987477,1,0.3233933891114877,0.2687558151184219,0.7586206896551724
1163,18,0,0,2,13.084715598906358,0,1,3,0,0,1,1,3.7185869042869646,0.0,Female,Caucasian,Some College,High,F,2,5,10.27117889972659,0,0.9296467260717411,0.6549349015675813,0.0
1164,18,1,3,2,10.672338626184215,7,0,3,1,0,0,0,2.670559614819829,2.0,Male,Other,Some College,High,C,1,5,4.668084656546053,0,0.6676399037049573,0.5341774079721904,0.2413793103448275
1165,16,1,1,3,18.880825565618547,11,1,2,1,0,0,0,2.369648013449619,3.0,Male,African American,Bachelor,Moderate,B,1,5,9.720206391404638,0,0.5924120033624047,0.9450735159291792,0.3793103448275862
1166,15,0,0,3,7.925545249834012,13,0,2,0,1,0,0,1.6244868202221543,4.0,Female,Caucasian,Bachelor,Moderate,A,1,5,3.981386312458503,1,0.4061217050555386,0.3966798745008009,0.4482758620689655
1167,18,1,0,1,13.87726684656789,15,1,2,1,1,0,0,2.5374768278143587,2.0,Male,Caucasian,High School,Moderate,C,2,3,10.469316711641971,0,0.6343692069535897,0.6946080137286175,0.5172413793103449
1168,17,1,1,0,9.786454949502428,9,0,4,0,1,0,0,2.298417928509479,3.0,Male,African American,,Very High,B,1,4,4.446613737375607,0,0.5746044821273697,0.4898323103266724,0.3103448275862069
1169,17,1,2,2,10.251524318484233,14,0,3,1,0,0,0,2.2598041504961186,3.0,Male,Asian,Some College,High,B,1,5,4.562881079621058,0,0.5649510376240297,0.5131125074025303,0.4827586206896551
1170,16,1,2,2,5.35548629208235,20,0,2,0,1,0,0,1.3213433008698847,4.0,Male,Asian,Some College,Moderate,A,1,4,3.3388715730205876,1,0.3303358252174712,0.2680292193006446,0.6896551724137931
1171,18,1,0,2,9.099015536839994,23,0,3,0,1,0,0,0.9499742281238568,4.0,Male,Caucasian,Some College,High,A,1,5,4.274753884209998,1,0.2374935570309642,0.4554208309391329,0.7931034482758621
1172,15,0,0,2,9.415699940254145,25,0,2,1,0,0,1,0.818786616073051,4.0,Female,Caucasian,Some College,Moderate,A,2,4,6.353924985063536,1,0.2046966540182627,0.4712732517048194,0.8620689655172413
1173,17,1,0,1,14.132850434978678,14,1,3,0,0,0,0,2.3392245127535936,3.0,Male,Caucasian,High School,High,B,0,4,6.53321260874467,0,0.5848061281883984,0.7074018821370761,0.4827586206896551
1174,18,1,0,2,18.81279998372228,9,0,2,0,1,0,0,2.6827762879633723,2.0,Male,Caucasian,Some College,Moderate,C,1,4,6.70319999593057,0,0.6706940719908431,0.9416683272447208,0.3103448275862069
1175,18,1,0,1,6.586425549650086,20,1,1,1,0,0,0,1.543837471085622,4.0,Male,Caucasian,High School,Low,A,1,2,6.646606387412522,1,0.3859593677714055,0.3296469271435108,0.6896551724137931
1176,16,1,0,2,0.8440093716259689,27,0,3,1,0,0,0,0.1969011048236224,4.0,Male,Caucasian,Some College,High,A,1,5,2.211002342906492,1,0.0492252762059056,0.0421960881242118,0.9310344827586208
1177,17,1,2,2,9.925902510012794,6,0,3,0,0,0,0,2.748610257448085,2.0,Male,Asian,Some College,High,C,0,5,2.4814756275031984,0,0.6871525643620212,0.4968127027303612,0.2068965517241379
1178,17,0,3,1,10.889226642983372,25,1,2,1,0,1,0,1.1048937876999445,4.0,Female,Other,High School,Moderate,A,2,3,9.722306660745843,1,0.2762234469249861,0.5450342738748637,0.8620689655172413
1179,15,1,0,1,3.368811022638305,2,0,2,1,0,0,0,2.553439811443938,2.0,Male,Caucasian,High School,Moderate,C,1,3,2.842202755659576,0,0.6383599528609845,0.1685812769438995,0.0689655172413793
1180,17,0,3,2,15.209292125521332,1,0,3,1,0,0,1,3.2742334588098787,1.0,Female,Other,Some College,High,D,2,5,7.8023230313803325,0,0.8185583647024697,0.7612858322913658,0.0344827586206896
1181,15,0,0,2,19.698582168829834,5,1,3,0,0,0,0,3.1860603780389143,1.0,Female,Caucasian,Some College,High,D,0,5,7.924645542207458,0,0.7965150945097286,0.9860083444785684,0.1724137931034483
1182,17,0,0,1,18.915494340169214,20,0,3,1,0,0,0,1.722115750240589,4.0,Female,Caucasian,High School,High,A,1,4,6.728873585042304,1,0.4305289375601472,0.9468089471524502,0.6896551724137931
1183,16,0,0,4,3.942120776473044,8,0,2,1,1,0,0,2.3380463575903736,3.0,Female,Caucasian,Higher,Moderate,B,2,6,4.985530194118261,0,0.5845115893975934,0.1972797140910392,0.2758620689655172
1184,17,1,1,2,17.507264798015214,9,1,4,1,1,0,0,3.273998748434336,1.0,Male,African American,Some College,Very High,D,2,6,11.376816199503804,0,0.818499687108584,0.8763165357920436,0.3103448275862069
1185,15,0,3,4,14.089872728233694,3,0,3,0,0,0,0,2.993502391205279,2.0,Female,Other,Higher,High,C,0,7,3.5224681820584234,0,0.7483755978013198,0.7052505267702796,0.1034482758620689
1186,15,0,1,2,9.076931276138232,26,1,3,1,0,0,0,0.8963978990233954,4.0,Female,African American,Some College,High,A,1,5,7.269232819034558,1,0.2240994747558488,0.4543153486698163,0.896551724137931
1187,16,1,0,2,10.812219886494582,2,0,3,0,0,0,0,2.9610552588035977,2.0,Male,Caucasian,Some College,High,C,0,5,2.7030549716236454,0,0.7402638147008994,0.5411795102916233,0.0689655172413793
1188,17,1,1,3,16.99200349964916,8,0,1,1,0,0,0,2.6743510954520984,2.0,Male,African American,Bachelor,Low,C,1,4,6.24800087491229,0,0.6685877738630246,0.8505238575991407,0.2758620689655172
1189,17,1,0,2,9.602698792767464,23,0,0,1,1,0,0,1.2178731513333656,4.0,Male,Caucasian,Some College,,A,2,2,6.400674698191866,1,0.3044682878333414,0.4806339415928685,0.7931034482758621
1190,16,0,2,2,7.464147382102537,21,1,3,0,0,0,0,1.36559111032951,4.0,Female,Asian,Some College,High,A,0,5,4.866036845525635,1,0.3413977775823775,0.3735834634972426,0.7241379310344828
1191,17,1,1,1,9.864949860519715,16,0,2,0,0,0,1,1.5222748446854282,4.0,Male,African American,High School,Moderate,A,1,3,4.466237465129929,1,0.380568711171357,0.4937615671640667,0.5517241379310345
1192,17,1,0,2,11.582596080700982,13,1,3,0,0,0,0,2.2314023973705024,3.0,Male,Caucasian,Some College,High,B,0,5,5.895649020175245,0,0.5578505993426256,0.5797425953276021,0.4482758620689655
1193,15,0,1,1,3.781553075566977,9,0,2,1,0,0,0,2.135266354890094,3.0,Female,African American,High School,Moderate,B,1,3,2.9453882688917443,0,0.5338165887225235,0.1892421008435908,0.3103448275862069
1194,17,1,1,1,18.018154605339813,12,0,2,0,0,0,0,2.255698914963147,3.0,Male,African American,High School,Moderate,B,0,3,4.504538651334953,0,0.5639247287407867,0.9018903881930368,0.4137931034482758
1195,17,1,0,0,13.483738976592276,11,1,1,1,0,1,0,2.751145787611705,2.0,Male,Caucasian,,Low,C,2,1,10.37093474414807,0,0.6877864469029262,0.6749090032607119,0.3793103448275862
1196,16,1,1,0,12.665378346749778,26,0,3,1,1,0,0,0.8976341586164038,4.0,Male,African American,,High,A,2,3,7.166344586687444,1,0.2244085396541009,0.6339439386649357,0.896551724137931
1197,16,1,0,4,1.9899245236127627,0,0,1,1,0,0,1,3.117354434785501,1.0,Male,Caucasian,Higher,Low,D,2,5,4.497481130903191,0,0.7793386086963753,0.099557704153385,0.0
1198,18,0,2,1,12.083478763451836,27,0,3,1,0,1,0,1.2875951312580094,4.0,Female,Asian,High School,High,A,2,4,7.020869690862959,1,0.3218987828145023,0.6048155163670018,0.9310344827586208
1199,15,1,2,2,2.4192132447698467,21,0,2,0,0,0,0,0.5710530980330257,4.0,Male,Asian,Some College,Moderate,A,0,4,0.6048033111924617,1,0.1427632745082564,0.1210468124403057,0.7241379310344828
1200,17,1,2,3,1.573953503907981,28,0,3,1,0,0,0,0.5813557994949716,4.0,Male,Asian,Bachelor,High,A,1,6,2.3934883759769954,1,0.1453389498737429,0.0787352463385988,0.9655172413793104
1201,17,0,1,2,10.546217912847863,18,0,1,0,0,1,0,1.6434624040739565,4.0,Female,African American,Some College,Low,A,1,3,4.636554478211966,1,0.4108656010184891,0.5278641238523478,0.6206896551724138
1202,18,1,1,1,8.055710680929899,18,0,1,0,0,0,0,1.2348440407820207,4.0,Male,African American,High School,Low,A,0,2,2.0139276702324747,1,0.3087110101955052,0.4031956269680308,0.6206896551724138
1203,17,0,0,2,11.776205403124465,5,0,3,0,1,0,1,2.968093619579765,2.0,Female,Caucasian,Some College,High,C,2,5,6.944051350781116,0,0.7420234048949412,0.5894341886303601,0.1724137931034483
1204,15,1,2,2,1.784443361144772,12,0,2,1,0,0,0,2.009298479722319,3.0,Male,Asian,Some College,Moderate,B,1,4,2.446110840286193,0,0.5023246199305798,0.0892718365459263,0.4137931034482758
1205,18,0,0,2,8.619661256945168,18,0,1,1,0,0,0,1.146086034129592,4.0,Female,Caucasian,Some College,Low,A,1,3,4.154915314236292,1,0.286521508532398,0.4314255673303097,0.6206896551724138
1206,15,0,0,2,3.4957343009031594,12,1,4,0,0,0,0,2.1923631978552875,3.0,Female,Caucasian,Some College,Very High,B,0,6,3.8739335752257897,0,0.5480907994638219,0.1749347354354549,0.4137931034482758
1207,18,0,0,4,19.74200171848233,26,1,1,1,0,0,0,0.94573087329995,4.0,Female,Caucasian,Higher,Low,A,1,5,9.935500429620582,1,0.2364327183249875,0.9881818173844882,0.896551724137931
1208,18,0,0,2,11.223004248703488,25,0,2,1,0,0,0,0.5672500284902902,4.0,Female,Caucasian,Some College,Moderate,A,1,4,4.805751062175872,1,0.1418125071225725,0.5617423371422517,0.8620689655172413
1209,16,1,1,1,13.748737218817348,21,0,1,0,0,0,0,0.9707643470928292,4.0,Male,African American,High School,Low,A,0,2,3.437184304704337,1,0.2426910867732073,0.6881741454421075,0.7241379310344828
1210,15,0,0,2,6.508365613652156,20,1,2,1,0,1,1,1.6560601255004677,4.0,Female,Caucasian,Some College,Moderate,A,3,4,10.62709140341304,1,0.4140150313751169,0.3257394440561185,0.6896551724137931
1211,17,1,2,0,1.894778295586883,3,0,2,0,0,1,0,2.8393132491560324,2.0,Male,Asian,,Moderate,C,1,2,2.473694573896721,0,0.7098283122890081,0.0947949244753416,0.1034482758620689
1212,17,0,0,3,19.517417255670733,23,0,1,0,0,1,1,0.189818059909026,4.0,Female,Caucasian,Bachelor,Low,A,2,4,8.879354313917684,1,0.0474545149772565,0.9769396868483998,0.7931034482758621
1213,15,0,0,1,5.7251807076636645,1,0,3,1,0,0,0,3.25829468502287,1.0,Female,Caucasian,High School,High,D,1,4,3.431295176915916,0,0.8145736712557174,0.2865351872843451,0.0344827586206896
1214,17,0,1,1,8.476163703471485,14,1,2,0,0,0,0,1.9200558526588951,4.0,Female,African American,High School,Moderate,A,0,3,5.119040925867871,1,0.4800139631647238,0.4242424425158662,0.4827586206896551
1215,17,1,0,3,12.9972784340515,11,0,3,0,0,0,0,2.0217714943693785,3.0,Male,Caucasian,Bachelor,High,B,0,6,3.249319608512875,0,0.5054428735923446,0.6505580181060197,0.3793103448275862
1216,15,0,0,2,0.4939459537222257,29,1,1,1,0,0,0,0.1259330746249498,4.0,Female,Caucasian,Some College,Low,A,1,3,5.123486488430556,1,0.0314832686562374,0.0246727982638418,1.0
1217,18,1,2,1,16.205182610345737,26,1,2,1,0,0,0,1.2870134123902284,4.0,Male,Asian,High School,Moderate,A,1,3,9.051295652586434,1,0.3217533530975571,0.8111375926931368,0.896551724137931
1218,15,1,0,2,10.731563800572406,6,0,0,1,0,1,0,2.5914267032293132,2.0,Male,Caucasian,Some College,,C,2,2,6.6828909501431015,0,0.6478566758073283,0.537142070501197,0.2068965517241379
1219,18,1,2,3,5.564343741376443,19,1,3,0,0,0,0,1.4633796485356,4.0,Male,Asian,Bachelor,High,A,0,6,4.391085935344111,1,0.3658449121339,0.2784840952925264,0.6551724137931034
1220,17,1,0,1,1.232159705849385,17,0,3,0,0,0,0,1.465549386433812,4.0,Male,Caucasian,High School,High,A,0,4,0.3080399264623462,1,0.366387346608453,0.0616259127449228,0.5862068965517241
1221,17,1,0,3,3.2499683094888288,22,0,3,1,1,0,1,1.710466837709535,4.0,Male,Caucasian,Bachelor,High,A,3,6,6.812492077372207,1,0.4276167094273837,0.1626323111171312,0.7586206896551724
1222,17,1,2,0,17.900677177068737,12,0,2,0,1,0,1,2.288505685252231,3.0,Male,Asian,,Moderate,B,2,2,8.475169294267184,0,0.5721264213130578,0.8960097650763106,0.4137931034482758
1223,16,1,0,2,13.72048447871782,16,0,3,0,0,1,0,1.9609688486532324,4.0,Male,Caucasian,Some College,High,A,1,5,5.430121119679455,1,0.4902422121633081,0.6867598846859325,0.5517241379310345
1224,18,1,0,3,4.998034432737796,3,0,3,0,0,0,0,2.6216233262773407,2.0,Male,Caucasian,Bachelor,High,C,0,6,1.249508608184449,0,0.6554058315693352,0.2501360827371858,0.1034482758620689
1225,16,1,0,1,1.3120152989005909,24,0,0,1,0,0,0,0.7683163859836675,4.0,Male,Caucasian,High School,,A,1,1,2.3280038247251476,1,0.1920790964959168,0.0656232818855989,0.8275862068965517
1226,16,0,0,2,13.812306247732726,13,0,1,0,0,1,0,1.8064063454058108,4.0,Female,Caucasian,Some College,Low,A,1,3,5.453076561933182,1,0.4516015863514527,0.6913562503489753,0.4482758620689655
1227,15,0,2,1,11.448154519355302,19,0,2,0,0,0,0,0.88186635307777,4.0,Female,Asian,High School,Moderate,A,0,3,2.8620386298388256,1,0.2204665882694425,0.5730127905886537,0.6551724137931034
1228,16,0,0,2,8.090390489164701,27,0,3,0,1,0,0,0.8170682206563473,4.0,Female,Caucasian,Some College,High,A,1,5,4.022597622291175,1,0.2042670551640868,0.4049316105096404,0.9310344827586208
1229,15,0,2,2,7.272228983801277,12,1,0,0,0,0,0,1.4461325277019692,4.0,Female,Asian,Some College,,A,0,2,4.818057245950319,1,0.3615331319254923,0.3639765135819685,0.4137931034482758
1230,15,0,2,2,4.336285518582166,2,0,3,0,1,0,0,3.3390943622003117,1.0,Female,Asian,Some College,High,D,1,5,3.0840713796455415,0,0.8347735905500779,0.2170106047681546,0.0689655172413793
1231,16,1,0,1,13.392225130750353,25,0,2,0,0,0,0,0.8196254779474454,4.0,Male,Caucasian,High School,Moderate,A,0,3,3.348056282687588,1,0.2049063694868613,0.6703280514533848,0.8620689655172413
1232,18,1,3,1,19.41336055587741,25,0,2,0,0,0,0,0.6768179731112823,4.0,Male,Other,High School,Moderate,A,0,3,4.853340138969353,1,0.1692044932778205,0.9717308714762856,0.8620689655172413
1233,18,1,0,0,3.514304916736517,17,0,1,0,1,0,1,1.3895448744649723,4.0,Male,Caucasian,,Low,A,2,1,4.878576229184129,1,0.3473862186162431,0.1758643335239446,0.5862068965517241
1234,18,1,3,1,11.942332400310068,13,0,2,0,1,0,1,1.9915084140251775,4.0,Male,Other,High School,Moderate,A,2,3,6.985583100077517,1,0.4978771035062944,0.5977500861975736,0.4482758620689655
1235,18,1,0,2,8.483701114919524,14,0,0,0,1,0,0,1.6398675504146123,4.0,Male,Caucasian,Some College,,A,1,2,4.120925278729882,1,0.4099668876036531,0.4246197462809719,0.4827586206896551
1236,18,1,1,3,8.933774434893298,2,0,0,0,1,0,0,2.5117430206054214,2.0,Male,African American,Bachelor,,C,1,3,4.2334436087233245,0,0.6279357551513554,0.4471492790483407,0.0689655172413793
1237,16,1,0,2,5.082945602556288,0,0,3,0,0,1,0,2.9839199495864985,2.0,Male,Caucasian,Some College,High,C,1,5,3.270736400639072,0,0.7459799873966246,0.2543865212720734,0.0
1238,16,0,0,2,16.50269751322838,25,1,2,0,0,1,0,1.25865485443205,4.0,Female,Caucasian,Some College,Moderate,A,1,4,9.125674378307096,1,0.3146637136080125,0.8260304367161186,0.8620689655172413
1239,17,0,1,4,9.705112082944822,23,1,2,0,0,0,0,1.4179299273727557,4.0,Female,African American,Higher,Moderate,A,0,6,5.426278020736206,1,0.3544824818431889,0.4857604920335818,0.7931034482758621
1240,18,0,2,2,10.86811704396528,16,0,1,1,0,1,0,1.5970165723817666,4.0,Female,Asian,Some College,Low,A,2,3,6.717029260991319,1,0.3992541430954416,0.5439775807058221,0.5517241379310345
1241,16,0,0,3,6.095218255946515,2,1,2,0,1,0,0,3.0886998681859597,1.0,Female,Caucasian,Bachelor,Moderate,D,1,5,6.523804563986628,0,0.7721749670464899,0.3050583316237631,0.0689655172413793
1242,17,1,0,2,3.636169313338995,13,0,0,1,1,0,0,1.6413414427787147,4.0,Male,Caucasian,Some College,,A,2,2,4.909042328334749,1,0.4103353606946787,0.1819645571865939,0.4482758620689655
1243,18,1,2,1,1.7182077640564095,2,0,2,0,1,0,0,2.5868706562634283,2.0,Male,Asian,High School,Moderate,C,1,3,2.429551941014102,0,0.6467176640658571,0.0859562499764859,0.0689655172413793
1244,15,1,1,0,14.282382818498318,12,1,2,0,0,0,0,2.389032645212185,3.0,Male,African American,,Moderate,B,0,2,6.57059570462458,0,0.5972581613030462,0.714887095289646,0.4137931034482758
1245,17,0,3,2,3.924685633757112,14,0,2,1,0,0,0,1.8981464002812252,4.0,Female,Other,Some College,Moderate,A,1,4,2.9811714084392777,1,0.4745366000703063,0.1964069549167224,0.4827586206896551
1246,16,1,2,1,13.801507083775954,17,0,4,0,1,0,0,2.1104879749817496,3.0,Male,Asian,High School,Very High,B,1,5,5.450376770943988,0,0.5276219937454374,0.6908156714978706,0.5862068965517241
1247,15,1,3,1,7.807528920939077,13,0,2,0,0,0,0,1.7002735894049137,4.0,Male,Other,High School,Moderate,A,0,3,1.9518822302347691,1,0.4250683973512284,0.3907722753809999,0.4482758620689655
1248,15,1,2,2,8.315496019793029,20,0,2,1,0,0,0,1.0444999950877136,4.0,Male,Asian,Some College,Moderate,A,1,4,4.078874004948258,1,0.2611249987719284,0.416199824383554,0.6896551724137931
1249,15,0,0,2,9.383549921855431,25,0,2,0,1,0,0,1.1941661337644758,4.0,Female,Caucasian,Some College,Moderate,A,1,4,4.345887480463858,1,0.2985415334411189,0.469663903047966,0.8620689655172413
1250,17,1,0,2,7.354170162550863,2,0,1,0,0,1,0,2.6491368281965504,2.0,Male,Caucasian,Some College,Low,C,1,3,3.838542540637716,0,0.6622842070491376,0.3680782818710624,0.0689655172413793
1251,16,0,2,1,2.0123995444518017,18,0,3,0,1,0,0,1.2341413889277302,4.0,Female,Asian,High School,High,A,1,4,2.5030998861129503,1,0.3085353472319325,0.1006827468874664,0.6206896551724138
1252,15,0,1,1,6.192636200056915,7,0,2,1,0,0,0,2.127408865912826,3.0,Female,African American,High School,Moderate,B,1,3,3.548159050014229,0,0.5318522164782065,0.3099348276668808,0.2413793103448275
1253,18,0,0,2,13.274687213878767,3,1,1,1,0,0,0,2.913887649138132,2.0,Female,Caucasian,Some College,Low,C,1,3,8.318671803469691,0,0.728471912284533,0.6644444004302116,0.1034482758620689
1254,15,0,0,4,13.31568802937742,3,0,3,0,0,0,1,3.119393913150377,1.0,Female,Caucasian,Higher,High,D,1,7,5.328922007344355,0,0.7798484782875943,0.6664967976181176,0.1034482758620689
1255,15,1,3,2,5.724486144799887,18,1,0,0,0,0,0,1.0363787383257312,4.0,Male,Other,Some College,,A,0,2,4.431121536199972,1,0.2590946845814328,0.2865004192230004,0.6206896551724138
1256,17,0,1,3,9.20205253115376,10,0,4,1,0,0,1,2.403284547023526,3.0,Female,African American,Bachelor,Very High,B,2,7,6.30051313278844,0,0.6008211367558814,0.4605786024324052,0.3448275862068966
1257,17,0,0,2,3.8689445602387496,0,1,3,0,0,0,0,3.1565080639094454,1.0,Female,Caucasian,Some College,High,D,0,5,3.967236140059687,0,0.7891270159773613,0.193616697670651,0.0
1258,16,1,0,2,4.2074416305967155,7,1,2,0,1,1,0,2.723471858740064,2.0,Male,Caucasian,Some College,Moderate,C,2,4,8.05186040764918,0,0.680867964685016,0.2105610054086269,0.2413793103448275
1259,18,1,0,1,0.4609417681321481,14,0,1,1,1,0,0,1.5309511463109082,4.0,Male,Caucasian,High School,Low,A,2,2,4.115235442033037,1,0.382737786577727,0.0230206921564296,0.4827586206896551
1260,17,0,0,2,17.934930998154893,0,0,1,0,0,0,0,3.4685813491357274,1.0,Female,Caucasian,Some College,Low,D,0,3,4.483732749538723,0,0.8671453372839318,0.897724424778008,0.0
1261,15,1,0,2,4.214133301498125,6,0,1,1,0,0,0,2.3020320443414053,3.0,Male,Caucasian,Some College,Low,B,1,3,3.053533325374531,0,0.5755080110853513,0.2108959735397094,0.2068965517241379
1262,16,0,0,2,4.550677538729266,20,1,1,1,0,0,0,1.265677909199434,4.0,Female,Caucasian,Some College,Low,A,1,3,6.137669384682317,1,0.3164194772998585,0.2277425273874468,0.6896551724137931
1263,15,0,2,2,5.592028652902636,19,0,2,1,1,0,1,1.479602227739032,4.0,Female,Asian,Some College,Moderate,A,3,4,7.398007163225659,1,0.369900556934758,0.2798699319855954,0.6551724137931034
1264,15,0,0,2,2.54816143390858,19,0,4,0,0,1,1,1.4450767191993792,4.0,Female,Caucasian,Some College,Very High,A,2,6,4.637040358477145,1,0.3612691797998448,0.1275016328519294,0.6551724137931034
1265,17,0,2,1,12.785257663627256,23,0,2,0,0,0,0,0.8094338103684621,4.0,Female,Asian,High School,Moderate,A,0,3,3.196314415906814,1,0.2023584525921155,0.6399447942541501,0.7931034482758621
1266,16,1,2,2,1.5028590635517314,10,1,3,0,0,0,0,2.1502332699887816,3.0,Male,Asian,Some College,High,B,0,5,3.375714765887933,0,0.5375583174971954,0.0751764383566522,0.3448275862068966
1267,18,0,0,1,2.6840485265270053,26,0,3,0,0,0,0,0.5591437155118445,4.0,Female,Caucasian,High School,High,A,0,4,0.6710121316317513,1,0.1397859288779611,0.1343037972325856,0.896551724137931
1268,18,1,1,3,12.895134531801858,28,0,3,0,0,0,0,0.5807884851770568,4.0,Male,African American,Bachelor,High,A,0,6,3.223783632950465,1,0.1451971212942642,0.6454449525440479,0.9655172413793104
1269,17,1,0,1,6.793212409628855,13,0,0,0,1,1,1,1.602089195984674,4.0,Male,Caucasian,High School,,A,3,1,7.698303102407213,1,0.4005222989961685,0.339998154668005,0.4482758620689655
1270,17,1,2,0,14.158956534023782,21,1,2,0,1,0,0,1.0027983635819373,4.0,Male,Asian,,Moderate,A,1,2,8.539739133505945,1,0.2506995908954843,0.7087086874680366,0.7241379310344828
1271,16,1,0,2,11.14849489340284,15,0,3,0,0,0,0,1.6630634531990602,4.0,Male,Caucasian,Some College,High,A,0,5,2.7871237233507093,1,0.415765863299765,0.5580125871499187,0.5172413793103449
1272,18,0,1,2,5.120423461230262,13,0,3,0,0,0,1,1.5315464597195698,4.0,Female,African American,Some College,High,A,1,5,3.2801058653075654,1,0.3828866149298924,0.256262568146159,0.4482758620689655
1273,18,1,1,2,13.016559009786562,11,0,4,0,0,0,0,2.205842147030335,3.0,Male,African American,Some College,Very High,B,0,6,3.2541397524466404,0,0.5514605367575838,0.6515231549926543,0.3793103448275862
1274,18,0,0,1,2.325473605857613,16,0,3,0,0,0,1,1.155338560965664,4.0,Female,Caucasian,High School,High,A,1,4,2.5813684014644034,1,0.288834640241416,0.1163544430579181,0.5517241379310345
1275,15,1,0,2,10.728207661600608,13,1,1,0,0,0,0,2.153758339869399,3.0,Male,Caucasian,Some College,Low,B,0,3,5.682051915400152,0,0.5384395849673498,0.5369740706674336,0.4482758620689655
1276,18,1,1,1,8.742962100900693,9,0,2,1,0,0,1,2.592786686317039,2.0,Male,African American,High School,Moderate,C,2,3,6.185740525225173,0,0.6481966715792598,0.4375976959166078,0.3103448275862069
1277,15,0,2,3,5.357471656348816,23,0,0,1,1,0,0,0.9123305070955544,4.0,Female,Asian,Bachelor,,A,2,3,5.3393679140872035,1,0.2280826267738886,0.268128601617506,0.7931034482758621
1278,16,0,0,3,12.080099954790002,28,1,3,0,0,0,0,0.6956309334599464,4.0,Female,Caucasian,Bachelor,High,A,0,6,6.0200249886975,1,0.1739077333649866,0.6046463817458564,0.9655172413793104
1279,15,0,1,2,17.42667184680565,13,1,2,0,0,0,0,2.1396198913689854,3.0,Female,African American,Some College,Moderate,B,0,4,7.356667961701413,0,0.5349049728422464,0.8722822563657479,0.4482758620689655
1280,16,1,0,1,19.978093995261535,17,0,3,0,0,0,0,1.5504493308923313,4.0,Male,Caucasian,High School,High,A,0,4,4.994523498815384,1,0.3876123327230828,1.0,0.5862068965517241
1281,18,1,2,2,12.15525537486849,21,0,4,0,0,0,1,1.5475367003506038,4.0,Male,Asian,Some College,Very High,A,1,6,5.038813843717122,1,0.3868841750876509,0.6084084721079385,0.7241379310344828
1282,18,0,0,0,8.094117486583404,8,1,3,0,0,1,0,2.966548034294946,2.0,Female,Caucasian,,High,C,1,3,7.023529371645851,0,0.7416370085737365,0.4051181745798533,0.2758620689655172
1283,16,0,2,2,4.5041420043240326,16,0,2,1,0,0,1,1.6336793710032238,4.0,Female,Asian,Some College,Moderate,A,2,4,5.126035501081008,1,0.4084198427508059,0.2254130761609426,0.5517241379310345
1284,17,0,0,1,5.141921787902235,5,1,1,0,0,0,0,2.3325403195354064,3.0,Female,Caucasian,High School,Low,B,0,2,4.2854804469755585,0,0.5831350798838516,0.257338720038984,0.1724137931034483
1285,16,0,0,3,9.589099562995314,7,1,3,1,1,1,0,3.270262309404739,1.0,Female,Caucasian,Bachelor,High,D,3,6,11.397274890748829,0,0.8175655773511847,0.4799531985246491,0.2413793103448275
1286,17,1,0,0,7.345554025614184,25,0,1,0,0,0,0,0.3464705925902769,4.0,Male,Caucasian,,Low,A,0,1,1.836388506403546,1,0.0866176481475692,0.3676469798346422,0.8620689655172413
1287,15,0,0,2,18.276290452498884,12,1,1,0,0,0,0,1.8949043363401072,4.0,Female,Caucasian,Some College,Low,A,0,3,7.569072613124721,1,0.4737260840850268,0.9148120162232024,0.4137931034482758
1288,15,0,1,2,7.365909353114191,17,0,1,0,0,0,0,1.4567426010872695,4.0,Female,African American,Some College,Low,A,0,3,1.8414773382785476,1,0.3641856502718174,0.3686659160780273,0.5862068965517241
1289,15,0,0,2,7.468891822908709,4,0,2,1,0,0,0,2.5537231512721896,2.0,Female,Caucasian,Some College,Moderate,C,1,4,3.867222955727178,0,0.6384307878180474,0.3738209582116854,0.1379310344827586
1290,18,0,2,0,7.67069024867954,5,0,1,0,0,0,0,2.224197461212005,3.0,Female,Asian,,Low,B,0,1,1.917672562169885,0,0.5560493653030012,0.3839224773287756,0.1724137931034483
1291,15,1,0,4,16.732404207353163,20,1,4,0,1,1,0,1.8476004181084256,4.0,Male,Caucasian,Higher,Very High,A,2,8,11.18310105183829,1,0.4619001045271064,0.8375289732045064,0.6896551724137931
1292,17,0,0,2,13.015766416938035,18,0,4,1,0,0,0,1.849760707133483,4.0,Female,Caucasian,Some College,Very High,A,1,6,5.253941604234509,1,0.4624401767833707,0.6514834797980591,0.6206896551724138
1293,15,1,0,2,12.283377006377854,3,0,4,0,0,1,0,3.268794215560215,1.0,Male,Caucasian,Some College,Very High,D,1,6,5.070844251594464,0,0.8171985538900538,0.6148219171338893,0.1034482758620689
1294,16,0,0,1,6.6828604476772435,6,1,0,0,0,0,1,2.546516637246023,2.0,Female,Caucasian,High School,,C,1,1,6.670715111919311,0,0.6366291593115058,0.3344742143845037,0.2068965517241379
1295,16,0,0,2,16.35808353664879,3,0,4,0,0,0,0,3.1012292205041274,1.0,Female,Caucasian,Some College,Very High,D,0,6,4.089520884162197,0,0.7753073051260319,0.8187914265829269,0.1034482758620689
1296,18,1,0,2,0.7672772271140227,24,0,4,0,0,1,0,0.6559540779626771,4.0,Male,Caucasian,Some College,Very High,A,1,6,2.1918193067785054,1,0.1639885194906692,0.0383550709224077,0.8275862068965517
1297,16,0,0,0,17.415943446762263,10,1,4,0,1,0,0,3.088512305616677,1.0,Female,Caucasian,,Very High,D,1,4,9.353985861690566,0,0.7721280764041693,0.8717452197772804,0.3448275862068966
1298,17,1,0,1,10.254997995878592,11,1,3,0,0,0,0,1.9925598054819995,4.0,Male,Caucasian,High School,High,A,0,4,5.563749498969647,1,0.4981399513704999,0.5132863909126305,0.3793103448275862
1299,15,1,1,3,7.965004697268256,13,1,3,0,1,0,0,2.605247445547851,2.0,Male,African American,Bachelor,High,C,1,6,6.991251174317064,0,0.6513118613869627,0.398655114699451,0.4482758620689655
1300,18,0,1,1,9.943345614353714,12,1,1,0,0,0,0,1.7339724542334658,4.0,Female,African American,High School,Low,A,0,2,5.485836403588428,1,0.4334931135583664,0.4976858604435007,0.4137931034482758
1301,15,1,0,1,13.348310610676622,28,0,3,1,0,0,0,1.11384878785912,4.0,Male,Caucasian,High School,High,A,1,4,5.337077652669155,1,0.27846219696478,0.6681298015792931,0.9655172413793104
1302,15,1,0,2,0.2553085303579472,9,0,0,1,0,0,0,1.6492502516618042,4.0,Male,Caucasian,Some College,,A,1,2,2.063827132589487,0,0.412312562915451,0.0127272120435361,0.3103448275862069
1303,17,1,3,2,17.431037129164956,17,0,2,0,0,0,0,1.3375549802098765,4.0,Male,Other,Some College,Moderate,A,0,4,4.357759282291239,1,0.3343887450524691,0.8725007713667225,0.5862068965517241
1304,16,1,1,0,8.934790506227856,15,0,4,0,0,0,0,1.9846599185571745,4.0,Male,African American,,Very High,A,0,4,2.233697626556964,1,0.4961649796392936,0.4472001410110698,0.5172413793103449
1305,16,1,1,2,6.859330394001564,4,0,2,0,1,1,0,3.060881655966949,1.0,Male,African American,Some College,Moderate,D,2,4,5.714832598500391,0,0.7652204139917372,0.3433078538421842,0.1379310344827586
1306,15,1,0,1,2.764911312681142,7,1,1,0,0,0,0,2.3928973584250004,3.0,Male,Caucasian,High School,Low,B,0,2,3.6912278281702857,0,0.5982243396062501,0.1383515839141567,0.2413793103448275
1307,18,1,2,0,8.789307487168843,13,0,4,0,0,0,0,2.0837969900967988,3.0,Male,Asian,,Very High,B,0,4,2.1973268717922108,0,0.5209492475241997,0.4399176288079987,0.4482758620689655
1308,16,1,2,0,9.926455425687577,4,0,4,0,1,0,1,3.64573804877044,0.0,Male,Asian,,Very High,F,2,4,6.481613856421895,0,0.91143451219261,0.4968403802914602,0.1379310344827586
1309,18,0,1,3,8.072933889869557,25,0,1,1,0,0,0,0.322286081625407,4.0,Female,African American,Bachelor,Low,A,1,4,4.018233472467389,1,0.0805715204063517,0.4040577772732031,0.8620689655172413
1310,16,0,3,1,13.573201876537942,27,0,3,0,1,0,0,1.129514334361546,4.0,Female,Other,High School,High,A,1,4,5.393300469134486,1,0.2823785835903865,0.6793872899005579,0.9310344827586208
1311,18,1,0,0,8.41793057518452,23,0,2,1,0,0,0,0.6307569438666114,4.0,Male,Caucasian,,Moderate,A,1,2,4.10448264379613,1,0.1576892359666528,0.4213274393071357,0.7931034482758621
1312,17,0,0,2,19.228351556931468,7,0,2,0,0,1,1,3.1572296388040932,1.0,Female,Caucasian,Some College,Moderate,D,2,4,8.807087889232868,0,0.7893074097010233,0.962469788628154,0.2413793103448275
1313,18,1,2,3,11.985550356471837,24,0,1,0,0,0,0,0.680087787496653,4.0,Male,Asian,Bachelor,Low,A,0,4,2.996387589117959,1,0.1700219468741632,0.5999134678429066,0.8275862068965517
1314,17,1,2,1,16.14955871303818,25,0,0,0,0,0,0,0.7963598478866475,4.0,Male,Asian,High School,,A,0,1,4.037389678259545,1,0.1990899619716618,0.808353200991997,0.8620689655172413
1315,17,0,0,2,2.187118062189577,5,1,1,0,1,0,0,2.844039214925591,2.0,Female,Caucasian,Some College,Low,C,1,3,5.546779515547394,0,0.7110098037313978,0.1094287142571134,0.1724137931034483
1316,18,1,0,0,7.945825858918115,15,1,0,0,1,0,0,1.253451854215859,4.0,Male,Caucasian,,,A,1,0,6.986456464729529,1,0.3133629635539647,0.3976950705291484,0.5172413793103449
1317,17,1,0,2,6.736954028943054,27,0,4,0,0,0,0,0.534508880538856,4.0,Male,Caucasian,Some College,Very High,A,0,6,1.6842385072357635,1,0.133627220134714,0.3371820023327061,0.9310344827586208
1318,15,1,0,2,11.389647762731837,3,1,3,1,0,0,0,3.1910461182199175,1.0,Male,Caucasian,Some College,High,D,1,5,7.847411940682959,0,0.7977615295549794,0.5700840902370363,0.1034482758620689
1319,17,1,2,2,17.222270401228513,11,0,3,0,0,1,0,2.8154212753091197,2.0,Male,Asian,Some College,High,C,1,5,6.305567600307128,0,0.7038553188272799,0.8620504366566925,0.3793103448275862
1320,16,0,1,1,1.5667643552401334,10,0,3,0,0,0,0,2.1571223032650955,3.0,Female,African American,High School,High,B,0,4,0.3916910888100333,0,0.5392805758162739,0.0783753757279809,0.3448275862068966
1321,18,1,0,1,1.4514959608942155,2,0,1,1,0,0,0,2.7238280604010647,2.0,Male,Caucasian,High School,Low,C,1,2,2.362873990223554,0,0.6809570151002662,0.0726053312658705,0.0689655172413793
1322,15,1,0,1,17.00635416315198,11,0,4,1,0,0,0,2.627693905554347,2.0,Male,Caucasian,High School,Very High,C,1,5,6.251588540787995,0,0.6569234763885867,0.8512422155405514,0.3793103448275862
1323,18,1,0,1,4.257001720767148,29,1,3,1,1,0,0,0.9124156208354256,4.0,Male,Caucasian,High School,High,A,2,4,8.064250430191787,1,0.2281039052088564,0.2130418582517005,1.0
1324,16,0,0,0,13.375065088996276,4,0,2,0,0,0,0,2.609623081817451,2.0,Female,Caucasian,,Moderate,C,0,2,3.343766272249069,0,0.6524057704543628,0.6694690631378579,0.1379310344827586
1325,16,1,1,2,10.857562647216104,5,1,1,0,1,0,0,2.981992255406158,2.0,Male,African American,Some College,Low,C,1,3,7.714390661804026,0,0.7454980638515395,0.5434492542824425,0.1724137931034483
1326,16,0,3,4,16.657871897744588,18,0,3,0,0,0,0,1.625082773696198,4.0,Female,Other,Higher,High,A,0,7,4.164467974436147,1,0.4062706934240495,0.8337980741775392,0.6206896551724138
1327,17,0,2,4,2.5017781967280706,17,0,3,0,1,0,0,1.3616984178594074,4.0,Female,Asian,Higher,High,A,1,7,2.6254445491820175,1,0.3404246044648518,0.1251798052395399,0.5862068965517241
1328,17,1,0,3,2.5956593144522255,15,1,3,0,0,0,0,1.9169618961294344,4.0,Male,Caucasian,Bachelor,High,A,0,6,3.648914828613056,1,0.4792404740323586,0.1298792566936425,0.5172413793103449
1329,18,1,2,2,11.13636720556615,22,0,0,0,0,0,0,1.011253194616751,4.0,Male,Asian,Some College,,A,0,2,2.7840918013915377,1,0.2528132986541877,0.5574055057514368,0.7586206896551724
1330,18,0,2,2,18.92757306716742,10,0,1,1,1,0,0,2.3321590405051187,3.0,Female,Asian,Some College,Low,B,2,3,8.731893266791854,0,0.5830397601262797,0.947413577695114,0.3448275862068966
1331,15,1,2,1,8.299955167415085,4,0,2,1,1,1,0,3.387938347765993,1.0,Male,Asian,High School,Moderate,D,3,3,8.074988791853771,0,0.8469845869414983,0.4154218885954426,0.1379310344827586
1332,15,0,0,2,6.538842005093899,8,0,3,0,1,0,0,2.384690791358408,3.0,Female,Caucasian,Some College,High,B,1,5,3.634710501273475,0,0.596172697839602,0.3272650151778591,0.2758620689655172
1333,18,0,0,2,12.133786463957716,2,0,0,0,0,0,0,2.7808169956104924,2.0,Female,Caucasian,Some College,,C,0,2,3.033446615989429,0,0.6952042489026231,0.6073337926937662,0.0689655172413793
1334,17,1,0,2,18.608972010900622,29,0,2,0,1,0,1,0.5348357535394734,4.0,Male,Caucasian,Some College,Moderate,A,2,4,8.652243002725156,1,0.1337089383848683,0.9314652141322628,1.0
1335,16,1,0,2,16.738556656892474,7,0,2,0,0,0,0,2.542214348782037,2.0,Male,Caucasian,Some College,Moderate,C,0,4,4.184639164223118,0,0.6355535871955093,0.8378369492771685,0.2413793103448275
1336,18,0,0,1,19.909672214664397,5,0,3,0,0,0,0,3.0071290674312805,1.0,Female,Caucasian,High School,High,D,0,4,4.977418053666099,0,0.7517822668578201,0.99657497861003,0.1724137931034483
1337,15,0,0,1,0.4513716640475418,3,0,2,1,0,0,0,2.9858098143768106,2.0,Female,Caucasian,High School,Moderate,C,1,3,2.1128429160118856,0,0.7464524535942026,0.022541636935885,0.1034482758620689
1338,17,0,0,3,2.2571628942552446,11,0,2,0,1,0,0,1.9493060573283008,4.0,Female,Caucasian,Bachelor,Moderate,A,1,5,2.5642907235638113,1,0.4873265143320752,0.1129349815010822,0.3793103448275862
1339,18,0,2,0,12.18935526733244,11,0,3,0,0,0,0,2.1478451963634986,3.0,Female,Asian,,High,B,0,3,3.04733881683311,0,0.5369612990908746,0.6101154265318868,0.3793103448275862
1340,18,1,0,2,16.411528786676996,24,0,4,0,0,0,1,1.1757680252358405,4.0,Male,Caucasian,Some College,Very High,A,1,6,6.102882196669249,1,0.2939420063089601,0.8214667607081332,0.8275862068965517
1341,17,1,0,3,5.704886846135331,20,0,1,1,0,0,0,1.4003632540944204,4.0,Male,Caucasian,Bachelor,Low,A,1,4,3.4262217115338327,1,0.3500908135236051,0.2855193278721372,0.6896551724137931
1342,18,1,3,2,4.784221760684375,15,0,1,1,0,1,0,1.7555440233413917,4.0,Male,Other,Some College,Low,A,2,3,5.196055440171094,1,0.4388860058353479,0.2394331608190705,0.5172413793103449
1343,17,1,3,2,15.739515987624015,9,0,4,1,0,1,0,2.9000962392055474,2.0,Male,Other,Some College,Very High,C,2,6,7.934878996906004,0,0.7250240598013868,0.7878274986047107,0.3103448275862069
1344,16,1,2,1,1.1276370770646316,21,0,2,0,0,0,0,1.0334594906901564,4.0,Male,Asian,High School,Moderate,A,0,3,0.2819092692661579,1,0.2583648726725391,0.0563937741452057,0.7241379310344828
1345,17,0,3,1,7.387652951651702,13,0,3,0,0,0,1,1.907742363387151,4.0,Female,Other,High School,High,A,1,4,3.8469132379129256,1,0.4769355908467877,0.3697543456604783,0.4482758620689655
1346,17,1,1,3,10.116184451846594,12,0,3,0,0,0,0,1.880909289765476,4.0,Male,African American,Bachelor,High,A,0,6,2.5290461129616486,1,0.470227322441369,0.5063377357712733,0.4137931034482758
1347,17,1,3,2,11.206973487006469,8,0,1,0,1,1,0,2.614950353949793,2.0,Male,Other,Some College,Low,C,2,3,6.801743371751617,0,0.6537375884874482,0.5609398777319496,0.2758620689655172
1348,18,1,0,2,14.572303135855538,6,0,3,1,0,1,0,3.1071355935726115,1.0,Male,Caucasian,Some College,High,D,2,5,7.6430757839638845,0,0.7767838983931529,0.7293997735577247,0.2068965517241379
1349,18,1,0,0,7.096914468613164,11,0,3,0,0,0,0,1.3864645615000095,4.0,Male,Caucasian,,High,A,0,3,1.774228617153291,1,0.3466161403750024,0.3552007120864341,0.3793103448275862
1350,17,1,0,0,12.253686893492144,4,0,2,0,0,0,0,2.8337600718448113,2.0,Male,Caucasian,,Moderate,C,0,2,3.063421723373036,0,0.7084400179612028,0.613335705129222,0.1379310344827586
1351,18,0,0,4,11.707508455819127,17,0,0,0,0,1,0,1.0861513973549914,4.0,Female,Caucasian,Higher,,A,1,4,4.926877113954782,1,0.2715378493387478,0.5859953930905045,0.5862068965517241
1352,15,0,0,1,10.952322013074944,3,0,4,0,0,0,0,2.874037360035303,2.0,Female,Caucasian,High School,Very High,C,0,5,2.738080503268736,0,0.7185093400088257,0.5481926686182583,0.1034482758620689
1353,15,0,1,2,12.809665862844245,1,0,2,0,1,0,0,2.8956713046591833,2.0,Female,African American,Some College,Moderate,C,1,4,5.202416465711061,0,0.7239178261647958,0.6411666070114219,0.0344827586206896
1354,18,1,2,0,5.188983421361526,2,1,3,0,0,0,0,3.1813076022771107,1.0,Male,Asian,,High,D,0,3,4.297245855340382,0,0.7953269005692777,0.2596945064543369,0.0689655172413793
1355,18,0,1,2,1.6929750716925795,25,0,3,0,0,0,0,0.4712831088434319,4.0,Female,African American,Some College,High,A,0,5,0.4232437679231449,1,0.1178207772108579,0.0846931651763183,0.8620689655172413
1356,17,0,0,3,2.3854334407948685,11,1,2,0,0,0,0,2.2113795279733512,3.0,Female,Caucasian,Bachelor,Moderate,B,0,5,3.596358360198717,0,0.5528448819933378,0.1193558808370418,0.3793103448275862
1357,16,1,2,2,4.491647653078021,2,1,3,1,1,0,0,3.375252255246081,1.0,Male,Asian,Some College,High,D,2,5,8.122911913269505,0,0.8438130638115202,0.2247876405189889,0.0689655172413793
1358,18,1,1,1,10.003958710455706,3,0,4,0,1,0,0,3.203858190796927,1.0,Male,African American,High School,Very High,D,1,5,4.500989677613926,0,0.8009645476992318,0.5007199988253117,0.1034482758620689
1359,15,1,0,2,16.808855010920404,5,0,2,0,0,1,0,3.3501791105924874,1.0,Male,Caucasian,Some College,Moderate,D,1,4,6.202213752730101,0,0.8375447776481219,0.8413559071897517,0.1724137931034483
1360,17,0,1,2,14.025866841767682,11,0,2,0,0,0,0,1.7257915297427142,4.0,Female,African American,Some College,Moderate,A,0,4,3.5064667104419205,1,0.4314478824356785,0.7020465538786527,0.3793103448275862
1361,18,0,0,2,15.780812084040942,18,0,4,1,0,0,0,2.2166038146961022,3.0,Female,Caucasian,Some College,Very High,B,1,6,5.945203021010236,0,0.5541509536740256,0.789894676809017,0.6206896551724138
1362,15,1,0,3,7.019512478521827,9,0,1,1,0,0,1,2.0046273170074884,3.0,Male,Caucasian,Bachelor,Low,B,2,4,5.754878119630456,0,0.5011568292518721,0.3513261641080649,0.3103448275862069
1363,15,1,3,2,8.093074832971004,29,1,0,0,0,0,0,0.7157420455446748,4.0,Male,Other,Some College,,A,0,2,5.023268708242751,1,0.1789355113861687,0.4050659819754862,1.0
1364,16,0,0,3,7.873637719812256,0,1,4,0,0,1,0,3.8806400848697424,0.0,Female,Caucasian,Bachelor,Very High,F,1,7,6.968409429953064,0,0.9701600212174356,0.3940815147522905,0.0
1365,17,0,0,2,3.8374636880900304,16,0,3,1,0,1,0,1.689528158418944,4.0,Female,Caucasian,Some College,High,A,2,5,4.959365922022507,1,0.422382039604736,0.1920408447837008,0.5517241379310345
1366,17,1,2,1,1.2243331628714405,15,0,4,1,1,0,1,1.7579788035014272,4.0,Male,Asian,High School,Very High,A,3,5,6.30608329071786,1,0.4394947008753568,0.0612341357862551,0.5172413793103449
1367,16,1,2,1,11.818321856544536,8,0,0,0,0,0,0,2.136399546240388,3.0,Male,Asian,High School,,B,0,1,2.954580464136134,0,0.534099886560097,0.5915424318326635,0.2758620689655172
1368,16,0,0,1,19.784333668411723,24,1,1,0,1,0,0,0.911568270646688,4.0,Female,Caucasian,High School,Low,A,1,2,9.94608341710293,1,0.227892067661672,0.9903008477973472,0.8275862068965517
1369,17,1,0,3,3.3365940990052567,20,1,1,0,0,0,0,1.1378011102056016,4.0,Male,Caucasian,Bachelor,Low,A,0,4,3.8341485247513143,1,0.2844502775514004,0.1669685791801288,0.6896551724137931
1370,17,0,0,2,0.9336963979854752,8,1,3,1,0,0,1,2.34926492736688,3.0,Female,Caucasian,Some College,High,B,2,5,7.233424099496369,0,0.58731623184172,0.0466855939658202,0.2758620689655172
1371,18,0,1,2,15.59063363647866,26,0,3,0,0,0,0,0.6237474365472879,4.0,Female,African American,Some College,High,A,0,5,3.897658409119665,1,0.1559368591368219,0.7803748244297394,0.896551724137931
1372,18,0,0,1,5.051720133694484,22,0,2,0,0,1,0,0.3410294459251265,4.0,Female,Caucasian,High School,Moderate,A,1,3,3.262930033423621,1,0.0852573614812816,0.2528234532280946,0.7586206896551724
1373,16,0,0,1,16.59287610705857,8,0,0,0,0,0,0,2.223813666751698,3.0,Female,Caucasian,High School,,B,0,1,4.148219026764642,0,0.5559534166879245,0.8305445491827961,0.2758620689655172
1374,18,1,3,2,14.078733340690308,11,0,3,0,0,0,1,2.3282403846301514,3.0,Male,Other,Some College,High,B,1,5,5.5196833351725765,0,0.5820600961575378,0.7046929171863973,0.3793103448275862
1375,15,1,1,2,18.91347074101609,22,1,2,1,0,0,0,1.6230778220088506,4.0,Male,African American,Some College,Moderate,A,1,4,9.728367685254025,1,0.4057694555022126,0.9467076508938076,0.7586206896551724
1376,18,0,0,1,8.178544715133441,8,1,1,1,0,0,0,2.200896321528595,3.0,Female,Caucasian,High School,Low,B,1,2,7.04463617878336,0,0.5502240803821488,0.4093443882380791,0.2758620689655172
1377,18,0,1,2,13.239396789012684,14,0,4,0,1,0,0,2.5841106550638626,2.0,Female,African American,Some College,Very High,C,1,6,5.309849197253171,0,0.6460276637659657,0.6626778509634689,0.4827586206896551
1378,15,0,1,0,9.297095616265414,1,0,1,1,0,0,0,2.9965033042477023,2.0,Female,African American,,Low,C,1,1,4.324273904066354,0,0.7491258260619256,0.4653362190368723,0.0344827586206896
1379,16,0,0,1,12.61177394617087,10,0,3,0,0,1,0,2.3739934814358454,3.0,Female,Caucasian,High School,High,B,1,4,5.152943486542718,0,0.5934983703589614,0.6312606378654393,0.3448275862068966
1380,15,0,0,2,8.991978120154746,10,1,3,1,0,0,0,2.8304044557095467,2.0,Female,Caucasian,Some College,High,C,1,5,7.247994530038687,0,0.7076011139273867,0.4500628084136357,0.3448275862068966
1381,18,1,2,1,3.7726449284814967,7,0,2,1,1,0,1,2.5251155338354896,2.0,Male,Asian,High School,Moderate,C,3,3,6.943161232120374,0,0.6312788834588724,0.1887961815172229,0.2413793103448275
1382,16,1,0,4,10.157948320067618,22,0,1,1,0,0,0,1.0429816505882752,4.0,Male,Caucasian,Higher,Low,A,1,5,4.5394870800169045,1,0.2607454126470688,0.5084283294497265,0.7586206896551724
1383,18,1,1,1,10.571684028748846,5,0,2,1,0,0,1,2.6610969036702157,2.0,Male,African American,High School,Moderate,C,2,3,6.642921007187212,0,0.6652742259175539,0.5291388932447709,0.1724137931034483
1384,15,1,0,1,16.21207696520322,20,0,3,0,0,0,0,1.599593887728051,4.0,Male,Caucasian,High School,High,A,0,4,4.053019241300805,1,0.3998984719320127,0.8114827066707451,0.6896551724137931
1385,15,0,0,1,14.710414115871624,19,1,1,1,0,0,0,1.7994091491725042,4.0,Female,Caucasian,High School,Low,A,1,2,8.677603528967905,1,0.449852287293126,0.7363132601202854,0.6551724137931034
1386,18,0,0,2,13.275832478828882,6,0,3,0,0,0,0,2.6576385566960075,2.0,Female,Caucasian,Some College,High,C,0,5,3.3189581197072204,0,0.6644096391740019,0.6645017294987785,0.2068965517241379
1387,17,0,0,2,2.2677419110514507,2,0,4,0,0,0,0,2.998484061883098,2.0,Female,Caucasian,Some College,Very High,C,0,6,0.5669354777628627,0,0.7496210154707745,0.1134645403417852,0.0689655172413793
1388,17,0,0,2,14.4123258132743,7,0,4,0,0,1,0,2.977408432892682,2.0,Female,Caucasian,Some College,Very High,C,1,6,5.603081453318575,0,0.7443521082231705,0.721391713156944,0.2413793103448275
1389,15,0,0,0,10.006103127090295,17,0,2,0,0,0,0,1.3751641369478076,4.0,Female,Caucasian,,Moderate,A,0,2,2.501525781772574,1,0.3437910342369519,0.5008273429016917,0.5862068965517241
1390,15,1,2,0,17.881990722123184,16,0,3,1,0,0,1,1.8488664401912396,4.0,Male,Asian,,High,A,2,3,8.470497680530796,1,0.4622166100478099,0.8950743683746658,0.5517241379310345
1391,17,0,3,2,18.397418682610855,10,0,4,0,0,0,0,2.4424562001292713,3.0,Female,Other,Some College,Very High,B,0,6,4.599354670652714,0,0.6106140500323178,0.9208753892521124,0.3448275862068966
1392,17,1,2,3,1.1031318120357092,1,0,2,1,0,0,0,2.856038514353211,2.0,Male,Asian,Bachelor,Moderate,C,1,5,2.2757829530089273,0,0.7140096285883027,0.0551671025187375,0.0344827586206896
1393,18,1,2,3,16.412831207089575,24,1,1,1,0,0,0,1.206150230255099,4.0,Male,Asian,Bachelor,Low,A,1,4,9.103207801772394,1,0.3015375575637747,0.8215319565819161,0.8275862068965517
1394,18,1,0,0,0.7539478084534124,20,0,1,1,1,0,0,0.8959029903990774,4.0,Male,Caucasian,,Low,A,2,1,4.188486952113353,1,0.2239757475997693,0.0376878339164423,0.6896551724137931
1395,17,1,3,2,7.343392513900453,26,0,1,0,0,0,0,0.2731909291583428,4.0,Male,Other,Some College,Low,A,0,3,1.8358481284751131,1,0.0682977322895857,0.3675387800218109,0.896551724137931
1396,18,0,0,3,10.845999512421582,23,0,3,0,0,1,0,0.66750896106505,4.0,Female,Caucasian,Bachelor,High,A,1,6,4.711499878105395,1,0.1668772402662625,0.5428704329822555,0.7931034482758621
1397,18,1,3,1,2.962015972542549,18,0,2,0,0,0,0,1.0894406041524294,4.0,Male,Other,High School,Moderate,A,0,3,0.7405039931356372,1,0.2723601510381073,0.1482181449740467,0.6206896551724138
1398,16,1,3,3,14.926276251381536,6,0,3,0,0,0,0,2.813211008121627,2.0,Male,Other,Bachelor,High,C,0,6,3.731569062845384,0,0.7033027520304067,0.7471187729986941,0.2068965517241379
1399,18,1,2,1,0.1670940834427714,17,1,3,1,0,0,1,1.868758589707198,4.0,Male,Asian,High School,High,A,2,4,7.041773520860692,1,0.4671896474267995,0.0083114198067366,0.5862068965517241
1400,15,0,3,3,3.3719809686807367,7,0,3,1,1,0,0,3.0356935955108426,1.0,Female,Other,Bachelor,High,D,2,6,4.8429952421701845,0,0.7589233988777107,0.1687399564302506,0.2413793103448275
1401,18,0,1,2,11.615936597069512,13,0,3,0,0,0,1,2.13535680128746,3.0,Female,African American,Some College,High,B,1,5,4.903984149267378,0,0.533839200321865,0.5814115373036551,0.4482758620689655
1402,18,0,0,3,14.287751240745848,6,0,0,1,0,1,0,3.038116129209991,1.0,Female,Caucasian,Bachelor,,D,2,3,7.571937810186462,0,0.7595290323024978,0.7151558249378327,0.2068965517241379
1403,17,1,0,2,18.332862053878323,27,0,3,0,1,0,0,0.9941294103867458,4.0,Male,Caucasian,Some College,High,A,1,5,6.583215513469581,1,0.2485323525966864,0.9176438475947104,0.9310344827586208
1404,15,1,1,1,14.109933038692477,20,0,2,0,0,0,0,1.2325571657328191,4.0,Male,African American,High School,Moderate,A,0,3,3.527483259673119,1,0.3081392914332048,0.7062546952062826,0.6896551724137931
1405,18,0,0,3,13.43558540509732,27,0,2,0,1,0,0,0.8644037429995793,4.0,Female,Caucasian,Bachelor,Moderate,A,1,5,5.35889635127433,1,0.2161009357498948,0.6724985571873373,0.9310344827586208
1406,18,1,1,1,7.886822927013286,26,0,0,0,0,0,0,0.1152318548488273,4.0,Male,African American,High School,,A,0,1,1.9717057317533215,1,0.0288079637122068,0.3947415328971062,0.896551724137931
1407,16,0,3,1,0.0256885105360282,3,0,4,1,0,0,0,2.934586305266487,2.0,Female,Other,High School,Very High,C,1,5,2.006422127634007,0,0.7336465763166218,0.0012330142516669,0.1034482758620689
1408,18,0,0,2,2.403185174712439,16,0,4,1,0,0,0,2.0469388171096283,3.0,Female,Caucasian,Some College,Very High,B,1,6,2.6007962936781097,0,0.5117347042774071,0.120244487766679,0.5517241379310345
1409,18,1,2,2,10.691090895120784,4,0,2,1,0,0,0,3.065473133634235,1.0,Male,Asian,Some College,Moderate,D,1,4,4.672772723780196,0,0.7663682834085588,0.5351160991558703,0.1379310344827586
1410,16,1,3,3,13.502597716888394,11,0,2,0,1,0,0,2.4370263001142716,3.0,Male,Other,Bachelor,Moderate,B,1,5,5.375649429222099,0,0.6092565750285679,0.6758530241315278,0.3793103448275862
1411,17,1,3,1,8.34896567792925,8,0,3,0,1,0,0,2.427614635957672,3.0,Male,Other,High School,High,B,1,4,4.087241419482313,0,0.606903658989418,0.4178752308700718,0.2758620689655172
1412,18,1,3,2,14.613580230567804,25,0,1,0,0,0,0,0.7771509547591905,4.0,Male,Other,Some College,Low,A,0,3,3.653395057641951,1,0.1942877386897976,0.7314660005847254,0.8620689655172413
1413,16,0,1,2,10.437245906643575,19,1,1,1,1,1,0,1.879575445166732,4.0,Female,African American,Some College,Low,A,3,3,11.609311476660894,1,0.469893861291683,0.5224092606655042,0.6551724137931034
1414,15,0,3,0,1.4835239118862442,12,0,3,0,0,0,0,1.596574874404599,4.0,Female,Other,,High,A,0,3,0.370880977971561,1,0.3991437186011498,0.0742085695368896,0.4137931034482758
1415,17,0,2,1,3.8403250193589766,24,0,1,0,1,0,0,0.7045952434646587,4.0,Female,Asian,High School,Low,A,1,2,2.960081254839744,1,0.1761488108661646,0.1921840757945632,0.8275862068965517
1416,15,0,0,1,16.799964464878858,27,0,2,1,1,0,0,0.7641866973896485,4.0,Female,Caucasian,High School,Moderate,A,2,3,8.199991116219714,1,0.1910466743474121,0.8409108689271538,0.9310344827586208
1417,15,0,0,1,14.49825493248879,17,1,2,1,0,0,0,1.503416679305313,4.0,Female,Caucasian,High School,Moderate,A,1,3,8.624563733122198,1,0.3758541698263282,0.7256931076655693,0.5862068965517241
1418,16,1,2,4,17.8952397402499,19,1,2,1,0,0,0,1.5258378621561266,4.0,Male,Asian,Higher,Moderate,A,1,6,9.473809935062476,1,0.3814594655390316,0.8957375807331293,0.6551724137931034
1419,18,0,0,2,2.3511449824187314,8,0,1,1,1,0,0,2.2708411075244164,3.0,Female,Caucasian,Some College,Low,B,2,3,4.587786245604683,0,0.5677102768811041,0.1176394872801592,0.2758620689655172
1420,16,0,1,2,19.80445069230148,3,0,2,0,0,0,0,3.402352538644452,1.0,Female,African American,Some College,Moderate,D,0,4,4.95111267307537,0,0.850588134661113,0.9913078551643526,0.1034482758620689
1421,16,0,1,4,4.188134278998672,20,1,2,0,1,0,0,1.4382049683676248,4.0,Female,African American,Higher,Moderate,A,1,6,6.047033569749668,1,0.3595512420919062,0.2095945281899715,0.6896551724137931
1422,16,1,0,1,0.2355975257328402,26,0,2,0,0,1,0,0.3365712986081556,4.0,Male,Caucasian,High School,Moderate,A,1,3,2.05889938143321,1,0.0841428246520389,0.011740528974642,0.896551724137931
1423,16,1,1,3,19.94845878107108,7,0,3,0,0,0,0,3.1122811365205387,1.0,Male,African American,Bachelor,High,D,0,6,4.98711469526777,0,0.7780702841301347,0.998516536085252,0.2413793103448275
1424,17,1,2,2,5.621477708902263,0,1,4,0,0,1,0,3.770694721842285,0.0,Male,Asian,Some College,Very High,F,1,6,6.4053694272255655,0,0.9426736804605712,0.2813440772918543,0.0
1425,18,1,0,3,13.360389050251198,16,0,1,0,0,0,0,1.655613322522051,4.0,Male,Caucasian,Bachelor,Low,A,0,4,3.3400972625627996,1,0.4139033306305127,0.6687344177342563,0.5517241379310345
1426,15,0,0,1,3.533646283526104,24,0,3,1,0,0,1,1.0504696915596752,4.0,Female,Caucasian,High School,High,A,2,4,4.883411570881526,1,0.2626174228899188,0.1768325134571099,0.8275862068965517
1427,15,0,0,3,11.604570643982834,8,1,1,0,0,1,0,2.5353912836886785,2.0,Female,Caucasian,Bachelor,Low,C,1,4,7.901142660995708,0,0.6338478209221696,0.5808425864213553,0.2758620689655172
1428,18,1,0,1,18.080699729091187,19,0,2,0,0,0,1,1.3960904942452492,4.0,Male,Caucasian,High School,Moderate,A,1,3,6.520174932272797,1,0.3490226235613123,0.9050212389954744,0.6551724137931034
1429,15,1,3,1,6.403623348568772,12,0,2,1,1,0,0,2.025416982399455,3.0,Male,Other,High School,Moderate,B,2,3,5.600905837142193,0,0.5063542455998638,0.3204963110184569,0.4137931034482758
1430,18,0,0,2,13.405079520887185,1,0,2,0,0,0,0,3.2683025478531924,1.0,Female,Caucasian,Some College,Moderate,D,0,4,3.351269880221796,0,0.8170756369632981,0.6709715097321586,0.0344827586206896
1431,15,0,1,1,3.75807177596833,12,0,3,1,1,0,0,2.017218038843316,3.0,Female,African American,High School,High,B,2,4,4.939517943992082,0,0.504304509710829,0.1880666863383299,0.4137931034482758
1432,16,1,0,2,12.495907974374504,8,0,2,1,0,0,0,2.3976825794915584,3.0,Male,Caucasian,Some College,Moderate,B,1,4,5.123976993593626,0,0.5994206448728896,0.6254606801866295,0.2758620689655172
1433,15,1,0,2,6.729007036350203,29,0,2,1,0,0,0,0.2878673233291232,4.0,Male,Caucasian,Some College,Moderate,A,1,4,3.682251759087551,1,0.0719668308322808,0.3367841959707713,1.0
1434,18,1,2,2,4.224165171759033,19,0,3,0,1,1,0,1.5487102111350304,4.0,Male,Asian,Some College,High,A,2,5,5.056041292939758,1,0.3871775527837576,0.2113981436078537,0.6551724137931034
1435,18,1,2,1,6.263641014072703,5,1,1,1,0,0,0,2.905242112307261,2.0,Male,Asian,High School,Low,C,1,2,6.565910253518176,0,0.7263105280768153,0.3134891491807685,0.1724137931034483
1436,18,0,0,0,3.576821370155987,27,0,1,0,1,0,0,0.2489771312307257,4.0,Female,Caucasian,,Low,A,1,1,2.8942053425389966,1,0.0622442828076814,0.178993749162036,0.9310344827586208
1437,18,0,0,1,18.038322156757655,0,1,0,1,0,0,0,3.4184098665461984,1.0,Female,Caucasian,High School,,D,1,1,9.509580539189416,0,0.8546024666365496,0.902899924840382,0.0
1438,18,0,0,2,7.943737726342577,27,1,1,0,0,0,0,0.5829208864689581,4.0,Female,Caucasian,Some College,Low,A,0,3,4.985934431585644,1,0.1457302216172395,0.3975905438904977,0.9310344827586208
1439,17,1,0,1,4.905586099487347,24,0,2,0,1,0,0,0.930028645913522,4.0,Male,Caucasian,High School,Moderate,A,1,3,3.226396524871837,1,0.2325071614783805,0.2455083528522506,0.8275862068965517
1440,17,1,1,1,8.968156820318658,4,0,2,1,0,1,0,2.679085718058188,2.0,Male,African American,High School,Moderate,C,2,3,6.2420392050796645,0,0.669771429514547,0.448870374355892,0.1379310344827586
1441,15,0,0,1,6.4107233361299105,2,1,1,0,0,0,1,3.1062304249844512,1.0,Female,Caucasian,High School,Low,D,1,2,6.602680834032478,0,0.7765576062461128,0.3208517184494415,0.0689655172413793
1442,18,0,0,0,14.88838507626652,3,0,0,1,0,0,1,2.7812878837000317,2.0,Female,Caucasian,,,C,2,0,7.72209626906663,0,0.6953219709250079,0.7452220365482918,0.1034482758620689
1443,15,0,0,2,19.424398237709887,0,0,3,0,1,1,1,4.0,0.0,Female,Caucasian,Some College,High,F,3,5,10.856099559427472,0,1.0,0.9722833899293568,0.0
1444,18,0,3,3,8.760673133952936,13,0,3,1,1,1,0,2.3327839636333105,3.0,Female,Other,Bachelor,High,B,3,6,8.190168283488234,0,0.5831959909083276,0.4384842654638045,0.4482758620689655
1445,18,1,3,1,17.220667999444807,8,1,4,1,0,0,0,3.0677183698465544,1.0,Male,Other,High School,Very High,D,1,5,9.305166999861202,0,0.7669295924616386,0.8619702244737205,0.2758620689655172
1446,17,0,0,2,11.31726147119239,29,0,4,0,1,0,0,0.869123386308555,4.0,Female,Caucasian,Some College,Very High,A,1,6,4.829315367798097,1,0.2172808465771387,0.5664606154502142,1.0
1447,17,0,2,2,3.1447133018846696,23,0,4,0,1,0,1,1.5205038773800068,4.0,Female,Asian,Some College,Very High,A,2,6,4.786178325471168,1,0.3801259693450017,0.1573635114849163,0.7931034482758621
1448,16,0,0,2,13.812454841626831,3,0,3,1,1,1,1,3.2898231421759827,1.0,Female,Caucasian,Some College,High,D,4,5,11.453113710406708,0,0.8224557855439957,0.6913636885837199,0.1034482758620689
1449,17,0,0,2,10.268689942516405,17,1,3,1,0,0,0,2.1757392926719743,3.0,Female,Caucasian,Some College,High,B,1,5,7.567172485629101,0,0.5439348231679936,0.5139717751527886,0.5862068965517241
1450,16,0,2,2,13.01213046504207,13,0,1,0,0,0,0,1.8524286908169376,4.0,Female,Asian,Some College,Low,A,0,3,3.2530326162605174,1,0.4631071727042344,0.6513014732365826,0.4482758620689655
1451,16,0,3,2,17.7937482514333,24,0,3,1,1,0,1,1.4772887703973712,4.0,Female,Other,Some College,High,A,3,5,10.448437062858323,1,0.3693221925993428,0.8906571733385389,0.8275862068965517
1452,16,0,3,0,8.808691413120922,3,0,0,0,0,0,0,2.878926862568036,2.0,Female,Other,,,C,0,0,2.2021728532802305,0,0.719731715642009,0.4408879391452634,0.1034482758620689
1453,16,1,1,2,18.023552464347112,24,0,3,0,1,1,0,1.0580507720986625,4.0,Male,African American,Some College,High,A,2,5,8.505888116086778,1,0.2645126930246656,0.9021605913710116,0.8275862068965517
1454,16,1,0,2,15.013380285633096,9,0,2,0,0,0,1,2.572890420104166,2.0,Male,Caucasian,Some College,Moderate,C,1,4,5.753345071408274,0,0.6432226050260414,0.7514789807842942,0.3103448275862069
1455,15,1,2,0,9.772098517559694,2,0,3,1,0,1,0,3.5877355870777485,0.0,Male,Asian,,High,F,2,3,6.443024629389924,0,0.8969338967694371,0.4891136636317403,0.0689655172413793
1456,17,1,0,1,12.064442713159274,22,0,0,1,1,0,1,1.30141801379926,4.0,Male,Caucasian,High School,,A,3,1,9.016110678289818,1,0.325354503449815,0.6038626198059425,0.7586206896551724
1457,16,0,1,4,6.511622650380229,6,1,2,0,1,1,0,3.2094931359032093,1.0,Female,African American,Higher,Moderate,D,2,6,8.627905662595058,0,0.8023732839758023,0.3259024830820574,0.2068965517241379
1458,18,1,0,2,19.671945994775484,9,0,2,0,0,0,0,2.5372306390536963,2.0,Male,Caucasian,Some College,Moderate,C,0,4,4.917986498693871,0,0.6343076597634241,0.9846750049324924,0.3103448275862069
1459,17,1,1,2,13.34702326100792,12,0,1,1,0,0,0,1.9893957592572007,4.0,Male,African American,Some College,Low,A,1,3,5.33675581525198,1,0.4973489398143002,0.668065360108855,0.4137931034482758
1460,17,0,0,3,0.8769370499325979,3,1,2,0,1,1,0,3.0042333028010937,1.0,Female,Caucasian,Bachelor,Moderate,D,2,5,7.219234262483149,0,0.7510583257002734,0.0438443644703987,0.1034482758620689
1461,16,0,0,2,6.532438114960176,17,0,0,1,1,0,0,1.5135167558797396,4.0,Female,Caucasian,Some College,,A,2,2,5.633109528740044,1,0.3783791889699349,0.3269444526245961,0.5862068965517241
1462,15,1,3,2,12.46628867518115,10,0,2,0,0,0,1,2.172740551700977,3.0,Male,Other,Some College,Moderate,B,1,4,5.116572168795288,0,0.5431851379252443,0.623978012936409,0.3448275862068966
1463,16,1,0,2,1.126665555984796,24,1,2,0,0,0,1,0.6416491686246723,4.0,Male,Caucasian,Some College,Moderate,A,1,4,5.281666388996199,1,0.160412292156168,0.0563451422556202,0.8275862068965517
1464,15,0,1,3,0.4776838263828553,3,0,3,0,1,0,0,2.7535902317989964,2.0,Female,African American,Bachelor,High,C,1,6,2.1194209565957136,0,0.6883975579497491,0.0238587572742964,0.1034482758620689
1465,18,1,0,2,9.000484790556051,23,0,2,1,0,1,0,1.0384883524708666,4.0,Male,Caucasian,Some College,Moderate,A,2,4,6.250121197639013,1,0.2596220881177166,0.4504886308319887,0.7931034482758621
1466,17,0,0,2,6.6538035938534,13,0,2,1,1,0,0,2.255019102931137,3.0,Female,Caucasian,Some College,Moderate,B,2,4,5.66345089846335,0,0.5637547757327842,0.3330197017278125,0.4482758620689655
1467,18,0,0,1,8.765972160663317,17,0,4,0,0,0,0,1.666702257521599,4.0,Female,Caucasian,High School,Very High,A,0,5,2.1914930401658292,1,0.4166755643803997,0.4387495213468096,0.5862068965517241
1468,15,0,0,4,5.253866197600104,7,0,2,0,0,0,0,2.499459429635027,3.0,Female,Caucasian,Higher,Moderate,B,0,6,1.313466549400026,0,0.6248648574087567,0.2629423742315028,0.2413793103448275
1469,15,0,2,2,3.2943549388596183,26,1,2,0,0,0,0,0.2782154592390721,4.0,Female,Asian,Some College,Moderate,A,0,4,3.823588734714905,1,0.069553864809768,0.1648541935893038,0.896551724137931
1470,18,1,0,0,13.782867139606754,9,0,2,1,0,0,0,2.6375942281323583,2.0,Male,Caucasian,,Moderate,C,1,2,5.4457167849016885,0,0.6593985570330896,0.6898826030081268,0.3103448275862069
1471,15,0,3,3,10.29142232535601,4,0,3,1,1,0,1,3.0571217282122816,1.0,Female,Other,Bachelor,High,D,3,6,8.572855581339002,0,0.7642804320530704,0.5151097007780958,0.1379310344827586
1472,18,0,1,2,4.003084224987337,22,0,2,1,1,0,0,1.3619328272119078,4.0,Female,African American,Some College,Moderate,A,2,4,5.000771056246834,1,0.3404832068029769,0.2003313902290396,0.7586206896551724
1473,17,1,0,0,6.391788525199966,6,1,2,1,0,1,0,3.2389317177358112,1.0,Male,Caucasian,,Moderate,D,2,2,8.59794713129999,0,0.8097329294339528,0.3199038896749765,0.2068965517241379
1474,18,0,1,2,11.83615815326652,11,1,3,1,1,0,0,2.573034385056746,2.0,Female,African American,Some College,High,C,2,5,9.959039538316633,0,0.6432585962641865,0.5924352717625441,0.3793103448275862
1475,17,1,1,2,1.444586965449557,24,0,0,0,0,0,0,0.0,4.0,Male,African American,Some College,,A,0,2,0.3611467413623892,1,0.0,0.0722594844174745,0.8275862068965517
1476,18,1,2,3,2.949060185323591,2,1,3,0,1,0,1,3.1439098781210157,1.0,Male,Asian,Bachelor,High,D,2,6,7.737265046330898,0,0.7859774695302539,0.1475696110136387,0.0689655172413793
1477,15,1,0,1,1.4649120821478023,25,1,2,1,0,0,0,1.04646340029671,4.0,Male,Caucasian,High School,Moderate,A,1,3,5.36622802053695,1,0.2616158500741775,0.0732769083844859,0.8620689655172413
1478,18,0,0,3,16.246346654282377,3,0,2,0,0,0,1,2.8685742282208135,2.0,Female,Caucasian,Bachelor,Moderate,C,1,5,6.061586663570594,0,0.7171435570552034,0.8131981606840631,0.1034482758620689
1479,15,1,2,2,15.048184664240186,9,0,3,0,0,0,0,2.6394472915746228,2.0,Male,Asian,Some College,High,C,0,5,3.7620461660600464,0,0.6598618228936557,0.7532212000038695,0.3103448275862069
1480,18,1,3,0,15.06625863758514,3,0,1,0,0,0,0,2.669749932596335,2.0,Male,Other,,Low,C,0,1,3.766564659396285,0,0.6674374831490838,0.7541259374247311,0.1034482758620689
1481,18,0,2,4,14.32650686952056,14,1,3,0,1,1,0,2.794885282534225,2.0,Female,Asian,Higher,High,C,2,7,10.58162671738014,0,0.6987213206335563,0.717095833753398,0.4827586206896551
1482,16,1,0,2,13.387708473397383,28,1,4,0,0,0,1,1.1865697291923056,4.0,Male,Caucasian,Some College,Very High,A,1,6,8.346927118349345,1,0.2966424322980764,0.6701019590028512,0.9655172413793104
1483,15,1,2,1,9.5398383075635,9,0,2,0,0,0,0,2.520175258554297,2.0,Male,Asian,High School,Moderate,C,0,3,2.384959576890875,0,0.6300438146385743,0.4774873045932393,0.3103448275862069
1484,16,1,0,2,12.8455632701423,20,0,4,0,0,1,0,1.6010784880682591,4.0,Male,Caucasian,Some College,Very High,A,1,6,5.211390817535575,1,0.4002696220170648,0.6429635404844664,0.6896551724137931
1485,15,1,0,3,0.767231095759493,29,0,0,0,0,0,0,0.0,4.0,Male,Caucasian,Bachelor,,A,0,3,0.1918077739398732,1,0.0,0.0383527617034041,1.0
1486,16,1,0,1,12.429288453135692,21,1,3,0,0,1,0,1.5950547587554351,4.0,Male,Caucasian,High School,High,A,1,4,8.107322113283923,1,0.3987636896888588,0.6221258753446458,0.7241379310344828
1487,17,0,1,1,15.557554110737543,15,1,2,1,0,0,0,2.222002853095735,3.0,Female,African American,High School,Moderate,B,1,3,8.889388527684385,0,0.5555007132739338,0.7787189469848,0.5172413793103449
1488,18,1,0,1,10.007167207687804,14,0,2,0,0,0,1,1.6150931484836668,4.0,Male,Caucasian,High School,Moderate,A,1,3,4.501791801921951,1,0.4037732871209167,0.5008806080867733,0.4827586206896551
1489,15,1,0,1,7.150266568544739,18,0,1,1,1,0,1,1.6759194307143808,4.0,Male,Caucasian,High School,Low,A,3,2,7.787566642136184,1,0.4189798576785952,0.3578713833532543,0.6206896551724138
1490,15,0,2,2,5.5485346960195825,28,0,2,1,0,0,0,0.2143195035843396,4.0,Female,Asian,Some College,Moderate,A,1,4,3.387133674004896,1,0.0535798758960849,0.27769273444179,0.9655172413793104
1491,18,0,0,2,12.85604100324165,19,1,1,1,0,0,0,1.5567655569083212,4.0,Female,Caucasian,Some College,Low,A,1,3,8.214010250810412,1,0.3891913892270803,0.643488029319315,0.6551724137931034
1492,15,0,0,1,13.856023972598177,18,0,4,1,1,0,0,2.154199353389932,3.0,Female,Caucasian,High School,Very High,B,2,5,7.464005993149544,0,0.538549838347483,0.693544649152371,0.6206896551724138
1493,15,1,0,1,17.41935199725085,17,0,3,0,1,0,0,2.0706693123979414,3.0,Male,Caucasian,High School,High,B,1,4,6.354837999312712,0,0.5176673280994853,0.871915843199096,0.5862068965517241
1494,16,0,3,1,6.846681649219814,25,1,1,0,1,0,0,0.5672371067999946,4.0,Female,Other,High School,Low,A,1,2,6.7116704123049535,1,0.1418092766999986,0.3426746896500852,0.8620689655172413
1495,15,1,1,3,15.395446147711713,11,0,1,1,0,0,0,2.162688107920216,3.0,Male,African American,Bachelor,Low,B,1,4,5.848861536927928,0,0.540672026980054,0.7706042321088891,0.3793103448275862
1496,17,1,0,1,11.22711648378676,24,1,3,0,0,1,0,1.2912304259430896,4.0,Male,Caucasian,High School,High,A,1,4,7.80677912094669,1,0.3228076064857724,0.5619481852362048,0.8275862068965517
1497,17,0,2,4,17.656729813561583,15,0,2,0,1,1,0,2.340156389104695,3.0,Female,Asian,Higher,Moderate,B,2,6,8.414182453390396,0,0.5850390972761738,0.8837983766741545,0.5172413793103449
1498,18,0,2,2,10.556242165912415,0,0,1,0,0,0,0,2.9239697400630495,2.0,Female,Asian,Some College,Low,C,0,3,2.639060541478104,0,0.7309924350157624,0.5283659126228961,0.0
1499,15,1,0,1,10.352596567959344,15,1,2,1,0,1,0,2.1901466017791726,3.0,Male,Caucasian,High School,Moderate,B,2,3,9.588149141989836,0,0.5475366504447932,0.5181719287353787,0.5172413793103449
1500,18,0,1,3,11.557541628818182,1,0,2,0,0,0,0,3.0742141920071315,1.0,Female,African American,Bachelor,Moderate,D,0,5,2.8893854072045455,0,0.7685535480017829,0.5784884327953842,0.0344827586206896
1501,17,1,2,2,14.986307102848688,23,0,1,0,0,0,0,1.009430321848957,4.0,Male,Asian,Some College,Low,A,0,3,3.746576775712172,1,0.2523575804622393,0.7501237656857991,0.7931034482758621
1502,15,0,1,2,19.293809576569217,14,0,3,1,1,0,0,2.118500601923897,3.0,Female,African American,Some College,High,B,2,5,8.823452394142304,0,0.5296251504809742,0.965746451635865,0.4827586206896551
1503,15,0,0,4,1.471267084315313,6,0,3,1,0,0,0,2.615347947639846,2.0,Female,Caucasian,Higher,High,C,1,7,2.3678167710788283,0,0.6538369869099615,0.0735950237297323,0.2068965517241379
1504,18,0,2,0,1.0686920478203432,27,0,0,0,1,1,0,0.4159305071778432,4.0,Female,Asian,,,A,2,0,4.2671730119550855,1,0.1039826267944608,0.0534431349739922,0.9310344827586208
1505,17,1,1,0,18.75100674814677,0,1,4,1,0,0,0,3.9470929642201784,0.0,Male,African American,,Very High,F,1,4,9.687751687036693,0,0.9867732410550446,0.9385751140638524,0.0
1506,15,0,0,2,10.597512510364124,4,1,2,0,1,0,0,3.0173532270832526,1.0,Female,Caucasian,Some College,Moderate,D,1,4,7.649378127591032,0,0.7543383067708131,0.5304318017489157,0.1379310344827586
1507,18,1,0,1,12.298060291338722,9,1,1,1,0,0,0,2.813786291054958,2.0,Male,Caucasian,High School,Low,C,1,2,8.07451507283468,0,0.7034465727637395,0.6155569252647373,0.3103448275862069
1508,17,1,0,1,9.648472031894578,21,0,1,0,0,0,0,0.7696361214560695,4.0,Male,Caucasian,High School,Low,A,0,2,2.4121180079736444,1,0.1924090303640173,0.4829252342445702,0.7241379310344828
1509,18,1,0,0,1.8731490521494896,20,1,1,0,0,0,0,0.8922661351679123,4.0,Male,Caucasian,,Low,A,0,1,3.4682872630373724,1,0.223066533791978,0.0937122192201522,0.6896551724137931
1510,16,1,2,0,15.36178756837333,3,1,2,1,1,0,0,3.666290826527483,0.0,Male,Asian,,Moderate,F,2,2,10.840446892093333,0,0.9165727066318708,0.7689193687045189,0.1034482758620689
1511,15,0,0,2,14.94449290177174,13,0,1,0,1,0,0,1.4015482387657991,4.0,Female,Caucasian,Some College,Low,A,1,3,5.736123225442935,1,0.3503870596914498,0.7480306524718024,0.4482758620689655
1512,16,1,0,1,6.23406642985624,12,0,2,0,0,0,1,1.4233383361752172,4.0,Male,Caucasian,High School,Moderate,A,1,3,3.55851660746406,1,0.3558345840438043,0.3120087202492669,0.4137931034482758
1513,17,1,1,2,6.124784904568008,0,0,1,1,0,0,1,3.1496447435255135,1.0,Male,African American,Some College,Low,D,2,3,5.5311962261420025,0,0.7874111858813784,0.3065383633194389,0.0
1514,16,0,0,2,16.75682761811037,15,1,3,0,1,0,1,2.353731151756538,3.0,Female,Caucasian,Some College,High,B,2,5,11.189206904527593,0,0.5884327879391344,0.838751547413032,0.5172413793103449
1515,16,1,3,2,1.4471451548265324,22,0,3,1,1,0,0,1.1613543513353255,4.0,Male,Other,Some College,High,A,2,5,4.361786288706633,1,0.2903385878338314,0.0723875409114633,0.7586206896551724
1516,17,0,0,0,17.622102967131315,8,1,2,0,0,0,0,2.6471959858736853,2.0,Female,Caucasian,,Moderate,C,0,2,7.405525741782829,0,0.6617989964684213,0.8820650442666108,0.2758620689655172
1517,18,1,0,2,5.1332337979182885,21,0,3,0,1,1,0,1.2989979848488324,4.0,Male,Caucasian,Some College,High,A,2,5,5.283308449479572,1,0.3247494962122081,0.2569038212206375,0.7241379310344828
1518,16,0,0,0,11.859694955109878,15,1,4,1,0,0,0,2.6441973683601545,2.0,Female,Caucasian,,Very High,C,1,4,7.96492373877747,0,0.6610493420900386,0.5936134645698846,0.5172413793103449
1519,18,1,0,2,18.719883580035553,18,0,3,0,0,0,0,1.737989618721448,4.0,Male,Caucasian,Some College,High,A,0,5,4.679970895008888,1,0.434497404680362,0.9370171669368668,0.6206896551724138
1520,16,0,0,3,13.56245003073293,14,0,2,0,0,0,0,2.0187768989965207,3.0,Female,Caucasian,Bachelor,Moderate,B,0,5,3.3906125076832323,0,0.5046942247491302,0.6788490796765263,0.4827586206896551
1521,18,1,2,2,8.288596249340731,25,0,2,0,1,0,0,0.7177804975968944,4.0,Male,Asian,Some College,Moderate,A,1,4,4.072149062335183,1,0.1794451243992236,0.4148532898680776,0.8620689655172413
1522,17,1,3,2,13.790684178108304,13,0,3,1,0,0,0,2.2675844008883907,3.0,Male,Other,Some College,High,B,1,5,5.447671044527076,0,0.5668961002220977,0.6902739041967303,0.4482758620689655
1523,16,0,0,2,6.879592726327404,19,1,1,0,0,0,0,1.2714946229661936,4.0,Female,Caucasian,Some College,Low,A,0,3,4.719898181581851,1,0.3178736557415484,0.3443221349822103,0.6551724137931034
1524,17,0,1,1,5.545168326983722,9,1,2,0,1,0,0,2.6216668933929705,2.0,Female,African American,High School,Moderate,C,1,3,6.38629208174593,0,0.6554167233482426,0.2775242225168776,0.3103448275862069
1525,16,0,2,3,19.93366555869359,20,0,2,0,0,0,0,1.228528505250038,4.0,Female,Asian,Bachelor,Moderate,A,0,5,4.983416389673398,1,0.3071321263125095,0.997776024765212,0.6896551724137931
1526,17,0,2,3,15.015804623595754,11,0,3,0,1,0,1,2.4953123609841468,3.0,Female,Asian,Bachelor,High,B,2,6,7.753951155898939,0,0.6238280902460367,0.7516003370148125,0.3793103448275862
1527,17,1,0,1,12.894399547636352,27,0,3,0,1,0,0,0.7017618078332725,4.0,Male,Caucasian,High School,High,A,1,4,5.2235998869090885,1,0.1754404519583181,0.6454081610945098,0.9310344827586208
1528,16,1,0,2,7.105792864386375,0,0,2,1,1,1,0,3.8649768612963977,0.0,Male,Caucasian,Some College,Moderate,F,3,4,7.776448216096593,0,0.9662442153240994,0.3556451421373109,0.0
1529,16,0,0,3,0.9832165831009632,20,0,1,1,0,1,0,0.684651926072042,4.0,Female,Caucasian,Bachelor,Low,A,2,4,4.2458041457752405,1,0.1711629815180105,0.0491644492627096,0.6896551724137931
1530,16,1,2,4,0.6211375207031122,16,1,4,0,0,0,0,1.88585022368373,4.0,Male,Asian,Higher,Very High,A,0,8,3.155284380175778,1,0.4714625559209325,0.0310396866103802,0.5517241379310345
1531,15,0,2,2,11.083625108975976,8,1,0,0,1,0,0,2.3278327626806856,3.0,Female,Asian,Some College,,B,1,2,7.770906277243994,0,0.5819581906701714,0.5547653697100084,0.2758620689655172
1532,18,0,0,2,15.240654420781022,22,0,0,1,0,1,0,0.8802328124843197,4.0,Female,Caucasian,Some College,,A,2,2,7.810163605195255,1,0.2200582031210799,0.7628557495189727,0.7586206896551724
1533,15,1,0,1,10.7475838088771,18,0,2,0,0,1,0,1.4119815069059265,4.0,Male,Caucasian,High School,Moderate,A,1,3,4.686895952219275,1,0.3529953767264816,0.5379439916238602,0.6206896551724138
1534,15,1,3,4,16.81570143878229,24,0,3,0,1,1,1,1.6625318303754022,4.0,Male,Other,Higher,High,A,3,7,10.203925359695573,1,0.4156329575938505,0.8416986220631035,0.8275862068965517
1535,17,1,2,1,0.6685306618644327,17,0,3,1,0,0,0,1.3415984768250016,4.0,Male,Asian,High School,High,A,1,4,2.167132665466108,1,0.3353996192062504,0.0334120674633593,0.5862068965517241
1536,16,1,3,2,7.335041528518802,27,0,4,1,1,0,0,0.6592029163279249,4.0,Male,Other,Some College,Very High,A,2,6,5.8337603821297,1,0.1648007290819812,0.3671207508020236,0.9310344827586208
1537,18,1,2,1,4.741407823483561,6,0,1,0,0,1,0,2.153371206457846,3.0,Male,Asian,High School,Low,B,1,2,3.1853519558708903,0,0.5383428016144615,0.2372900033417021,0.2068965517241379
1538,17,1,0,1,8.94545936314244,8,0,2,0,0,1,0,2.4431029199121954,3.0,Male,Caucasian,High School,Moderate,B,1,3,4.23636484078561,0,0.6107757299780489,0.4477341970210139,0.2758620689655172
1539,15,1,1,2,1.4475278638824496,21,0,1,0,0,0,0,0.2700885546341743,4.0,Male,African American,Some College,Low,A,0,3,0.3618819659706124,1,0.0675221386585435,0.0724066983594456,0.7241379310344828
1540,16,0,1,4,19.08263283142145,25,0,3,0,0,1,0,1.316724623344178,4.0,Female,African American,Higher,High,A,1,7,6.770658207855362,1,0.3291811558360445,0.9551754775559304,0.8620689655172413
1541,17,0,0,0,4.465108021387218,20,0,2,1,0,0,0,0.8177142023856205,4.0,Female,Caucasian,,Moderate,A,1,2,3.1162770053468045,1,0.2044285505964051,0.2234591336396061,0.6896551724137931
1542,16,0,1,2,18.446155509671694,11,0,0,0,1,0,0,2.056945969742978,3.0,Female,African American,Some College,,B,1,2,6.611538877417924,0,0.5142364924357445,0.9233150316248456,0.3793103448275862
1543,17,0,2,0,8.517863100733635,6,1,3,1,0,0,0,3.219333348074609,1.0,Female,Asian,,High,D,1,3,7.129465775183409,0,0.8048333370186522,0.4263298089410786,0.2068965517241379
1544,16,0,0,1,19.71048266510436,13,1,2,0,0,0,0,2.2408700600381573,3.0,Female,Caucasian,High School,Moderate,B,0,3,7.92762066627609,0,0.5602175150095393,0.9866040532417109,0.4482758620689655
1545,15,1,2,2,11.081167669204214,14,1,2,0,1,0,0,1.9137997969013387,4.0,Male,Asian,Some College,Moderate,A,1,4,7.770291917301053,1,0.4784499492253347,0.5546423564865964,0.4827586206896551
1546,18,0,1,2,18.616657283516147,14,0,3,0,0,1,0,2.240334376463302,3.0,Female,African American,Some College,High,B,1,5,6.654164320879037,0,0.5600835941158255,0.9318499194536708,0.4827586206896551
1547,15,0,3,1,0.1069797738844569,5,0,1,1,0,0,0,2.2545475861917157,3.0,Female,Other,High School,Low,B,1,2,2.0267449434711144,0,0.5636368965479289,0.0053022494185414,0.1724137931034483
1548,18,0,0,1,14.964776123618002,20,0,1,1,1,1,0,1.8913004299388907,4.0,Female,Caucasian,High School,Low,A,3,2,9.7411940309045,1,0.4728251074847227,0.7490459792884193,0.6896551724137931
1549,16,0,0,0,18.061013062050307,13,0,1,0,0,1,0,2.2062263414776675,3.0,Female,Caucasian,,Low,B,1,1,6.515253265512577,0,0.5515565853694169,0.9040357742045296,0.4482758620689655
1550,17,0,1,1,2.7944113395790815,1,1,2,0,1,0,0,3.335098154642011,1.0,Female,African American,High School,Moderate,D,1,3,5.69860283489477,0,0.8337745386605028,0.1398282806947482,0.0344827586206896
1551,15,0,0,4,1.9225170346430296,7,0,1,1,1,0,0,2.4119864614713284,3.0,Female,Caucasian,Higher,Low,B,2,5,4.480629258660757,0,0.6029966153678321,0.0961834556385027,0.2413793103448275
1552,18,0,2,3,8.491452143719112,12,0,3,0,1,0,0,2.1609785190420574,3.0,Female,Asian,Bachelor,High,B,1,6,4.122863035929778,0,0.5402446297605143,0.425007743190745,0.4137931034482758
1553,15,1,2,1,18.673578122658704,22,0,1,0,1,0,0,1.165394363121266,4.0,Male,Asian,High School,Low,A,1,2,6.668394530664676,1,0.2913485907803165,0.9346992327848478,0.7586206896551724
1554,18,1,0,2,10.847731203808774,5,0,4,0,0,0,0,2.58350063639477,2.0,Male,Caucasian,Some College,Very High,C,0,6,2.7119328009521935,0,0.6458751590986925,0.5429571170759783,0.1724137931034483
1555,15,0,1,3,10.549129274434645,4,1,1,0,1,0,0,3.017063255946228,1.0,Female,African American,Bachelor,Low,D,1,4,7.637282318608661,0,0.754265813986557,0.5280098592544615,0.1379310344827586
1556,18,1,1,0,2.822522365986438,4,0,1,1,1,0,1,2.5761746968185832,2.0,Male,African American,,Low,C,3,1,6.705630591496609,0,0.6440436742046458,0.1412354476216965,0.1379310344827586
1557,18,1,0,3,0.0157902218643757,24,0,1,0,0,0,0,0.2333498804715068,4.0,Male,Caucasian,Bachelor,Low,A,0,4,0.0039475554660939,1,0.0583374701178767,0.0007375309402326,0.8275862068965517
1558,16,1,3,3,16.202801814909225,0,0,3,1,0,0,0,3.646516388949796,0.0,Male,Other,Bachelor,High,F,1,6,6.050700453727306,0,0.911629097237449,0.8110184160914169,0.0
1559,18,1,2,0,1.7514912597247645,8,1,2,1,1,0,0,2.6054252316173008,2.0,Male,Asian,,Moderate,C,2,2,7.437872814931192,0,0.6513563079043252,0.0876223376404169,0.2758620689655172
1560,16,0,1,1,12.67699637470648,5,0,3,1,0,1,0,3.3669295153821057,1.0,Female,African American,High School,High,D,2,4,7.16924909367662,0,0.8417323788455264,0.6345255077780704,0.1724137931034483
1561,18,1,2,4,18.29232909030383,19,0,3,0,1,0,0,1.5837802579379994,4.0,Male,Asian,Higher,High,A,1,7,6.573082272575958,1,0.3959450644844998,0.9156148698915592,0.6551724137931034
1562,17,1,0,2,4.17303826316862,25,0,4,0,0,1,0,0.7763967059483814,4.0,Male,Caucasian,Some College,Very High,A,1,6,3.0432595657921553,1,0.1940991764870953,0.2088388597950538,0.8620689655172413
1563,17,1,3,0,13.305456724738216,29,1,3,0,0,1,0,0.7834866400151184,4.0,Male,Other,,High,A,1,3,8.326364181184553,1,0.1958716600037796,0.6659846443690975,1.0
1564,17,0,1,1,1.5739715341501892,6,0,0,0,0,1,0,2.328311711261717,3.0,Female,African American,High School,,B,1,1,2.3934928835375473,0,0.5820779278154292,0.0787361488869495,0.2068965517241379
1565,18,0,2,2,12.07510287675226,8,0,3,1,0,0,0,2.718465435794503,2.0,Female,Asian,Some College,High,C,1,5,5.018775719188065,0,0.6796163589486257,0.6043962406501812,0.2758620689655172
1566,16,0,2,2,3.278634419064055,4,1,4,1,0,0,0,3.2448822032661777,1.0,Female,Asian,Some College,Very High,D,1,6,5.819658604766014,0,0.8112205508165444,0.1640672641044037,0.1379310344827586
1567,16,0,0,2,14.71907121030356,13,1,4,1,0,0,0,2.8656747490202017,2.0,Female,Caucasian,Some College,Very High,C,1,6,8.67976780257589,0,0.7164186872550504,0.7367466123853917,0.4482758620689655
1568,18,0,2,4,6.024625895878164,4,0,1,0,0,0,0,2.326326756466653,3.0,Female,Asian,Higher,Low,B,0,5,1.506156473969541,0,0.5815816891166633,0.3015246565119425,0.1379310344827586
1569,17,0,0,1,9.267820176092926,7,1,3,0,1,1,0,3.303066678642581,1.0,Female,Caucasian,High School,High,D,2,4,9.316955044023231,0,0.8257666696606453,0.4638707645000789,0.2413793103448275
1570,17,0,0,2,11.988610840552434,6,0,1,0,0,0,0,2.4892182377565297,3.0,Female,Caucasian,Some College,Low,B,0,3,2.997152710138109,0,0.6223045594391324,0.6000666679401303,0.2068965517241379
1571,16,1,0,2,3.4254682133247916,12,1,1,1,1,1,0,2.600264186907329,2.0,Male,Caucasian,Some College,Low,C,3,3,9.856367053331198,0,0.6500660467268322,0.1714173926997782,0.4137931034482758
1572,17,1,3,2,14.832756372352415,12,0,3,0,0,0,0,2.119171492034809,3.0,Male,Other,Some College,High,B,0,5,3.708189093088104,0,0.5297928730087023,0.7424374042405778,0.4137931034482758
1573,15,1,2,1,6.052806812736291,7,0,4,0,0,0,0,2.522694547891483,2.0,Male,Asian,High School,Very High,C,0,5,1.5132017031840728,0,0.6306736369728707,0.3029353219781973,0.2413793103448275
1574,16,0,2,4,13.24743719825507,10,1,2,0,0,0,0,2.475854110200245,3.0,Female,Asian,Higher,Moderate,B,0,6,6.311859299563768,0,0.6189635275500612,0.6630803335267543,0.3448275862068966
1575,17,0,2,3,3.165661013987473,27,1,3,1,0,0,0,0.782809234051424,4.0,Female,Asian,Bachelor,High,A,1,6,5.791415253496869,1,0.195702308512856,0.1584121010041729,0.9310344827586208
1576,16,0,1,2,13.762353184127004,25,0,0,1,0,0,0,0.7664048694920337,4.0,Female,African American,Some College,,A,1,2,5.440588296031751,1,0.1916012173730084,0.6888557262490328,0.8620689655172413
1577,15,0,3,2,2.563761456209235,17,1,0,1,0,0,0,1.2836220775478306,4.0,Female,Other,Some College,,A,1,2,5.640940364052309,1,0.3209055193869576,0.1282825305368105,0.5862068965517241
1578,16,0,0,1,8.507129925399672,24,0,2,1,0,0,0,0.6431459327503606,4.0,Female,Caucasian,High School,Moderate,A,1,3,4.1267824813499185,1,0.1607864831875901,0.4257925333136352,0.8275862068965517
1579,16,1,0,2,4.944121474777536,18,1,2,0,0,0,0,1.6692302172984,4.0,Male,Caucasian,Some College,Moderate,A,0,4,4.236030368694384,1,0.4173075543246,0.2474373363351057,0.6206896551724138
1580,16,1,0,2,14.96750498856365,5,0,3,0,0,0,0,3.2820700505937532,1.0,Male,Caucasian,Some College,High,D,0,5,3.7418762471409126,0,0.8205175126484383,0.7491825793699668,0.1724137931034483
1581,16,0,2,2,5.240700090137491,21,0,2,0,1,0,0,0.7437140169647167,4.0,Female,Asian,Some College,Moderate,A,1,4,3.3101750225343727,1,0.1859285042411791,0.2622833121713147,0.7241379310344828
1582,15,0,2,4,17.634346127907925,1,0,2,0,0,0,1,3.3250668431789085,1.0,Female,Asian,Higher,Moderate,D,1,6,6.408586531976981,0,0.8312667107947271,0.8826779059485893,0.0344827586206896
1583,18,0,0,2,17.836404228132256,27,0,2,1,1,0,1,1.184519764401664,4.0,Female,Caucasian,Some College,Moderate,A,3,4,10.459101057033063,1,0.296129941100416,0.8927924237124542,0.9310344827586208
1584,16,0,0,1,3.928826304455717,12,0,1,0,0,0,0,1.6165360987452144,4.0,Female,Caucasian,High School,Low,A,0,2,0.9822065761139293,1,0.4041340246863036,0.1966142264257035,0.4137931034482758
1585,16,1,2,2,12.276918900154485,22,0,4,0,0,0,0,1.5830839708839028,4.0,Male,Asian,Some College,Very High,A,0,6,3.069229725038621,1,0.3957709927209757,0.6144986406602182,0.7586206896551724
1586,17,0,0,1,1.7543528343992865,24,0,2,0,0,0,0,0.1842514890903642,4.0,Female,Caucasian,High School,Moderate,A,0,3,0.4385882085998216,1,0.046062872272591,0.0877655808355472,0.8275862068965517
1587,16,0,2,1,7.830741992032584,27,1,2,0,0,0,0,0.4721810422090253,4.0,Female,Asian,High School,Moderate,A,0,3,4.957685498008146,1,0.1180452605522563,0.3919342630452829,0.9310344827586208
1588,17,0,3,1,14.266434590025446,25,0,3,1,1,0,0,1.2993555178087297,4.0,Female,Other,High School,High,A,2,4,7.566608647506362,1,0.3248388794521824,0.714088767283929,0.8620689655172413
1589,18,0,0,2,13.188464936998326,10,0,2,0,0,0,1,2.379628283206932,3.0,Female,Caucasian,Some College,Moderate,B,1,4,5.2971162342495814,0,0.594907070801733,0.6601283311898304,0.3448275862068966
1590,15,1,0,2,12.49401338813216,0,0,3,0,0,0,0,3.5662831299671103,0.0,Male,Caucasian,Some College,High,F,0,5,3.12350334703304,0,0.8915707824917776,0.6253658419882,0.0
1591,15,0,2,2,5.6508172732488715,23,0,1,0,0,0,0,0.2783475708696343,4.0,Female,Asian,Some College,Low,A,0,3,1.412704318312218,1,0.0695868927174085,0.2828127417227202,0.7931034482758621
1592,18,0,2,2,7.560498988688041,1,0,1,0,0,0,0,2.4215468827715467,3.0,Female,Asian,Some College,Low,B,0,3,1.8901247471720104,0,0.6053867206928867,0.3784065813791983,0.0344827586206896
1593,15,1,1,2,2.0589228940057236,29,0,4,0,1,0,1,0.6176804235913715,4.0,Male,African American,Some College,Very High,A,2,6,4.514730723501431,1,0.1544201058978428,0.1030115881711131,1.0
1594,18,1,3,1,14.38045640867202,16,0,3,0,0,0,0,1.804726657837384,4.0,Male,Other,High School,High,A,0,4,3.595114102168005,1,0.451181664459346,0.7197964113174449,0.5517241379310345
1595,18,1,0,3,10.077775935825471,7,0,2,1,0,0,0,2.6352081296382535,2.0,Male,Caucasian,Bachelor,Moderate,C,1,5,4.519443983956368,0,0.6588020324095634,0.504415102542771,0.2413793103448275
1596,18,0,1,1,14.175312646913092,1,0,3,0,0,0,1,3.436025388769573,1.0,Female,African American,High School,High,D,1,4,5.543828161728273,0,0.8590063471923932,0.7095274331366489,0.0344827586206896
1597,15,0,2,1,4.978870495937455,5,0,4,0,0,1,1,2.7373779261627593,2.0,Female,Asian,High School,Very High,C,2,5,5.244717623984364,0,0.6843444815406898,0.2491767845008002,0.1724137931034483
1598,17,1,2,2,6.488764572701324,21,1,1,1,0,0,1,1.1466960797952552,4.0,Male,Asian,Some College,Low,A,2,3,8.622191143175332,1,0.2866740199488138,0.3247582654908082,0.7241379310344828
1599,18,1,0,1,6.684306745202293,4,0,0,0,0,0,0,2.4052675257641485,3.0,Male,Caucasian,High School,,B,0,1,1.6710766863005733,0,0.6013168814410371,0.3345466123828651,0.1379310344827586
1600,16,1,2,0,0.514848194944324,15,1,2,0,0,1,0,1.5252820489261911,4.0,Male,Asian,,Moderate,A,1,2,5.128712048736081,1,0.3813205122315478,0.0257191116257451,0.5172413793103449
1601,15,1,1,2,6.82095745661247,7,0,1,1,1,0,0,2.4461570806358237,3.0,Male,African American,Some College,Low,B,2,3,5.705239364153117,0,0.6115392701589559,0.3413870015900708,0.2413793103448275
1602,18,1,0,2,16.06609147036067,18,1,1,1,0,1,0,1.9529530122549463,4.0,Male,Caucasian,Some College,Low,A,2,3,11.016522867590169,1,0.4882382530637366,0.8041750418000361,0.6206896551724138
1603,18,1,0,2,17.94596991499477,15,0,3,1,0,0,0,2.293087191388992,3.0,Male,Caucasian,Some College,High,B,1,5,6.486492478748692,0,0.573271797847248,0.898277005052428,0.5172413793103449
1604,16,0,2,4,10.364366312718548,12,0,0,0,0,1,0,1.4716720294797634,4.0,Female,Asian,Higher,,A,1,4,4.591091578179637,1,0.3679180073699408,0.5187610924081587,0.4137931034482758
1605,17,0,0,2,9.110033904384403,25,1,3,0,0,0,1,1.106713497753671,4.0,Female,Caucasian,Some College,High,A,1,5,7.2775084760961,1,0.2766783744384177,0.4559723825677634,0.8620689655172413
1606,17,0,0,3,0.6164923739874051,19,0,2,0,1,0,1,1.2058569757056352,4.0,Female,Caucasian,Bachelor,Moderate,A,2,5,4.154123093496851,1,0.3014642439264088,0.0308071623071248,0.6551724137931034
1607,17,1,0,1,17.584086751707652,6,0,2,0,0,0,0,2.5590703550177483,2.0,Male,Caucasian,High School,Moderate,C,0,3,4.396021687926913,0,0.6397675887544371,0.8801620486144164,0.2068965517241379
1608,18,1,2,2,0.2602042685174544,15,0,3,1,1,1,0,2.4576510224957073,3.0,Male,Asian,Some College,High,B,3,5,6.065051067129364,0,0.6144127556239268,0.0129722803210592,0.5172413793103449
1609,18,1,1,3,18.895001604204236,22,1,2,0,0,0,0,1.2267412857712765,4.0,Male,African American,Bachelor,Moderate,A,0,5,7.723750401051059,1,0.3066853214428191,0.94578313258863,0.7586206896551724
1610,18,1,2,2,9.784324973761812,15,0,1,0,0,0,1,1.5904330983565391,4.0,Male,Asian,Some College,Low,A,1,3,4.446081243440453,1,0.3976082745891348,0.4897256891249432,0.5172413793103449
1611,15,1,0,2,6.838689871494532,28,0,1,1,0,0,0,0.3106695325979863,4.0,Male,Caucasian,Some College,Low,A,1,3,3.709672467873633,1,0.0776673831494965,0.3422746414576224,0.9655172413793104
1612,16,1,1,1,18.484368696853203,11,1,3,1,0,0,0,2.7718106588704914,2.0,Male,African American,High School,High,C,1,4,9.6210921742133,0,0.6929526647176228,0.9252278871853608,0.3793103448275862
1613,18,0,1,0,0.4878198622019347,13,0,1,1,0,0,0,1.5826829916643974,4.0,Female,African American,,Low,A,1,1,2.1219549655504837,1,0.3956707479160993,0.0243661416069879,0.4482758620689655
1614,16,0,2,2,11.628497897381742,23,1,0,1,0,0,1,1.1055870981431069,4.0,Female,Asian,Some College,,A,2,2,9.907124474345435,1,0.2763967745357767,0.5820403242466395,0.7931034482758621
1615,16,1,3,1,10.978650489986752,17,0,4,0,0,0,0,2.3002961351673665,3.0,Male,Other,High School,Very High,B,0,5,2.744662622496688,0,0.5750740337918416,0.5495106056231313,0.5862068965517241
1616,17,0,0,3,4.3864080242276415,26,1,4,1,1,0,0,0.9918836980476614,4.0,Female,Caucasian,Bachelor,Very High,A,2,7,8.09660200605691,1,0.2479709245119153,0.219519610708316,0.896551724137931
1617,15,1,1,1,8.577748627004212,27,0,2,0,1,1,1,0.1651106215518772,4.0,Male,African American,High School,Moderate,A,3,3,8.144437156751053,1,0.0412776553879693,0.4293275270161751,0.9310344827586208
1618,18,0,0,4,13.045280118875404,17,0,0,0,0,0,0,0.9893299205987556,4.0,Female,Caucasian,Higher,,A,0,4,3.261320029718851,1,0.2473324801496889,0.6529608611165586,0.5862068965517241
1619,17,1,1,4,14.54262393763855,15,0,3,1,0,1,0,2.230253521333785,3.0,Male,African American,Higher,High,B,2,7,7.635655984409638,0,0.5575633803334462,0.7279141079137851,0.5172413793103449
1620,17,1,0,1,0.0143371741315956,19,0,3,1,0,0,0,1.3835280778946648,4.0,Male,Caucasian,High School,High,A,1,4,2.003584293532899,1,0.3458820194736662,0.0006647950435344,0.6551724137931034
1621,18,0,0,1,18.737068601820305,15,0,1,1,1,0,0,2.131405262981078,3.0,Female,Caucasian,High School,Low,B,2,2,8.684267150455076,0,0.5328513157452694,0.9378774056895882,0.5172413793103449
1622,16,0,0,3,3.290507447856248,12,0,1,1,0,1,0,1.8682769229981595,4.0,Female,Caucasian,Bachelor,Low,A,2,4,4.822626861964062,1,0.4670692307495399,0.1646615979148087,0.4137931034482758
1623,17,1,1,4,4.671608684447184,25,0,3,1,0,1,0,1.2474819436382791,4.0,Male,African American,Higher,High,A,2,7,5.1679021711117965,1,0.3118704859095698,0.2337960348697522,0.8620689655172413
1624,16,1,0,2,5.269468913876965,28,0,4,0,0,0,0,0.2999075475985059,4.0,Male,Caucasian,Some College,Very High,A,0,6,1.3173672284692413,1,0.0749768868996264,0.2637234067700233,0.9655172413793104
1625,15,0,2,1,0.7564027310407062,8,0,3,1,0,0,1,2.7051956947945466,2.0,Female,Asian,High School,High,C,2,4,4.189100682760176,0,0.6762989236986366,0.0378107211359625,0.2758620689655172
1626,16,0,0,2,2.4610424718064983,25,0,1,1,1,1,0,0.8979380920800135,4.0,Female,Caucasian,Some College,Low,A,3,3,6.615260617951624,1,0.2244845230200033,0.1231406778158646,0.8620689655172413
1627,15,1,0,2,19.72699845888324,27,0,2,1,1,0,0,1.3917317913625924,4.0,Male,Caucasian,Some College,Moderate,A,2,4,8.931749614720811,1,0.3479329478406481,0.9874307921320364,0.9310344827586208
1628,16,0,2,1,6.304334747545721,8,0,3,0,0,0,0,2.150546165993222,3.0,Female,Asian,High School,High,B,0,4,1.5760836868864303,0,0.5376365414983055,0.315526174618669,0.2758620689655172
1629,17,1,0,2,2.306021806780987,12,0,1,0,0,0,0,1.448741241526555,4.0,Male,Caucasian,Some College,Low,A,0,3,0.5765054516952467,1,0.3621853103816387,0.1153807351635984,0.4137931034482758
1630,17,1,0,0,2.1398252234924664,28,0,1,1,0,1,0,0.0,4.0,Male,Caucasian,,Low,A,2,1,4.534956305873116,1,0.0,0.1070613542919626,0.9655172413793104
1631,15,1,1,0,14.389199353399436,3,1,1,0,0,0,0,3.0917150283564836,1.0,Male,African American,,Low,D,0,1,6.5972998383498584,0,0.7729287570891209,0.7202340610313428,0.1034482758620689
1632,18,1,0,1,17.091373280652817,8,0,2,0,0,0,0,2.576927695452172,2.0,Male,Caucasian,High School,Moderate,C,0,3,4.272843320163204,0,0.644231923863043,0.8554980576635626,0.2758620689655172
1633,15,0,0,1,5.1390459901693974,14,0,2,0,0,0,0,1.9558725265628372,4.0,Female,Caucasian,High School,Moderate,A,0,3,1.2847614975423494,1,0.4889681316407093,0.2571947648735055,0.4827586206896551
1634,15,0,0,1,0.4181902467046994,13,0,3,0,1,0,0,1.8787083443226635,4.0,Female,Caucasian,High School,High,A,1,4,2.104547561676175,1,0.4696770860806659,0.0208806590549103,0.4482758620689655
1635,16,0,3,2,4.461800368907117,18,1,3,1,1,0,0,1.6304001316060543,4.0,Female,Other,Some College,High,A,2,5,8.11545009222678,1,0.4076000329015136,0.2232935609170598,0.6206896551724138
1636,16,0,1,1,1.130313815935147,11,0,4,0,0,1,0,2.372748110360667,3.0,Female,African American,High School,Very High,B,1,5,2.2825784539837866,0,0.5931870275901667,0.0565277649271887,0.3793103448275862
1637,15,0,1,1,2.0678987326008302,20,1,3,1,0,0,0,1.279370611476852,4.0,Female,African American,High School,High,A,1,4,5.516974683150208,1,0.319842652869213,0.103460895963352,0.6896551724137931
1638,17,0,1,1,8.630162396952848,25,0,1,0,0,0,1,0.155004788411154,4.0,Female,African American,High School,Low,A,1,2,4.157540599238212,1,0.0387511971027885,0.4319512278558248,0.8620689655172413
1639,16,0,0,4,4.598367417232652,24,1,2,0,1,1,1,1.2783470336697191,4.0,Female,Caucasian,Higher,Moderate,A,3,6,10.149591854308165,1,0.3195867584174298,0.2301297621617198,0.8275862068965517
1640,18,1,0,2,10.318917570508468,5,0,2,0,1,0,0,2.6559935659147995,2.0,Male,Caucasian,Some College,Moderate,C,1,4,4.579729392627117,0,0.6639983914786999,0.5164860432519071,0.1724137931034483
1641,16,0,2,2,5.069875065143807,2,0,0,1,0,1,0,2.6823160526270176,2.0,Female,Asian,Some College,,C,2,2,5.267468766285952,0,0.6705790131567544,0.2537322432070267,0.0689655172413793
1642,16,0,0,2,18.810746022058954,25,0,4,0,1,0,0,1.6448199394832874,4.0,Female,Caucasian,Some College,Very High,A,1,6,6.702686505514738,1,0.4112049848708218,0.9415655111155632,0.8620689655172413
1643,18,1,0,4,18.11887935852529,24,1,0,1,1,0,0,1.3962784383778892,4.0,Male,Caucasian,Higher,,A,2,4,11.529719839631325,1,0.3490696095944723,0.9069324147399772,0.8275862068965517
1644,15,0,0,1,11.33612210020932,21,1,2,1,0,0,0,1.6094867987939343,4.0,Female,Caucasian,High School,Moderate,A,1,3,7.83403052505233,1,0.4023716996984836,0.56740473086562,0.7241379310344828
1645,18,0,0,2,7.088479839747723,19,0,2,1,0,1,0,1.187367524649196,4.0,Female,Caucasian,Some College,Moderate,A,2,4,5.772119959936931,1,0.296841881162299,0.3547784958852703,0.6551724137931034
1646,15,1,3,2,7.622937640694712,15,0,2,1,0,1,0,2.0197970227132727,3.0,Male,Other,Some College,Moderate,B,2,4,5.905734410173678,0,0.5049492556783182,0.3815321024752202,0.5172413793103449
1647,15,0,0,2,8.237045662889939,29,0,3,0,0,0,1,0.2416256282208843,4.0,Female,Caucasian,Some College,High,A,1,5,4.059261415722485,1,0.060406407055221,0.412272797812499,1.0
1648,15,0,1,0,14.55158644269888,19,0,2,0,0,0,0,1.2477251942052905,4.0,Female,African American,,Moderate,A,0,2,3.63789661067472,1,0.3119312985513226,0.7283627482629758,0.6551724137931034
1649,18,0,0,2,9.03277991037676,23,0,1,0,0,1,0,0.8526823634027514,4.0,Female,Caucasian,Some College,Low,A,1,3,4.25819497759419,1,0.2131705908506878,0.4521052428992607,0.7931034482758621
1650,15,1,3,0,17.13459893011795,22,0,1,0,0,0,0,0.9657009889491656,4.0,Male,Other,,Low,A,0,1,4.283649732529487,1,0.2414252472372914,0.8576618244162157,0.7586206896551724
1651,17,0,0,2,18.88189571860729,16,1,4,1,1,0,0,2.4238007516398317,3.0,Female,Caucasian,Some College,Very High,B,2,6,11.720473929651822,0,0.6059501879099579,0.945127085082817,0.5517241379310345
1652,18,0,0,2,6.718923067578677,15,0,1,1,0,0,0,1.7419681672894356,4.0,Female,Caucasian,Some College,Low,A,1,3,3.6797307668946697,1,0.4354920418223589,0.3362794179828727,0.5172413793103449
1653,17,1,2,1,11.213889627513602,5,0,1,0,0,1,0,2.8459257757426046,2.0,Male,Asian,High School,Low,C,1,2,4.8034724068784005,0,0.7114814439356512,0.5612860822441128,0.1724137931034483
1654,15,0,2,3,1.9011307366512888,7,0,2,0,0,0,0,2.039564398044963,3.0,Female,Asian,Bachelor,Moderate,B,0,5,0.4752826841628222,0,0.5098910995112408,0.0951129116182401,0.2413793103448275
1655,16,1,0,0,4.009380955327179,18,1,1,1,0,0,0,1.5420637396404375,4.0,Male,Caucasian,,Low,A,1,1,6.002345238831795,1,0.3855159349101094,0.200646588633884,0.6206896551724138
1656,15,1,0,3,8.269315334203203,29,1,2,0,0,1,0,0.7307796023629439,4.0,Male,Caucasian,Bachelor,Moderate,A,1,5,7.067328833550801,1,0.1826949005907359,0.4138881359918134,1.0
1657,17,0,0,2,4.1240543180355775,24,0,3,1,0,0,0,0.4999877783931601,4.0,Female,Caucasian,Some College,High,A,1,5,3.0310135795088944,1,0.12499694459829,0.2063868473162555,0.8275862068965517
1658,17,1,0,1,17.53120981577435,25,1,3,0,0,0,0,1.122889381075435,4.0,Male,Caucasian,High School,High,A,0,4,7.3828024539435875,1,0.2807223452688587,0.8775151628562986,0.8620689655172413
1659,18,1,0,1,3.1657251211819615,1,1,3,0,1,0,0,2.9594927281039074,2.0,Male,Caucasian,High School,High,C,1,4,5.79143128029549,0,0.7398731820259768,0.1584153100482881,0.0344827586206896
1660,16,0,0,4,9.11321643106184,13,0,1,1,1,1,0,2.3002052395759676,3.0,Female,Caucasian,Higher,Low,B,3,5,8.27830410776546,0,0.5750513098939919,0.4561316918089033,0.4482758620689655
1661,18,1,0,0,12.113984809197513,21,0,2,0,1,0,0,1.35272076359225,4.0,Male,Caucasian,,Moderate,A,1,2,5.028496202299378,1,0.3381801908980625,0.6063425719082415,0.7241379310344828
1662,17,1,0,1,13.837278163216888,11,1,0,1,0,0,0,2.13406203808262,3.0,Male,Caucasian,High School,,B,1,1,8.459319540804222,0,0.533515509520655,0.692606281317701,0.3793103448275862
1663,15,0,1,1,7.661387394530134,16,0,0,1,0,0,1,1.2997943203369946,4.0,Female,African American,High School,,A,2,1,5.915346848632534,1,0.3249485800842486,0.3834567999644713,0.5517241379310345
1664,16,0,3,2,17.381981374494572,27,0,2,1,0,0,0,0.7478339441237737,4.0,Female,Other,Some College,Moderate,A,1,4,6.345495343623643,1,0.1869584860309434,0.8700451642839948,0.9310344827586208
1665,15,0,1,2,11.36638302155851,26,0,1,1,1,1,0,0.5329232037789974,4.0,Female,African American,Some College,Low,A,3,3,8.841595755389628,1,0.1332308009447493,0.5689195160991617,0.896551724137931
1666,15,1,0,1,8.790155608951036,14,0,3,0,0,0,0,2.0737697903171566,3.0,Male,Caucasian,High School,High,B,0,4,2.197538902237759,0,0.5184424475792891,0.4399600836406551,0.4827586206896551
1667,16,0,0,1,1.3448126810407324,17,1,3,1,1,0,0,1.9913793639901416,4.0,Female,Caucasian,High School,High,A,2,4,7.336203170260183,1,0.4978448409975354,0.0672650359350354,0.5862068965517241
1668,18,1,3,1,9.2937893689033,15,0,3,1,0,0,1,1.8999595995373024,4.0,Male,Other,High School,High,A,2,4,6.323447342225824,1,0.4749898998843256,0.4651707166509807,0.5172413793103449
1669,15,1,0,1,16.414716816314606,12,0,3,1,1,0,0,2.6148839418291825,2.0,Male,Caucasian,High School,High,C,2,4,8.103679204078652,0,0.6537209854572956,0.8216263454135497,0.4137931034482758
1670,17,1,0,2,12.29082036442631,20,1,0,1,1,1,0,1.8102707442887624,4.0,Male,Caucasian,Some College,,A,3,2,12.072705091106576,1,0.4525676860721906,0.6151945128235465,0.6896551724137931
1671,15,1,1,2,16.643249074582368,16,0,2,1,0,0,0,1.581931480635446,4.0,Male,African American,Some College,Moderate,A,1,4,6.160812268645592,1,0.3954828701588615,0.8330660926115049,0.5517241379310345
1672,16,1,1,1,9.880233411986111,7,0,1,0,1,0,0,2.2713328033020876,3.0,Male,African American,High School,Low,B,1,2,4.470058352996528,0,0.5678332008255219,0.4945266231189142,0.2413793103448275
1673,16,1,1,1,2.369234101889637,0,1,2,1,0,0,0,3.363670491095614,1.0,Male,African American,High School,Moderate,D,1,3,5.59230852547241,0,0.8409176227739035,0.1185449828778017,0.0
1674,16,1,0,1,0.2727969167176214,28,0,1,1,1,0,0,0.4812984804652508,4.0,Male,Caucasian,High School,Low,A,2,2,4.068199229179405,1,0.1203246201163127,0.0136026364600771,0.9655172413793104
1675,18,0,0,4,6.064390934371824,24,0,0,1,1,0,0,0.1999273794512188,4.0,Female,Caucasian,Higher,,A,2,4,5.5160977335929555,1,0.0499818448628047,0.3035151938265978,0.8275862068965517
1676,15,0,3,4,13.95980942995585,25,0,2,0,1,1,1,1.2680087507224682,4.0,Female,Other,Higher,Moderate,A,3,6,9.489952357488963,1,0.317002187680617,0.6987398868137643,0.8620689655172413
1677,18,1,0,3,15.805198078833875,26,0,3,1,0,0,0,0.8825524540001173,4.0,Male,Caucasian,Bachelor,High,A,1,6,5.951299519708469,1,0.2206381135000293,0.7911153780689457,0.896551724137931
1678,18,1,1,1,5.915056692406589,2,1,3,0,0,0,0,3.120136639384952,1.0,Male,African American,High School,High,D,0,4,4.478764173101647,0,0.780034159846238,0.2960398991394077,0.0689655172413793
1679,16,0,2,0,9.91307841766494,15,0,2,0,1,0,1,1.8041546917762192,4.0,Female,Asian,,Moderate,A,2,2,6.478269604416235,1,0.4510386729440548,0.4961707610823214,0.5172413793103449
1680,16,1,1,1,8.422378088681633,27,0,2,1,1,1,0,0.6817036435058786,4.0,Male,African American,High School,Moderate,A,3,3,8.105594522170408,1,0.1704259108764696,0.421550070591017,0.9310344827586208
1681,18,0,0,1,8.210455687028556,1,0,2,1,0,0,1,2.898261817162794,2.0,Female,Caucasian,High School,Moderate,C,2,3,6.052613921757139,0,0.7245654542906985,0.4109417708311897,0.0344827586206896
1682,15,0,0,2,4.62697426400301,14,0,3,0,0,0,1,1.7303180027913696,4.0,Female,Caucasian,Some College,High,A,1,5,3.156743566000753,1,0.4325795006978424,0.2315617486027766,0.4827586206896551
1683,17,0,1,2,2.7274221005891675,0,1,0,1,0,1,0,3.560791672128213,0.0,Female,African American,Some College,,F,2,2,7.6818555251472915,0,0.8901979180320533,0.1364749687166636,0.0
1684,18,1,2,3,3.9337711646242624,8,1,3,0,1,0,0,2.5287745744068277,2.0,Male,Asian,Bachelor,High,C,1,6,5.983442791156065,0,0.6321936436017069,0.1968617536268355,0.2758620689655172
1685,15,1,3,3,1.106647743266922,15,1,2,0,1,0,0,1.5923878582033109,4.0,Male,Other,Bachelor,Moderate,A,1,5,5.276661935816731,1,0.3980969645508277,0.0553431011491074,0.5172413793103449
1686,16,0,0,1,3.962614836471541,3,0,1,0,0,1,1,2.3741309720150148,3.0,Female,Caucasian,High School,Low,B,2,2,4.990653709117885,0,0.5935327430037537,0.1983055949326307,0.1034482758620689
1687,16,0,0,2,0.1840179525075891,11,1,0,1,0,0,0,1.8104094800411432,4.0,Female,Caucasian,Some College,,A,1,2,5.046004488126897,1,0.4526023700102858,0.0091585859144026,0.3793103448275862
1688,15,0,3,1,12.545168012719564,0,0,1,0,0,0,0,2.829826431301572,2.0,Female,Other,High School,Low,C,0,2,3.136292003179891,0,0.707456607825393,0.6279265131937528,0.0
1689,17,0,2,0,6.327508147753658,0,1,2,0,0,0,1,3.0476020888188065,1.0,Female,Asian,,Moderate,D,1,2,6.5818770369384145,0,0.7619005222047016,0.3166861764586947,0.0
1690,16,0,2,2,19.462894228538172,6,1,3,1,1,0,0,3.625921730346796,0.0,Female,Asian,Some College,High,F,2,5,11.865723557134544,0,0.906480432586699,0.9742104019255994,0.2068965517241379
1691,16,1,0,0,3.874341015525957,17,0,2,0,0,0,1,0.9273215453238872,4.0,Male,Caucasian,,Moderate,A,1,2,2.968585253881489,1,0.2318303863309718,0.1938868305819461,0.5862068965517241
1692,16,0,1,2,6.916571406191878,22,0,2,1,0,0,0,1.331958948764275,4.0,Female,African American,Some College,Moderate,A,1,4,3.7291428515479694,1,0.3329897371910687,0.3461731942268446,0.7586206896551724
1693,15,1,2,1,7.156823172830665,27,0,4,1,1,0,1,0.7795517215186132,4.0,Male,Asian,High School,Very High,A,3,5,7.789205793207666,1,0.1948879303796533,0.3581995903909678,0.9310344827586208
1694,18,0,1,2,0.1690299212492108,22,0,1,1,0,0,0,0.8813584466312141,4.0,Female,African American,Some College,Low,A,1,3,2.0422574803123026,1,0.2203396116578035,0.008408322954195,0.7586206896551724
1695,16,1,0,2,16.78415906078918,14,1,1,0,0,0,0,2.398121085937693,3.0,Male,Caucasian,Some College,Low,B,0,3,7.196039765197295,0,0.5995302714844233,0.8401196903490487,0.4827586206896551
1696,18,1,0,1,0.6398892028864944,25,0,2,0,1,0,0,0.7588142687845363,4.0,Male,Caucasian,High School,Moderate,A,1,3,2.1599723007216234,1,0.189703567196134,0.0319783484226787,0.8620689655172413
1697,17,1,1,3,18.803596694584822,29,0,3,1,0,0,0,1.0288655959633797,4.0,Male,African American,Bachelor,High,A,1,6,6.700899173646206,1,0.2572163989908449,0.9412076338532486,1.0
1698,16,1,0,1,17.841487021872414,24,0,3,0,1,0,0,1.4444766951837589,4.0,Male,Caucasian,High School,High,A,1,4,6.4603717554681035,1,0.3611191737959397,0.8930468555195324,0.8275862068965517
1699,16,1,0,2,10.710438321719272,12,1,2,0,0,0,0,2.214067459161345,3.0,Male,Caucasian,Some College,Moderate,B,0,4,5.677609580429818,0,0.5535168647903362,0.536084582427752,0.4137931034482758
1700,17,1,3,2,10.871911498225842,15,0,4,0,1,1,0,2.5119180875322624,2.0,Male,Other,Some College,Very High,C,2,6,6.7179778745564604,0,0.6279795218830656,0.5441675214950309,0.5172413793103449
1701,16,0,0,2,13.075558459123126,6,0,3,0,0,0,0,2.6901498030104545,2.0,Female,Caucasian,Some College,High,C,0,5,3.2688896147807815,0,0.6725374507526136,0.6544765182961318,0.2068965517241379
1702,18,1,2,4,7.7410002386977395,15,0,0,1,0,0,0,1.6052743861754348,4.0,Male,Asian,Higher,,A,1,4,3.935250059674435,1,0.4013185965438587,0.38744201770962,0.5172413793103449
1703,15,0,0,1,12.94444566795711,12,0,3,1,0,1,1,2.709889487418108,2.0,Female,Caucasian,High School,High,C,3,4,9.236111416989278,0,0.677472371854527,0.6479133433783917,0.4137931034482758
1704,18,1,1,2,0.8953677737697374,13,0,0,0,1,0,0,1.528563501341875,4.0,Male,African American,Some College,,A,1,2,2.2238419434424346,1,0.3821408753354687,0.0447669599191566,0.4482758620689655
1705,15,1,3,2,1.0809525469945314,16,1,3,0,1,0,0,1.7785692022870156,4.0,Male,Other,Some College,High,A,1,5,5.270238136748633,1,0.4446423005717539,0.0540568645723281,0.5517241379310345
1706,15,0,0,3,9.144608392390888,11,0,1,1,0,0,0,2.1219640588635724,3.0,Female,Caucasian,Bachelor,Low,B,1,4,4.2861520980977215,0,0.5304910147158931,0.4577030940449567,0.3793103448275862
1707,18,1,0,1,10.9924460221207,28,0,3,0,0,0,0,0.4059048314284253,4.0,Male,Caucasian,High School,High,A,0,4,2.748111505530175,1,0.1014762078571063,0.5502011750913974,0.9655172413793104
1708,18,0,0,2,17.75635280671638,23,0,2,1,0,0,0,1.123926327741214,4.0,Female,Caucasian,Some College,Moderate,A,1,4,6.439088201679095,1,0.2809815819353035,0.8887852518988293,0.7931034482758621
1709,18,0,0,2,2.093212678157925,23,0,3,0,0,0,0,0.8703304110318186,4.0,Female,Caucasian,Some College,High,A,0,5,0.5233031695394813,1,0.2175826027579546,0.1047280480929944,0.7931034482758621
1710,18,0,2,1,16.452958543877788,19,0,2,1,1,0,0,1.8228292080685775,4.0,Female,Asian,High School,Moderate,A,2,3,8.113239635969446,1,0.4557073020171444,0.8235406296334313,0.6551724137931034
1711,17,0,3,2,4.200946745841392,12,0,3,1,0,0,0,2.2311829319462495,3.0,Female,Other,Some College,High,B,1,5,3.050236686460348,0,0.5577957329865624,0.2102358878946097,0.4137931034482758
1712,16,1,0,1,7.881672970200637,23,0,1,0,1,1,0,0.9669677174911444,4.0,Male,Caucasian,High School,Low,A,2,2,5.970418242550159,1,0.2417419293727861,0.3944837390763842,0.7931034482758621
1713,15,1,0,2,6.332048696548258,19,0,4,0,1,0,0,1.69185894616234,4.0,Male,Caucasian,Some College,Very High,A,1,6,3.5830121741370644,1,0.422964736540585,0.3169134648544071,0.6551724137931034
1714,18,0,0,3,8.00310545730798,14,0,3,0,0,0,0,2.0697582058612616,3.0,Female,Caucasian,Bachelor,High,B,0,6,2.000776364326995,0,0.5174395514653154,0.4005623424414256,0.4827586206896551
1715,18,1,2,2,3.009909961451711,23,1,1,1,1,0,0,1.0578761267920678,4.0,Male,Asian,Some College,Low,A,2,3,7.752477490362928,1,0.2644690316980169,0.1506155969993119,0.7931034482758621
1716,18,1,0,2,10.0714014880711,20,0,4,0,0,0,0,1.3214272070130963,4.0,Male,Caucasian,Some College,Very High,A,0,6,2.517850372017775,1,0.3303568017532741,0.5040960138005982,0.6896551724137931
1717,17,0,1,2,16.032851796627344,3,1,2,1,0,0,1,3.5169407207158963,0.0,Female,African American,Some College,Moderate,F,2,4,11.008212949156835,0,0.8792351801789741,0.8025111477514058,0.1034482758620689
1718,18,1,1,0,8.830680207577938,21,1,3,0,1,0,1,1.0491570024752104,4.0,Male,African American,,High,A,2,3,9.207670051894484,1,0.2622892506188026,0.4419886426156738,0.7241379310344828
1719,18,0,1,1,9.812271517963982,1,0,3,1,0,0,0,3.4861413290978023,1.0,Female,African American,High School,High,D,1,4,4.4530678794909955,0,0.8715353322744506,0.4911246224884542,0.0344827586206896
1720,18,0,0,2,16.975351705626284,27,1,0,1,0,0,1,0.586837405483887,4.0,Female,Caucasian,Some College,,A,2,2,11.24383792640657,1,0.1467093513709717,0.8496903108803622,0.9310344827586208
1721,16,1,2,1,14.121162292760616,17,0,4,0,1,0,0,2.3588158974550537,3.0,Male,Asian,High School,Very High,B,1,5,5.530290573190154,0,0.5897039743637634,0.7068168032812424,0.5862068965517241
1722,17,1,0,1,9.809088170395697,1,0,2,0,0,0,0,3.152222285699565,1.0,Male,Caucasian,High School,Moderate,D,0,3,2.452272042598924,0,0.7880555714248912,0.4909652721555934,0.0344827586206896
1723,18,1,0,2,5.153912963783593,24,0,1,0,0,0,0,0.5878350833437533,4.0,Male,Caucasian,Some College,Low,A,0,3,1.2884782409458984,1,0.1469587708359383,0.2579389679940374,0.8275862068965517
1724,15,0,2,1,17.698534936899332,14,0,3,1,1,0,1,2.66889332908893,2.0,Female,Asian,High School,High,C,3,4,10.424633734224834,0,0.6672233322722325,0.8858910354794722,0.4827586206896551
1725,15,0,2,1,11.540408033811168,29,0,3,0,0,0,0,0.3043720342532843,4.0,Female,Asian,High School,High,A,0,4,2.885102008452792,1,0.076093008563321,0.577630768337167,1.0
1726,15,1,0,2,4.422952202213867,25,0,0,0,1,0,0,0.2806703078814149,4.0,Male,Caucasian,Some College,,A,1,2,3.105738050553467,1,0.0701675769703537,0.2213489198871965,0.8620689655172413
1727,17,1,0,1,5.382395052760208,18,0,1,1,0,0,0,0.8730911973563495,4.0,Male,Caucasian,High School,Low,A,1,2,3.345598763190052,1,0.2182727993390874,0.2693762038440883,0.6206896551724138
1728,17,1,0,3,16.06266177872492,14,0,3,0,0,0,0,2.330783482945125,3.0,Male,Caucasian,Bachelor,High,B,0,6,4.01566544468123,0,0.5826958707362813,0.8040033601058308,0.4827586206896551
1729,15,1,0,3,0.8829112417491092,25,0,0,1,1,1,0,0.318850908518507,4.0,Male,Caucasian,Bachelor,,A,3,3,6.220727810437277,1,0.0797127271296267,0.0441434174120316,0.8620689655172413
1730,18,0,0,2,19.8418437405764,19,0,4,0,0,0,0,1.7922893205354298,4.0,Female,Caucasian,Some College,Very High,A,0,6,4.9604609351441,1,0.4480723301338574,0.9931796566442332,0.6551724137931034
1731,17,1,0,1,2.6070335942958356,9,0,3,0,1,0,0,2.573219136505813,2.0,Male,Caucasian,High School,High,C,1,4,2.651758398573959,0,0.6433047841264532,0.1304486243923472,0.3103448275862069
1732,15,0,0,2,15.921370507938748,27,0,2,0,1,0,0,1.0844901258226167,4.0,Female,Caucasian,Some College,Moderate,A,1,4,5.980342626984687,1,0.2711225314556542,0.7969306762260006,0.9310344827586208
1733,15,0,2,3,7.895506335433657,23,0,2,1,1,0,1,1.0866966802818123,4.0,Female,Asian,Bachelor,Moderate,A,3,5,7.973876583858415,1,0.2716741700704531,0.3951762023739608,0.7931034482758621
1734,18,1,1,2,9.844323665749338,19,0,2,0,0,1,1,1.00411266268769,4.0,Male,African American,Some College,Moderate,A,2,4,6.461080916437334,1,0.2510281656719225,0.4927290719897861,0.6551724137931034
1735,16,1,1,1,17.613011549291556,10,1,2,1,0,0,0,2.824604892517854,2.0,Male,African American,High School,Moderate,C,1,3,9.403252887322887,0,0.7061512231294635,0.8816099508695291,0.3448275862068966
1736,17,1,0,2,8.258223791784264,25,1,3,0,1,1,1,1.364373782117196,4.0,Male,Caucasian,Some College,High,A,3,5,11.064555947946063,1,0.341093445529299,0.4133329214139248,0.8620689655172413
1737,18,0,3,3,10.74987507346469,9,0,4,0,0,0,1,2.6072864007904446,2.0,Female,Other,Bachelor,Very High,C,1,7,4.687468768366172,0,0.6518216001976112,0.5380586865375864,0.3103448275862069
1738,15,1,2,2,0.9859932481833988,28,1,2,1,0,1,0,0.5684680837933294,4.0,Male,Asian,Some College,Moderate,A,2,4,7.2464983120458495,1,0.1421170209483323,0.0493034420982822,0.9655172413793104
1739,15,1,2,2,0.046949477349063,22,0,2,0,0,0,1,0.5737961933285499,4.0,Male,Asian,Some College,Moderate,A,1,4,2.0117373693372658,1,0.1434490483321374,0.0022972845099176,0.7586206896551724
1740,18,0,2,2,4.895997460034518,4,0,1,0,0,0,0,2.258071035198048,3.0,Female,Asian,Some College,Low,B,0,3,1.2239993650086296,0,0.564517758799512,0.2450283697980239,0.1379310344827586
1741,17,1,3,2,13.611661858375346,8,1,3,0,0,0,0,2.840092975101314,2.0,Male,Other,Some College,High,C,0,5,6.402915464593836,0,0.7100232437753285,0.6813124993777353,0.2758620689655172
1742,16,0,1,0,2.425297867182734,19,0,3,1,1,0,0,1.6831172628416484,4.0,Female,African American,,High,A,2,3,4.606324466795684,1,0.4207793157104121,0.1213513932584626,0.6551724137931034
1743,16,1,0,2,2.2752391760909885,18,1,3,1,0,0,0,1.7209071500753406,4.0,Male,Caucasian,Some College,High,A,1,5,5.568809794022747,1,0.4302267875188351,0.1138398344791576,0.6206896551724138
1744,15,0,1,0,8.219212160718065,12,0,0,0,0,0,0,1.5377839093207275,4.0,Female,African American,,,A,0,0,2.0548030401795163,1,0.3844459773301819,0.4113800977707335,0.4137931034482758
1745,17,1,2,2,12.95674077216453,17,0,3,0,1,0,0,2.0634635075132985,3.0,Male,Asian,Some College,High,B,1,5,5.239185193041132,0,0.5158658768783246,0.6485288052172214,0.5862068965517241
1746,16,1,2,1,14.24143984495861,16,0,2,1,0,0,0,1.878547509948441,4.0,Male,Asian,High School,Moderate,A,1,3,5.560359961239652,1,0.4696368774871102,0.712837593524,0.5517241379310345
1747,17,0,1,2,3.5690134819674957,26,0,3,1,1,0,1,0.8632708590471806,4.0,Female,African American,Some College,High,A,3,5,6.892253370491874,1,0.2158177147617951,0.1786029060149754,0.896551724137931
1748,17,0,0,1,1.591762947440849,5,0,3,0,0,0,0,2.513286133011632,2.0,Female,Caucasian,High School,High,C,0,4,0.3979407368602122,0,0.628321533252908,0.0796267420657077,0.1724137931034483
1749,15,1,0,2,18.807940678910885,9,0,3,1,1,0,1,2.7721632696203784,2.0,Male,Caucasian,Some College,High,C,3,5,10.70198516972772,0,0.6930408174050946,0.9414250827285132,0.3103448275862069
1750,16,0,3,2,5.213327651242034,1,1,2,0,0,0,0,2.8883859357893624,2.0,Female,Other,Some College,Moderate,C,0,4,4.303331912810508,0,0.7220964839473406,0.2609131170683169,0.0344827586206896
1751,18,0,1,1,17.066929952174476,23,0,3,0,1,0,0,1.3371610494936967,4.0,Female,African American,High School,High,A,1,4,6.266732488043619,1,0.3342902623734242,0.8542744864242622,0.7931034482758621
1752,15,0,1,1,17.269829009256366,5,0,0,0,0,0,0,2.3706116146947664,3.0,Female,African American,High School,,B,0,1,4.3174572523140915,0,0.5926529036736916,0.8644311003627668,0.1724137931034483
1753,16,0,0,1,15.450451835250888,27,0,3,0,0,1,0,0.8544646477713151,4.0,Female,Caucasian,High School,High,A,1,4,5.862612958812722,1,0.2136161619428287,0.7733576777916451,0.9310344827586208
1754,16,1,0,3,3.3766721330514016,27,1,0,0,0,0,0,0.3226418269944476,4.0,Male,Caucasian,Bachelor,,A,0,3,3.8441680332628505,1,0.0806604567486119,0.1689747842609964,0.9310344827586208
1755,16,1,2,2,16.436029185084006,20,0,2,1,1,0,0,1.8342269970893037,4.0,Male,Asian,Some College,Moderate,A,2,4,8.109007296271002,1,0.4585567492723259,0.8226931887238096,0.6896551724137931
1756,16,0,1,2,15.385011184831734,12,0,1,0,0,0,0,1.9900604524480012,4.0,Female,African American,Some College,Low,A,0,3,3.8462527962079336,1,0.4975151131120003,0.7700818842431136,0.4137931034482758
1757,16,0,2,1,11.934459802124342,17,1,3,0,1,0,0,2.226983393791037,3.0,Female,Asian,High School,High,B,1,4,7.983614950531086,0,0.5567458484477592,0.5973560038316161,0.5862068965517241
1758,17,0,0,2,6.744040703379055,6,0,2,0,0,0,1,2.60838689826964,2.0,Female,Caucasian,Some College,Moderate,C,1,4,3.686010175844763,0,0.65209672456741,0.3375367433422973,0.2068965517241379
1759,15,0,1,3,5.250172085330882,1,0,3,1,0,0,0,3.4063390822727126,1.0,Female,African American,Bachelor,High,D,1,6,3.3125430213327203,0,0.8515847705681782,0.2627574563087505,0.0344827586206896
1760,17,1,0,3,2.4377842416071793,28,1,3,1,0,0,0,0.8670343739276987,4.0,Male,Caucasian,Bachelor,High,A,1,6,5.609446060401795,1,0.2167585934819246,0.1219764296008914,0.9655172413793104
1761,18,1,2,2,10.195141338017429,13,1,3,0,1,0,0,2.166091325158555,3.0,Male,Asian,Some College,High,B,1,5,7.548785334504357,0,0.5415228312896387,0.5102901179171399,0.4482758620689655
1762,16,0,0,0,11.705217510196931,4,0,1,0,1,0,0,2.4229283329107885,3.0,Female,Caucasian,,Low,B,1,1,4.926304377549233,0,0.6057320832276971,0.5858807141433798,0.1379310344827586
1763,15,0,0,1,7.186779810315745,17,0,3,0,1,0,0,1.509557877776469,4.0,Female,Caucasian,High School,High,A,1,4,3.796694952578936,1,0.3773894694441173,0.3596991439433971,0.5862068965517241
1764,16,0,1,0,9.507181353617373,10,1,2,0,1,0,0,2.44385726431874,3.0,Female,African American,,Moderate,B,1,2,7.376795338404343,0,0.610964316079685,0.4758525800242411,0.3448275862068966
1765,15,1,3,1,7.270289147385334,9,0,0,0,0,0,0,2.0038283786309425,3.0,Male,Other,High School,,B,0,1,1.8175722868463335,0,0.5009570946577356,0.3638794102742255,0.3103448275862069
1766,17,0,0,1,12.820121146414024,10,1,1,0,1,0,0,2.465306489467062,3.0,Female,Caucasian,High School,Low,B,1,2,8.205030286603506,0,0.6163266223667655,0.641689972079565,0.3448275862068966
1767,15,1,2,1,18.025184155931267,26,0,1,1,0,1,0,0.8447920018716684,4.0,Male,Asian,High School,Low,A,2,2,8.506296038982818,1,0.2111980004679171,0.9022422697273592,0.896551724137931
1768,18,0,0,1,3.2784052409388975,1,0,0,0,1,0,0,2.731058898448731,2.0,Female,Caucasian,High School,,C,1,1,2.8196013102347246,0,0.6827647246121827,0.1640557920267418,0.0344827586206896
1769,18,1,0,3,7.6281761980624685,14,0,2,0,0,0,0,1.736011489374202,4.0,Male,Caucasian,Bachelor,Moderate,A,0,5,1.9070440495156171,1,0.4340028723435505,0.3817943314157793,0.4827586206896551
1770,15,0,0,2,2.8173720790172263,6,1,0,0,1,0,0,2.5896707308558047,2.0,Female,Caucasian,Some College,,C,1,2,5.704343019754306,0,0.6474176827139512,0.1409776372741714,0.2068965517241379
1771,15,1,0,3,12.49887540815664,8,1,2,1,0,0,0,2.7423611231016096,2.0,Male,Caucasian,Bachelor,Moderate,C,1,5,8.124718852039159,0,0.6855902807754024,0.6256092224211116,0.2758620689655172
1772,15,0,1,2,14.577410189771916,4,0,1,0,0,0,0,2.4959194397063627,3.0,Female,African American,Some College,Low,B,0,3,3.644352547442979,0,0.6239798599265907,0.7296554197679032,0.1379310344827586
1773,15,0,0,1,18.63825465194912,6,1,1,0,0,1,0,2.8534371942017955,2.0,Female,Caucasian,High School,Low,C,1,2,9.65956366298728,0,0.7133592985504489,0.932931029126708,0.2068965517241379
1774,18,0,0,2,5.577438525219298,19,0,4,1,0,0,0,1.5913479919456928,4.0,Female,Caucasian,Some College,Very High,A,1,6,3.3943596313048245,1,0.3978369979864232,0.279139587072591,0.6551724137931034
1775,16,1,3,1,19.004224117308603,1,0,2,0,0,1,0,3.209673328360458,1.0,Male,Other,High School,Moderate,D,1,3,6.751056029327151,0,0.8024183320901145,0.9512505355176964,0.0344827586206896
1776,15,0,0,2,1.265253436413496,2,1,1,0,1,0,0,3.127617865184041,1.0,Female,Caucasian,Some College,Low,D,1,3,5.316313359103374,0,0.7819044662960103,0.0632825012473963,0.0689655172413793
1777,15,1,2,1,12.060277267291765,1,1,2,0,1,1,1,3.453275896757228,1.0,Male,Asian,High School,Moderate,D,3,3,12.015069316822942,0,0.863318974189307,0.6036541081146292,0.0344827586206896
1778,18,1,0,4,1.1426543868665997,20,1,1,1,0,0,0,0.8227735669667381,4.0,Male,Caucasian,Higher,Low,A,1,5,5.28566359671665,1,0.2056933917416845,0.0571455027152993,0.6896551724137931
1779,18,0,1,1,17.875483755238896,21,1,0,0,0,0,0,1.2173352280449594,4.0,Female,African American,High School,,A,0,1,7.468870938809724,1,0.3043338070112398,0.8947486460598122,0.7241379310344828
1780,17,0,0,1,10.596181141401082,22,0,0,1,0,0,0,0.7626843112270509,4.0,Female,Caucasian,High School,,A,1,1,4.649045285350271,1,0.1906710778067627,0.5303651567838685,0.7586206896551724
1781,15,0,0,3,13.38696701525592,18,0,4,0,1,1,0,2.145848670885439,3.0,Female,Caucasian,Bachelor,Very High,B,2,7,7.34674175381398,0,0.5364621677213598,0.6700648434824406,0.6206896551724138
1782,17,1,0,0,16.63147851820905,3,1,3,0,0,0,0,3.2991310018333437,1.0,Male,Caucasian,,High,D,0,3,7.157869629552263,0,0.8247827504583359,0.8324768883113738,0.1034482758620689
1783,18,0,0,2,3.006212449679375,23,0,3,1,0,1,0,1.1708122846030742,4.0,Female,Caucasian,Some College,High,A,2,5,4.751553112419844,1,0.2927030711507685,0.1504305089060265,0.7931034482758621
1784,18,1,0,2,0.7718312387626769,19,0,4,0,0,0,1,1.4245956528715278,4.0,Male,Caucasian,Some College,Very High,A,1,6,2.192957809690669,1,0.3561489132178819,0.0385830332345645,0.6551724137931034
1785,16,1,1,3,17.577622918257042,6,0,4,0,0,0,0,2.9026593668557465,2.0,Male,African American,Bachelor,Very High,C,0,7,4.3944057295642605,0,0.7256648417139366,0.8798384854502261,0.2068965517241379
1786,15,0,2,4,6.29866454917865,27,0,3,0,0,1,0,0.691477418739295,4.0,Female,Asian,Higher,High,A,1,7,3.5746661372946624,1,0.1728693546848237,0.3152423388207242,0.9310344827586208
1787,17,0,2,4,2.5795781585433053,21,1,3,1,0,1,1,1.8865425000782805,4.0,Female,Asian,Higher,High,A,3,7,9.644894539635828,1,0.4716356250195701,0.1290742746764718,0.7241379310344828
1788,18,0,1,0,9.36922474174173,6,0,2,0,0,0,1,2.635341351261105,2.0,Female,African American,,Moderate,C,1,2,4.342306185435433,0,0.6588353378152763,0.4689468207406013,0.2068965517241379
1789,18,0,0,3,11.966121513920376,16,1,1,0,0,0,0,1.5003394189345471,4.0,Female,Caucasian,Bachelor,Low,A,0,4,5.991530378480094,1,0.3750848547336368,0.5989409090942104,0.5517241379310345
1790,17,0,0,2,0.6194120684502025,18,0,2,0,0,1,0,1.2355538161189008,4.0,Female,Caucasian,Some College,Moderate,A,1,4,2.1548530171125506,1,0.3088884540297252,0.0309533148319493,0.6206896551724138
1791,16,0,0,2,5.497913165141755,21,0,2,0,0,0,0,0.604613405510861,4.0,Female,Caucasian,Some College,Moderate,A,0,4,1.3744782912854387,1,0.1511533513777152,0.2751587485598611,0.7241379310344828
1792,18,1,0,1,0.6559974855379203,15,0,4,0,0,0,0,1.3881389762566787,4.0,Male,Caucasian,High School,Very High,A,0,5,0.16399937138448,1,0.3470347440641697,0.0327846883360122,0.5172413793103449
1793,15,1,1,2,8.40670778390998,2,0,2,0,0,1,0,3.3005522062792574,1.0,Male,African American,Some College,Moderate,D,1,4,4.101676945977495,0,0.8251380515698143,0.4207656547432876,0.0689655172413793
1794,18,1,1,4,17.902000581324884,14,0,3,0,0,0,1,2.16864159345454,3.0,Male,African American,Higher,High,B,1,7,6.475500145331221,0,0.542160398363635,0.8960760113482626,0.4827586206896551
1795,15,0,0,3,19.653048229871384,13,0,2,1,1,0,0,2.797267479731933,2.0,Female,Caucasian,Bachelor,Moderate,C,2,5,8.913262057467847,0,0.6993168699329833,0.9837290305884416,0.4482758620689655
1796,17,1,0,2,12.740951070072551,14,0,1,0,0,0,0,1.7174586153875433,4.0,Male,Caucasian,Some College,Low,A,0,3,3.185237767518138,1,0.4293646538468858,0.6377269181726277,0.4827586206896551
1797,15,1,2,0,3.232753875691836,13,0,2,0,1,0,0,1.6879004923340846,4.0,Male,Asian,,Moderate,A,1,2,2.808188468922959,1,0.4219751230835211,0.1617706000734203,0.4482758620689655
1798,17,1,2,1,18.116987799986116,6,0,2,1,0,0,0,2.95214586347002,2.0,Male,Asian,High School,Moderate,C,1,3,6.529246949996529,0,0.738036465867505,0.9068377281007152,0.2068965517241379
1799,15,1,0,3,10.32495646400121,24,0,2,1,0,0,0,0.9633750092514732,4.0,Male,Caucasian,Bachelor,Moderate,A,1,5,4.581239116000303,1,0.2408437523128683,0.5167883349959085,0.8275862068965517
1800,17,1,3,2,3.074986242058362,2,0,2,1,0,0,0,3.3349718279859153,1.0,Male,Other,Some College,Moderate,D,1,4,2.7687465605145904,0,0.8337429569964788,0.1538731511160311,0.0689655172413793
1801,15,0,3,2,18.434533389033227,29,0,1,0,0,0,0,0.4436406552124723,4.0,Female,Other,Some College,Low,A,0,3,4.608633347258307,1,0.110910163803118,0.9227332576424068,1.0
1802,16,0,0,0,15.14938101446206,16,1,2,1,0,0,0,1.9557917388354116,4.0,Female,Caucasian,,Moderate,A,1,2,8.787345253615515,1,0.4889479347088529,0.7582868335064168,0.5517241379310345
1803,15,1,0,2,14.63410545446303,9,0,3,1,1,0,0,2.850351339225344,2.0,Male,Caucasian,Some College,High,C,2,5,7.658526363615758,0,0.712587834806336,0.7324934414122156,0.3103448275862069
1804,15,1,1,2,14.183614075888094,14,1,2,0,1,0,0,2.370067422230533,3.0,Male,African American,Some College,Moderate,B,1,4,8.545903518972024,0,0.5925168555576332,0.709942981687981,0.4827586206896551
1805,16,1,3,3,4.006796421928847,28,1,2,0,0,0,0,0.1525907792336783,4.0,Male,Other,Bachelor,Moderate,A,0,5,4.001699105482212,1,0.0381476948084195,0.2005172134247748,0.9655172413793104
1806,18,0,2,2,4.220133834150522,5,0,0,0,0,0,0,2.123043126970309,3.0,Female,Asian,Some College,,B,0,2,1.0550334585376304,0,0.5307607817425772,0.2111963450370062,0.1724137931034483
1807,18,0,0,1,13.7658599685451,27,1,1,1,0,1,1,0.9220132315429356,4.0,Female,Caucasian,High School,Low,A,3,2,12.441464992136275,1,0.2305033078857339,0.6890312670130581,0.9310344827586208
1808,15,1,0,2,4.394455002207938,16,0,2,0,0,0,1,1.42899323811113,4.0,Male,Caucasian,Some College,Moderate,A,1,4,3.0986137505519844,1,0.3572483095277825,0.2199224220860177,0.5517241379310345
1809,16,0,1,0,8.773433936060977,16,1,2,0,1,0,0,1.8934409155419147,4.0,Female,African American,,Moderate,A,1,2,7.193358484015244,1,0.4733602288854787,0.4391230389624153,0.5517241379310345
1810,15,0,1,4,15.640036511878828,13,1,2,0,0,0,0,1.93958466603405,4.0,Female,African American,Higher,Moderate,A,0,6,6.9100091279697065,1,0.4848961665085125,0.7828478074987983,0.4482758620689655
1811,17,1,0,1,15.679050361956818,23,0,3,1,1,0,0,1.511276997165948,4.0,Male,Caucasian,High School,High,A,2,4,7.919762590489205,1,0.377819249291487,0.7848007422201111,0.7931034482758621
1812,17,0,2,2,9.065235450517193,24,0,1,0,0,1,0,0.8256041743927887,4.0,Female,Asian,Some College,Low,A,1,3,4.266308862629298,1,0.2064010435981971,0.4537298852022506,0.8275862068965517
1813,15,0,1,1,15.843798765504902,17,0,0,1,0,0,0,1.7643543086537177,4.0,Female,African American,High School,,A,1,1,5.960949691376225,1,0.4410885771634294,0.7930476308744409,0.5862068965517241
1814,18,1,2,2,16.772435923961137,24,0,2,1,0,0,0,1.295594900495879,4.0,Male,Asian,Some College,Moderate,A,1,4,6.193108980990284,1,0.3238987251239698,0.8395328597514937,0.8275862068965517
1815,18,0,2,2,13.095515025685206,4,0,2,0,0,0,0,2.4737171780781475,3.0,Female,Asian,Some College,Moderate,B,0,4,3.2738787564213014,0,0.6184292945195369,0.6554754935748948,0.1379310344827586
1816,15,0,2,2,4.568517046168403,28,0,2,0,0,1,0,0.0197984850174091,4.0,Female,Asian,Some College,Moderate,A,1,4,3.1421292615421006,1,0.0049496212543522,0.2286355280377124,0.9655172413793104
1817,15,1,0,1,5.48023560771095,7,0,3,0,0,0,0,2.2029585057112775,3.0,Male,Caucasian,High School,High,B,0,4,1.3700589019277376,0,0.5507396264278194,0.2742738547176588,0.2413793103448275
1818,17,0,1,1,6.296823108174707,6,0,3,1,0,0,0,3.0400254359810663,1.0,Female,African American,High School,High,D,1,4,3.5742057770436766,0,0.7600063589952666,0.3151501609385962,0.2068965517241379
1819,18,0,0,1,2.33608215467904,22,1,1,1,0,0,0,1.0690799865648395,4.0,Female,Caucasian,High School,Low,A,1,2,5.58402053866976,1,0.2672699966412099,0.1168854801971568,0.7586206896551724
1820,15,1,1,2,5.463192407398902,3,1,4,1,0,0,0,3.9417600224442615,0.0,Male,African American,Some College,Very High,F,1,6,6.365798101849726,0,0.9854400056110654,0.2734207151893848,0.1034482758620689
1821,17,1,0,0,4.190384486250642,17,0,1,0,0,1,0,1.48259597306949,4.0,Male,Caucasian,,Low,A,1,1,3.047596121562661,1,0.3706489932673725,0.2097071678772553,0.5862068965517241
1822,18,1,1,2,9.106574996172045,4,0,3,0,1,0,0,3.042275369333665,1.0,Male,African American,Some College,High,D,1,5,4.276643749043011,0,0.7605688423334163,0.4557992383655828,0.1379310344827586
1823,16,0,0,3,18.168750957445297,15,0,3,0,1,0,0,2.1039665103433465,3.0,Female,Caucasian,Bachelor,High,B,1,6,6.542187739361324,0,0.5259916275858366,0.9094288609236674,0.5172413793103449
1824,17,1,0,3,2.0896063350791616,13,0,3,0,0,0,0,1.7875223290156508,4.0,Male,Caucasian,Bachelor,High,A,0,6,0.5224015837697904,1,0.4468805822539127,0.1045475236740661,0.4482758620689655
1825,18,0,0,2,14.405358478947912,26,1,1,1,0,0,1,1.1003818825946587,4.0,Female,Caucasian,Some College,Low,A,2,3,10.601339619736978,1,0.2750954706486647,0.7210429460115891,0.896551724137931
1826,18,1,0,2,13.745660088262554,26,0,2,0,0,0,0,0.8545582885805375,4.0,Male,Caucasian,Some College,Moderate,A,0,4,3.4364150220656384,1,0.2136395721451343,0.6880201120644619,0.896551724137931
1827,17,0,2,0,1.9150839732671532,18,0,2,0,1,0,1,1.199651387587034,4.0,Female,Asian,,Moderate,A,2,2,4.478770993316788,1,0.2999128468967585,0.0958113753742483,0.6206896551724138
1828,16,1,2,2,18.451448098116,13,1,1,0,0,0,0,2.591940919144186,2.0,Male,Asian,Some College,Low,C,0,3,7.612862024529,0,0.6479852297860464,0.9235799652245248,0.4482758620689655
1829,17,1,1,3,11.369444043136392,8,1,0,0,0,0,1,2.28221274517396,3.0,Male,African American,Bachelor,,B,1,3,7.8423610107840975,0,0.57055318629349,0.569072743102141,0.2758620689655172
1830,18,1,0,1,7.274510422713685,5,0,2,0,0,0,0,2.7548774932704316,2.0,Male,Caucasian,High School,Moderate,C,0,3,1.8186276056784212,0,0.6887193733176079,0.3640907166472309,0.1724137931034483
1831,15,1,0,2,15.130771669906132,16,0,2,0,1,0,0,1.9212686469167612,4.0,Male,Caucasian,Some College,Moderate,A,1,4,5.782692917476533,1,0.4803171617291903,0.757355296755968,0.5517241379310345
1832,15,0,0,3,5.147309168032681,18,0,3,1,0,1,0,1.5835564956915291,4.0,Female,Caucasian,Bachelor,High,A,2,6,5.28682729200817,1,0.3958891239228823,0.2576083986708705,0.6206896551724138
1833,17,1,0,3,13.870196740926408,11,0,1,0,0,1,0,1.7233856864018513,4.0,Male,Caucasian,Bachelor,Low,A,1,4,5.4675491852316025,1,0.4308464216004628,0.6942541021109997,0.3793103448275862
1834,18,1,2,1,0.7942241514449444,3,1,3,1,0,0,0,2.8760550053652034,2.0,Male,Asian,High School,High,C,1,4,5.198556037861236,0,0.7190137513413009,0.0397039658418592,0.1034482758620689
1835,15,0,0,2,16.78816075218544,15,0,1,0,0,0,0,1.8889919304287464,4.0,Female,Caucasian,Some College,Low,A,0,3,4.19704018804636,1,0.4722479826071866,0.8403200049054463,0.5172413793103449
1836,18,1,0,1,8.96341694042637,24,0,3,1,1,0,0,1.369369967422703,4.0,Male,Caucasian,High School,High,A,2,4,6.2408542351065925,1,0.3423424918556757,0.4486331079492699,0.8275862068965517
1837,17,0,0,1,12.733858287158837,10,1,2,0,0,0,0,2.5505462336959117,2.0,Female,Caucasian,High School,Moderate,C,0,3,6.18346457178971,0,0.6376365584239779,0.6373718713880824,0.3448275862068966
1838,15,1,0,3,4.424756396133674,21,1,2,1,1,1,1,1.9435733405447095,4.0,Male,Caucasian,Bachelor,Moderate,A,4,5,12.106189099033418,1,0.4858933351361774,0.2214392332744405,0.7241379310344828
1839,18,1,1,3,13.54147425316896,3,1,3,1,0,0,1,3.3104012689001965,1.0,Male,African American,Bachelor,High,D,2,6,10.38536856329224,0,0.8276003172250491,0.6777990852712236,0.1034482758620689
1840,15,1,1,2,15.444805517865532,16,0,1,0,0,0,0,1.418938674503826,4.0,Male,African American,Some College,Low,A,0,3,3.861201379466383,1,0.3547346686259565,0.7730750374152822,0.5517241379310345
1841,17,0,0,0,9.464263737687975,7,0,1,0,1,0,0,2.3530546550379574,3.0,Female,Caucasian,,Low,B,1,1,4.366065934421994,0,0.5882636637594894,0.473704232651784,0.2413793103448275
1842,18,1,0,3,12.354538481235886,13,0,2,0,0,1,0,1.7528862062165578,4.0,Male,Caucasian,Bachelor,Moderate,A,1,5,5.088634620308971,1,0.4382215515541394,0.618384080693555,0.4482758620689655
1843,15,1,0,2,9.126518476447972,26,0,1,1,0,1,0,0.5139629886917817,4.0,Male,Caucasian,Some College,Low,A,2,3,6.2816296191119925,1,0.1284907471729454,0.4567975585779385,0.896551724137931
1844,17,1,0,1,17.88182738515691,1,0,2,0,0,0,0,3.0219548675332906,1.0,Male,Caucasian,High School,Moderate,D,0,3,4.470456846289228,0,0.7554887168833226,0.8950661921389939,0.0344827586206896
1845,15,0,0,2,9.957383610286383,10,0,1,0,1,0,1,1.8347494481922708,4.0,Female,Caucasian,Some College,Low,A,2,3,6.489345902571596,0,0.4586873620480677,0.4983885670366658,0.3448275862068966
1846,15,0,3,0,16.83617418057638,10,0,3,0,0,0,0,2.275700147008356,3.0,Female,Other,,High,B,0,3,4.209043545144095,0,0.568925036752089,0.8427234357692673,0.3448275862068966
1847,16,1,1,2,16.02704116540497,23,1,3,1,1,0,1,1.7676467845806807,4.0,Male,African American,Some College,High,A,3,5,13.006760291351242,1,0.4419116961451702,0.8022202822396904,0.7931034482758621
1848,16,0,1,2,8.21009642696713,21,0,0,1,0,1,0,1.353723074286344,4.0,Female,African American,Some College,,A,2,2,6.0525241067417825,1,0.338430768571586,0.4109237871806006,0.7241379310344828
1849,17,1,0,1,4.6016898371495,23,1,3,0,1,0,0,1.0342011685600785,4.0,Male,Caucasian,High School,High,A,1,4,6.150422459287375,1,0.2585502921400196,0.2302960741048226,0.7931034482758621
1850,16,1,0,1,8.121642651195419,5,0,2,0,0,0,0,2.758341831164698,2.0,Male,Caucasian,High School,Moderate,C,0,3,2.0304106627988547,0,0.6895854577911745,0.4064960147461839,0.1724137931034483
1851,17,1,1,1,16.524347515504402,20,1,2,1,0,0,0,1.7899668741623316,4.0,Male,African American,High School,Moderate,A,1,3,9.1310868788761,1,0.4474917185405829,0.8271141811062986,0.6896551724137931
1852,16,1,1,0,4.552650716387847,20,0,2,1,0,0,0,1.223973606916021,4.0,Male,African American,,Moderate,A,1,2,3.1381626790969617,1,0.3059934017290052,0.2278412996735211,0.6896551724137931
1853,15,1,2,2,10.488726917154986,13,1,3,0,1,0,1,2.443619105420938,3.0,Male,Asian,Some College,High,B,2,5,9.622181729288746,0,0.6109047763552345,0.5249862699254214,0.4482758620689655
1854,17,1,0,3,16.12193495921495,29,0,2,0,1,1,0,0.3629570027561279,4.0,Male,Caucasian,Bachelor,Moderate,A,2,5,8.030483739803739,1,0.0907392506890319,0.8069704256989527,1.0
1855,17,1,1,0,7.069549502567575,9,0,3,1,0,0,0,2.251753921949751,3.0,Male,African American,,High,B,1,3,3.767387375641894,0,0.5629384804874378,0.353830891055412,0.3103448275862069
1856,15,0,0,0,12.844192740053948,25,1,1,0,0,0,0,0.9000416924553322,4.0,Female,Caucasian,,Low,A,0,1,6.211048185013487,1,0.225010423113833,0.642894935212472,0.8620689655172413
1857,17,0,2,2,4.912631480976291,26,0,4,0,0,0,0,0.6566169233161951,4.0,Female,Asian,Some College,Very High,A,0,6,1.2281578702440727,1,0.1641542308290488,0.2458610268412865,0.896551724137931
1858,17,0,1,3,2.1855889073631984,7,0,3,1,0,0,0,2.1864269513348455,3.0,Female,African American,Bachelor,High,B,1,6,2.5463972268407997,0,0.5466067378337114,0.1093521686316822,0.2413793103448275
1859,16,0,1,1,15.887684501857128,6,1,1,0,0,1,1,2.88313626573597,2.0,Female,African American,High School,Low,C,2,2,10.971921125464284,0,0.7207840664339925,0.7952444399081894,0.2068965517241379
1860,17,0,0,1,1.9793724681741365,7,1,3,1,0,0,0,2.877853697636979,2.0,Female,Caucasian,High School,High,C,1,4,5.494843117043534,0,0.7194634244092447,0.0990294949300934,0.2413793103448275
1861,18,0,1,2,5.427627901591691,27,0,2,0,0,0,0,0.0120634896338959,4.0,Female,African American,Some College,Moderate,A,0,4,1.3569069753979228,1,0.0030158724084739,0.2716404459235116,0.9310344827586208
1862,15,0,0,1,17.1021884399488,7,0,1,1,0,0,0,2.583738162772638,2.0,Female,Caucasian,High School,Low,C,1,2,6.2755471099872,0,0.6459345406931595,0.8560394372009175,0.2413793103448275
1863,16,1,0,0,6.929385741573344,22,0,1,0,1,0,0,1.1615545310949262,4.0,Male,Caucasian,,Low,A,1,1,3.732346435393336,1,0.2903886327737315,0.3468146474658093,0.7586206896551724
1864,16,1,0,2,19.46090699028322,1,0,0,1,0,0,0,3.301690512687678,1.0,Male,Caucasian,Some College,,D,1,2,6.865226747570805,0,0.8254226281719195,0.9741109258016112,0.0344827586206896
1865,18,1,1,2,19.594686695477193,26,1,3,0,0,0,0,1.5051727733314488,4.0,Male,African American,Some College,High,A,0,5,7.898671673869298,1,0.3762931933328622,0.9808075996945496,0.896551724137931
1866,15,1,0,2,5.365520409071134,15,0,2,0,0,0,0,1.385696220554564,4.0,Male,Caucasian,Some College,Moderate,A,0,4,1.3413801022677836,1,0.346424055138641,0.2685315018343073,0.5172413793103449
1867,15,0,0,2,0.819564444997809,8,0,2,0,0,0,1,2.240923948684623,3.0,Female,Caucasian,Some College,Moderate,B,1,4,2.2048911112494523,0,0.5602309871711557,0.0409724368855711,0.2758620689655172
1868,16,0,2,2,14.101265684107585,12,1,1,1,0,0,0,2.116723382234456,3.0,Female,Asian,Some College,Low,B,1,3,8.525316421026897,0,0.529180845558614,0.7058208293438536,0.4137931034482758
1869,17,1,0,1,9.019730052966874,22,0,2,0,0,0,1,1.0366568343647269,4.0,Male,Caucasian,High School,Moderate,A,1,3,4.254932513241719,1,0.2591642085911817,0.4514520000228719,0.7586206896551724
1870,16,1,1,1,2.0150568791915258,11,0,2,0,0,0,0,1.6174602067259882,4.0,Male,African American,High School,Moderate,A,0,3,0.5037642197978814,1,0.404365051681497,0.100815766347709,0.3793103448275862
1871,15,0,0,1,14.150456379560856,26,0,3,0,0,0,0,0.8659455421420207,4.0,Female,Caucasian,High School,High,A,0,4,3.537614094890214,1,0.2164863855355051,0.7082831912210888,0.896551724137931
1872,18,1,0,1,0.6234981822384245,21,0,4,0,1,0,0,1.320245987222631,4.0,Male,Caucasian,High School,Very High,A,1,5,2.1558745455596062,1,0.3300614968056578,0.0311578553598977,0.7241379310344828
1873,16,1,2,2,17.403933809844844,24,0,2,1,0,0,1,1.2597646826652291,4.0,Male,Asian,Some College,Moderate,A,2,4,8.350983452461211,1,0.3149411706663073,0.8711440477094249,0.8275862068965517
1874,15,1,0,3,2.7730505822660745,28,0,2,1,0,0,0,0.0815731844151463,4.0,Male,Caucasian,Bachelor,Moderate,A,1,5,2.6932626455665187,1,0.0203932961037865,0.138759015176305,0.9655172413793104
1875,16,1,0,4,2.5462375749345,16,0,2,0,1,1,0,1.6896730848454322,4.0,Male,Caucasian,Higher,Moderate,A,2,6,4.636559393733625,1,0.422418271211358,0.1274053293345406,0.5517241379310345
1876,17,0,1,2,3.5134459593716905,26,0,3,0,0,0,1,0.4604216497595421,4.0,Female,African American,Some College,High,A,1,5,2.8783614898429226,1,0.1151054124398855,0.1758213362894101,0.896551724137931
1877,16,1,1,1,19.205327169841333,1,0,1,1,0,0,0,3.577043897429733,0.0,Male,African American,High School,Low,F,1,2,6.801331792460333,0,0.8942609743574332,0.9613172460081516,0.0344827586206896
1878,16,1,1,1,13.86338720507692,12,0,2,1,0,0,0,2.0878721266068734,3.0,Male,African American,High School,Moderate,B,1,3,5.46584680126923,0,0.5219680316517183,0.6939132339585383,0.4137931034482758
1879,15,0,0,3,16.027430709272735,0,0,3,1,0,0,0,3.3695843618327963,1.0,Female,Caucasian,Bachelor,High,D,1,6,6.006857677318184,0,0.8423960904581991,0.8022397818210779,0.0
1880,15,0,0,2,7.95269971465506,25,0,0,0,0,0,0,0.0,4.0,Female,Caucasian,Some College,,A,0,2,1.988174928663765,1,0.0,0.3980391583725973,0.8620689655172413
1881,15,1,2,2,6.726254550099111,27,0,1,0,0,0,0,0.0946515916807701,4.0,Male,Asian,Some College,Low,A,0,3,1.6815636375247778,1,0.0236628979201925,0.33664641346638,0.9310344827586208
1882,16,0,1,2,4.689680135663399,18,0,3,0,1,0,0,1.4053156279015715,4.0,Female,African American,Some College,High,A,1,5,3.1724200339158495,1,0.3513289069753929,0.2347006460392242,0.6206896551724138
1883,17,1,2,2,9.612960566248178,10,0,1,0,0,0,0,1.878264180025782,4.0,Male,Asian,Some College,Low,A,0,3,2.403240141562045,0,0.4695660450064455,0.48114762003508,0.3448275862068966
1884,18,1,2,3,11.03657467068337,4,0,2,1,0,0,0,2.871904770418778,2.0,Male,Asian,Bachelor,Moderate,C,1,5,4.759143667670843,0,0.7179761926046945,0.5524101436964023,0.1379310344827586
1885,18,0,2,0,12.635496873055107,0,1,2,0,0,0,0,3.7079480402167513,0.0,Female,Asian,,Moderate,F,0,2,6.158874218263777,0,0.9269870100541878,0.6324481476218661,0.0
1886,15,1,0,2,5.14237007997389,19,0,2,0,0,1,0,1.1748680910745393,4.0,Male,Caucasian,Some College,Moderate,A,1,4,3.285592519993473,1,0.2937170227686348,0.2573611604069629,0.6551724137931034
1887,15,1,0,3,18.973081618059812,29,1,1,1,0,0,0,0.9954496418804064,4.0,Male,Caucasian,Bachelor,Low,A,1,4,9.743270404514952,1,0.2488624104701016,0.9496916207228264,1.0
1888,16,1,2,1,3.395169964142717,12,1,4,0,1,0,0,2.5287112567899213,2.0,Male,Asian,High School,Very High,C,1,5,5.848792491035679,0,0.6321778141974803,0.1699007389292743,0.4137931034482758
1889,18,1,0,2,19.313063495328247,7,0,0,1,1,0,0,2.5968344902614566,2.0,Male,Caucasian,Some College,,C,2,2,8.828265873832063,0,0.6492086225653642,0.9667102541416592,0.2413793103448275
1890,15,0,0,1,0.2971224501500757,5,0,3,0,0,0,0,2.46060677377515,3.0,Female,Caucasian,High School,High,B,0,4,0.0742806125375189,0,0.6151516934437875,0.0148203111771257,0.1724137931034483
1891,17,0,2,4,9.622513836336912,28,1,0,0,0,0,0,0.5477807235419316,4.0,Female,Asian,Higher,,A,0,4,5.4056284590842285,1,0.1369451808854829,0.4816258325883417,0.9655172413793104
1892,17,1,2,0,6.667356762331256,16,0,2,0,1,0,0,1.803054426736249,4.0,Male,Asian,,Moderate,A,1,2,3.666839190582814,1,0.4507636066840622,0.3336981390840666,0.5517241379310345
1893,15,0,0,2,8.982468278605015,11,1,1,0,0,0,0,2.309975847769393,3.0,Female,Caucasian,Some College,Low,B,0,3,5.245617069651254,0,0.5774939619423483,0.449586769783264,0.3793103448275862
1894,15,1,0,1,11.41329157961578,0,0,1,0,0,0,0,3.0933639433242823,1.0,Male,Caucasian,High School,Low,D,0,2,2.853322894903945,0,0.7733409858310706,0.5712676399468114,0.0
1895,18,1,0,2,8.71178316025418,2,0,1,0,0,0,0,2.6159007236869956,2.0,Male,Caucasian,Some College,Low,C,0,3,2.177945790063545,0,0.6539751809217489,0.4360369569574791,0.0689655172413793
1896,18,1,2,1,8.2969370060319,13,0,2,0,1,0,0,2.27691831821056,3.0,Male,Asian,High School,Moderate,B,1,3,4.074234251507975,0,0.56922957955264,0.415270807065474,0.4482758620689655
1897,16,1,3,1,14.65446830826613,25,0,2,1,0,0,0,1.0515315263472127,4.0,Male,Other,High School,Moderate,A,1,3,5.663617077066533,1,0.2628828815868032,0.7335127544033097,0.8620689655172413
1898,18,1,0,2,13.717525501729291,7,0,1,0,1,0,0,2.747706159044371,2.0,Male,Caucasian,Some College,Low,C,1,3,5.429381375432323,0,0.6869265397610927,0.6866117657771627,0.2413793103448275
1899,17,0,0,3,16.665425640716958,10,0,4,0,0,0,0,2.6216701040126886,2.0,Female,Caucasian,Bachelor,Very High,C,0,7,4.166356410179239,0,0.6554175260031722,0.8341761954574725,0.3448275862068966
1900,17,1,2,1,4.999179624789911,26,1,1,0,0,0,0,0.2432980938442744,4.0,Male,Asian,High School,Low,A,0,2,4.249794906197478,1,0.0608245234610686,0.2501934081566632,0.896551724137931
1901,15,0,0,1,12.190570195081271,13,1,2,0,0,0,0,2.1947065208246226,3.0,Female,Caucasian,High School,Moderate,B,0,3,6.047642548770318,0,0.5486766302061556,0.6101762427440739,0.4482758620689655
1902,18,0,1,2,11.703895707857075,7,0,1,0,0,0,1,2.639906487707337,2.0,Female,African American,Some College,Low,C,1,3,4.925973926964269,0,0.6599766219268343,0.5858145480593082,0.2413793103448275
1903,16,1,3,2,7.394756217453775,28,1,2,0,1,0,0,0.8334934182533646,4.0,Male,Other,Some College,Moderate,A,1,4,6.848689054363444,1,0.2083733545633411,0.3701099171919177,0.9655172413793104
1904,17,1,0,3,9.721150838053616,2,1,3,0,0,0,0,3.402401590802249,1.0,Male,Caucasian,Bachelor,High,D,0,6,5.430287709513404,0,0.8506003977005623,0.4865633515738727,0.0689655172413793
1905,17,1,1,1,6.275642866114575,6,1,2,0,0,1,0,2.6162916954361832,2.0,Male,African American,High School,Moderate,C,1,3,6.568910716528643,0,0.6540729238590458,0.3140899315574315,0.2068965517241379
1906,16,1,0,2,2.836887952339704,27,0,1,0,0,0,0,0.3397153849684515,4.0,Male,Caucasian,Some College,Low,A,0,3,0.709221988084926,1,0.0849288462421128,0.1419545525632807,0.9310344827586208
1907,16,1,0,1,4.276024213254656,18,1,1,1,0,0,1,1.6977287802151977,4.0,Male,Caucasian,High School,Low,A,2,2,8.069006053313664,1,0.4244321950537994,0.2139940761433082,0.6206896551724138
1908,17,0,2,1,2.1102729280240218,3,0,3,0,0,0,0,2.356856806870208,3.0,Female,Asian,High School,High,B,0,4,0.5275682320060054,0,0.589214201717552,0.1055820410788486,0.1034482758620689
1909,17,1,0,2,13.661391503802482,24,0,1,0,0,0,0,0.8456248398851254,4.0,Male,Caucasian,Some College,Low,A,0,3,3.4153478759506206,1,0.2114062099712813,0.6838018397283822,0.8275862068965517
1910,16,1,3,2,13.21454786218303,15,1,2,1,0,1,0,2.246545273169087,3.0,Male,Other,Some College,Moderate,B,2,4,10.303636965545758,0,0.5616363182922718,0.661433976495915,0.5172413793103449
1911,17,0,1,2,19.012127431597456,12,0,1,1,1,0,0,2.4786991828290517,3.0,Female,African American,Some College,Low,B,2,3,8.753031857899364,0,0.6196747957072629,0.9516461554541368,0.4137931034482758
1912,15,0,0,1,14.593568272944824,19,0,1,1,0,1,1,1.3742882826190426,4.0,Female,Caucasian,High School,Low,A,3,2,9.648392068236204,1,0.3435720706547606,0.7304642525694633,0.6551724137931034
1913,15,1,0,2,1.040916775122629,18,1,1,0,1,0,0,1.3553810454285826,4.0,Male,Caucasian,Some College,Low,A,1,3,5.260229193780657,1,0.3388452613571456,0.0520527750290788,0.6206896551724138
1914,16,0,0,2,17.684903478579084,4,0,3,1,0,0,0,3.060490750087925,1.0,Female,Caucasian,Some College,High,D,1,5,6.421225869644771,0,0.7651226875219812,0.8852086791315978,0.1379310344827586
1915,18,1,0,4,17.253503258914517,22,1,3,1,0,0,0,1.5569571221233611,4.0,Male,Caucasian,Higher,High,A,1,7,9.31337581472863,1,0.3892392805308403,0.8636138745665343,0.7586206896551724
1916,16,0,0,1,8.866406415453973,4,1,2,1,0,0,0,3.219531247903172,1.0,Female,Caucasian,High School,Moderate,D,1,3,7.216601603863493,0,0.804882811975793,0.4437770062783852,0.1379310344827586
1917,16,0,0,1,11.717261010558431,19,0,1,0,1,0,0,1.150153548429549,4.0,Female,Caucasian,High School,Low,A,1,2,4.929315252639608,1,0.2875383871073872,0.5864835813296508,0.6551724137931034
1918,18,1,0,1,19.521566649450374,23,0,2,0,0,1,1,1.3214293024924364,4.0,Male,Caucasian,High School,Moderate,A,2,3,8.880391662362594,1,0.3303573256231091,0.9771473950127688,0.7931034482758621
1919,18,0,2,2,10.646087276963325,3,1,2,1,1,0,0,3.4913265883378144,1.0,Female,Asian,Some College,Moderate,D,2,4,9.661521819240832,0,0.8728316470844536,0.5328633317845725,0.1034482758620689
1920,18,0,1,1,18.106436567521797,1,0,2,0,0,1,1,3.8695867242043698,0.0,Female,African American,High School,Moderate,F,2,3,8.52660914188045,0,0.9673966810510924,0.9063095600734372,0.0344827586206896
1921,15,0,2,3,1.6607751562037287,25,1,0,0,0,0,1,0.1704636132529806,4.0,Female,Asian,Bachelor,,A,1,3,5.4151937890509325,1,0.0426159033132451,0.0830813187972554,0.8620689655172413
1922,17,0,0,1,3.821037374173657,12,1,4,0,0,0,0,2.197387290025697,3.0,Female,Caucasian,High School,Very High,B,0,5,3.955259343543414,0,0.5493468225064243,0.1912185850291178,0.4137931034482758
1923,15,0,0,3,8.815098868826357,29,0,2,0,0,0,0,0.0211555827545139,4.0,Female,Caucasian,Bachelor,Moderate,A,0,5,2.20377471720659,1,0.0052888956886284,0.4412086801820338,1.0
1924,17,0,1,1,11.695136166746094,15,0,4,0,0,1,0,2.386799507281263,3.0,Female,African American,High School,Very High,B,1,5,4.923784041686524,0,0.5966998768203158,0.585376067572399,0.5172413793103449
1925,15,1,0,2,16.324557037256003,21,1,0,0,1,0,0,1.3610312878747248,4.0,Male,Caucasian,Some College,,A,1,2,9.081139259314,1,0.3402578219686812,0.8171131747667808,0.7241379310344828
1926,17,1,0,3,19.765242302863737,1,0,1,1,1,0,0,3.5106808899730706,0.0,Male,Caucasian,Bachelor,Low,F,2,4,8.941310575715935,0,0.8776702224932676,0.9893451822944191,0.0344827586206896
1927,15,0,2,1,7.777029929482328,18,0,1,0,1,0,0,1.4373707502913808,4.0,Female,Asian,High School,Low,A,1,2,3.944257482370582,1,0.3593426875728452,0.3892455729596332,0.6206896551724138
1928,18,1,2,4,0.9483127228016984,16,1,3,0,1,1,0,1.8044174585321688,4.0,Male,Asian,Higher,High,A,2,7,7.237078180700425,1,0.4511043646330422,0.0474172502410796,0.5517241379310345
1929,16,1,1,2,16.023430065906496,4,1,2,1,1,0,0,3.262269864334146,1.0,Male,African American,Some College,Moderate,D,2,4,11.005857516476624,0,0.8155674660835365,0.8020395197264141,0.1379310344827586
1930,15,1,0,3,12.087614381656165,24,0,3,0,1,0,0,1.169658238097338,4.0,Male,Caucasian,Bachelor,High,A,1,6,5.021903595414042,1,0.2924145595243345,0.6050225349608904,0.8275862068965517
1931,17,0,2,2,3.9708571773640338,17,0,3,0,0,0,0,1.4015509339508203,4.0,Female,Asian,Some College,High,A,0,5,0.9927142943410084,1,0.3503877334877051,0.1987181856839066,0.5862068965517241
1932,18,1,1,1,9.896569132428404,27,0,3,0,0,1,0,0.5496018253589585,4.0,Male,African American,High School,High,A,1,4,4.474142283107101,1,0.1374004563397396,0.4953443479931739,0.9310344827586208
1933,15,0,2,1,14.846204910674489,22,1,3,0,0,0,0,1.5165082679194366,4.0,Female,Asian,High School,High,A,0,4,6.711551227668623,1,0.3791270669798591,0.7431106040757025,0.7586206896551724
1934,15,1,2,1,15.408235741372875,20,1,3,0,0,0,0,2.0322195117185347,3.0,Male,Asian,High School,High,B,0,4,6.852058935343219,0,0.5080548779296337,0.7712444468398739,0.6896551724137931
1935,18,0,2,0,9.99236823997524,17,1,3,1,1,0,0,2.289299775238682,3.0,Female,Asian,,High,B,2,3,9.49809205999381,0,0.5723249438096705,0.5001398091697816,0.5862068965517241
1936,15,0,1,1,6.104290602577183,7,0,2,1,0,0,0,2.086687740995232,3.0,Female,African American,High School,Moderate,B,1,3,3.526072650644296,0,0.521671935248808,0.3055124703643231,0.2413793103448275
1937,16,1,0,1,19.47485164076987,26,1,3,1,0,0,1,1.6676669904535018,4.0,Male,Caucasian,High School,High,A,2,4,11.868712910192468,1,0.4169167476133754,0.9748089597576935,0.896551724137931
1938,15,1,1,2,13.267252219129857,14,1,3,0,0,0,0,2.5958890506964156,2.0,Male,African American,Some College,High,C,0,5,6.316813054782465,0,0.6489722626741039,0.6640722233861901,0.4827586206896551
1939,16,0,1,2,8.164750386925974,12,0,2,0,0,0,0,1.9507691766596456,4.0,Female,African American,Some College,Moderate,A,0,4,2.0411875967314934,1,0.4876922941649114,0.4086538790353295,0.4137931034482758
1940,16,1,2,1,5.609264484093048,12,0,4,0,0,0,0,2.1025418985543585,3.0,Male,Asian,High School,Very High,B,0,5,1.402316121023262,0,0.5256354746385896,0.2807327141287357,0.4137931034482758
1941,18,1,0,1,14.622059660071242,15,1,0,0,0,0,0,1.3791671997209602,4.0,Male,Caucasian,High School,,A,0,1,6.655514915017811,1,0.34479179993024,0.7318904593925869,0.5172413793103449
1942,15,1,0,2,4.843668911875354,21,0,2,0,0,0,0,0.6721996800613397,4.0,Male,Caucasian,Some College,Moderate,A,0,4,1.2109172279688385,1,0.1680499200153349,0.2424089349457437,0.7241379310344828
1943,18,0,2,1,3.4341997794737633,19,0,1,1,0,1,0,1.1416385674703,4.0,Female,Asian,High School,Low,A,2,2,4.858549944868441,1,0.285409641867575,0.1718544728308003,0.6551724137931034
1944,15,0,2,0,10.596677779241404,12,0,1,0,0,0,1,1.6210121147431664,4.0,Female,Asian,,Low,A,1,1,4.649169444810351,1,0.4052530286857916,0.5303900172188254,0.4137931034482758
1945,15,1,3,1,5.799747852882837,19,0,3,0,0,0,1,1.1221109734183077,4.0,Male,Other,High School,High,A,1,4,3.4499369632207095,1,0.2805277433545769,0.2902678300939265,0.6551724137931034
1946,17,1,2,3,12.5781028984723,1,0,4,0,0,0,0,3.402044108383005,1.0,Male,Asian,Bachelor,Very High,D,0,7,3.144525724618075,0,0.8505110270957512,0.6295751503264738,0.0344827586206896
1947,15,1,1,3,2.3587734974846697,2,0,3,0,0,0,0,2.683854738684956,2.0,Male,African American,Bachelor,High,C,0,6,0.5896933743711674,0,0.670963684671239,0.1180213514620983,0.0689655172413793
1948,18,0,1,1,13.098822091346433,14,1,4,1,0,1,0,2.9968562787082313,2.0,Female,African American,High School,Very High,C,2,5,10.274705522836609,0,0.7492140696770578,0.6556410369227715,0.4827586206896551
1949,16,0,2,2,5.665930559954044,22,1,1,1,1,0,0,1.2848657108072905,4.0,Female,Asian,Some College,Low,A,2,3,8.41648263998851,1,0.3212164277018226,0.2835692746539917,0.7586206896551724
1950,15,1,1,2,0.0048586886902546,18,1,1,0,0,0,0,1.2010533026138683,4.0,Male,African American,Some College,Low,A,0,3,3.001214672172563,1,0.3002633256534671,0.0001903260206912,0.6206896551724138
1951,17,1,1,2,2.538721153483527,12,0,2,0,1,0,0,1.978021718438136,4.0,Male,African American,Some College,Moderate,A,1,4,2.6346802883708818,1,0.494505429609534,0.1270290762756325,0.4137931034482758
1952,18,1,0,2,18.67230755670188,4,1,3,1,1,0,1,3.836698640240594,0.0,Male,Caucasian,Some College,High,F,3,5,13.66807688917547,0,0.9591746600601484,0.9346356314646028,0.1379310344827586
1953,15,1,0,2,17.347092782307158,25,1,0,1,1,0,0,1.1799034066853449,4.0,Male,Caucasian,Some College,,A,2,2,11.33677319557679,1,0.2949758516713362,0.8682987295454515,0.8620689655172413
1954,18,1,2,1,4.672180640724736,21,0,4,1,0,0,0,1.5400594595413652,4.0,Male,Asian,High School,Very High,A,1,5,3.168045160181184,1,0.3850148648853413,0.2338246655552978,0.7241379310344828
1955,17,1,0,0,15.567438090909825,5,0,3,0,0,0,1,3.158858262221248,1.0,Male,Caucasian,,High,D,1,3,5.891859522727456,0,0.789714565555312,0.7792137140489229,0.1724137931034483
1956,17,0,0,2,12.171431863479484,13,0,4,0,0,0,1,1.7524968355129966,4.0,Female,Caucasian,Some College,Very High,A,1,6,5.042857965869871,1,0.4381242088782491,0.6092182262392066,0.4482758620689655
1957,18,1,0,3,19.41809422899739,3,1,2,0,0,0,0,3.045113482146093,1.0,Male,Caucasian,Bachelor,Moderate,D,0,5,7.8545235572493475,0,0.7612783705365233,0.9719678271875746,0.1034482758620689
1958,15,0,0,2,7.472113190681182,21,0,2,0,1,1,0,1.1656039458580214,4.0,Female,Caucasian,Some College,Moderate,A,2,4,5.868028297670295,1,0.2914009864645053,0.3739822117398658,0.7241379310344828
1959,16,1,0,3,13.629212250343423,18,1,3,1,0,0,0,1.7857607910876625,4.0,Male,Caucasian,Bachelor,High,A,1,6,8.407303062585855,1,0.4464401977719156,0.6821910276383041,0.6206896551724138
1960,17,1,0,4,1.2707144484783717,22,0,3,0,1,0,0,0.8411087173537893,4.0,Male,Caucasian,Higher,High,A,1,7,2.317678612119593,1,0.2102771793384473,0.0635558657078042,0.7586206896551724
1961,15,0,3,1,7.924946936328119,6,0,1,0,1,0,0,2.397182557625913,3.0,Female,Other,High School,Low,B,1,2,3.98123673408203,0,0.5992956394064782,0.3966499244390267,0.2068965517241379
1962,15,0,1,2,19.27635322376361,3,1,4,0,0,0,0,3.576909015459067,0.0,Female,African American,Some College,Very High,F,0,6,7.819088305940903,0,0.8942272538647668,0.964872630738071,0.1034482758620689
1963,16,0,0,2,10.779617489002412,1,0,3,1,0,1,0,3.225158275189163,1.0,Female,Caucasian,Some College,High,D,2,5,6.694904372250603,0,0.8062895687972907,0.5395475166808102,0.0344827586206896
1964,17,0,0,4,5.757590066696892,26,0,0,0,0,0,0,0.0,4.0,Female,Caucasian,Higher,,A,0,4,1.439397516674223,1,0.0,0.2881575178778384,0.896551724137931
1965,17,1,1,4,2.405419262572137,6,1,1,0,0,1,0,2.8066977641918256,2.0,Male,African American,Higher,Low,C,1,5,5.601354815643035,0,0.7016744410479564,0.1203563205579299,0.2068965517241379
1966,15,0,0,2,14.070566803630609,2,1,2,1,0,0,0,3.421837670026282,1.0,Female,Caucasian,Some College,Moderate,D,1,4,8.517641700907653,0,0.8554594175065705,0.7042841209833849,0.0689655172413793
1967,15,1,2,1,12.897120868594536,14,0,2,0,1,0,1,2.1053092787971113,3.0,Male,Asian,High School,Moderate,B,2,3,7.2242802171486336,0,0.5263273196992778,0.6455443835431133,0.4827586206896551
1968,16,0,1,2,7.478774272075492,0,0,3,0,0,0,0,3.1609020911559265,1.0,Female,African American,Some College,High,D,0,5,1.869693568018873,0,0.7902255227889816,0.3743156486375428,0.0
1969,16,1,2,1,19.018827037316687,1,0,0,0,0,0,0,2.993541560404552,2.0,Male,Asian,High School,,C,0,1,4.754706759329172,0,0.748385390101138,0.9519815207821428,0.0344827586206896
1970,17,1,0,2,0.4440562597570063,9,1,3,1,0,0,0,2.490220425623977,3.0,Male,Caucasian,Some College,High,B,1,5,5.111014064939251,0,0.6225551064059942,0.0221754462879262,0.3103448275862069
1971,18,1,1,3,6.074477032636516,15,0,3,1,0,1,0,2.1308327796408113,3.0,Male,African American,Bachelor,High,B,2,6,5.518619258159129,0,0.5327081949102028,0.3040200784115417,0.5172413793103449
1972,17,1,0,1,18.421389725991627,24,0,1,1,0,0,1,0.8384648733197381,4.0,Male,Caucasian,High School,Low,A,2,2,8.605347431497908,1,0.2096162183299345,0.9220753190932028,0.8275862068965517
1973,15,1,3,2,6.418708766388807,27,0,2,1,0,1,0,0.6767710334068527,4.0,Male,Other,Some College,Moderate,A,2,4,5.604677191597202,1,0.1691927583517131,0.3212514489037813,0.9310344827586208
1974,17,1,1,2,5.045056677103408,14,1,1,1,0,0,0,1.7359565115853166,4.0,Male,African American,Some College,Low,A,1,3,6.261264169275852,1,0.4339891278963291,0.2524898974340712,0.4827586206896551
1975,18,0,0,2,10.684408198624949,23,1,1,1,0,0,0,1.254572618142762,4.0,Female,Caucasian,Some College,Low,A,1,3,7.671102049656238,1,0.3136431545356905,0.5347815802608465,0.7931034482758621
1976,16,1,0,1,16.476034998410757,14,1,2,0,0,0,0,1.9226882349760128,4.0,Male,Caucasian,High School,Moderate,A,0,3,7.119008749602689,1,0.4806720587440032,0.8246957786180135,0.4827586206896551
1977,18,0,0,2,2.062935217567221,13,0,4,1,0,0,0,2.1919984196063775,3.0,Female,Caucasian,Some College,Very High,B,1,6,2.515733804391805,0,0.5479996049015944,0.103212434946828,0.4482758620689655
1978,18,0,1,3,18.860414192914725,21,1,1,0,1,1,0,1.757523486205053,4.0,Female,African American,Bachelor,Low,A,2,4,11.71510354822868,1,0.4393808715512632,0.944051774204554,0.7241379310344828
1979,18,1,0,3,15.90145762362328,13,0,2,1,0,0,0,1.9241023198927736,4.0,Male,Caucasian,Bachelor,Moderate,A,1,5,5.97536440590582,1,0.4810255799731934,0.7959338875700893,0.4482758620689655
1980,16,0,1,1,3.625005111031039,5,0,1,1,0,0,0,2.8079741296204626,2.0,Female,African American,High School,Low,C,1,2,2.9062512777577596,0,0.7019935324051156,0.1814057054383203,0.1724137931034483
1981,18,1,0,3,14.240159223963254,13,1,1,0,0,0,0,2.138772677122642,3.0,Male,Caucasian,Bachelor,Low,B,0,4,6.560039805990813,0,0.5346931692806605,0.7127734888739419,0.4482758620689655
1982,18,0,1,2,7.6991744527511425,16,0,2,0,0,1,0,1.3638410472397342,4.0,Female,African American,Some College,Moderate,A,1,4,3.9247936131877856,1,0.3409602618099335,0.3853483245863313,0.5517241379310345
1983,18,1,2,1,8.045893561526373,17,0,3,0,1,0,0,1.722726052159269,4.0,Male,Asian,High School,High,A,1,4,4.011473390381593,1,0.4306815130398173,0.4027042067849909,0.5862068965517241
1984,15,0,2,0,15.665801848777328,19,1,0,0,1,0,0,1.1921084719956991,4.0,Female,Asian,,,A,1,0,8.916450462194332,1,0.2980271179989248,0.7841375551380293,0.6551724137931034
1985,18,1,2,1,19.255696159614644,18,0,4,0,0,0,0,1.5347823896807868,4.0,Male,Asian,High School,Very High,A,0,5,4.813924039903661,1,0.3836955974201967,0.9638385903207254,0.6206896551724138
1986,16,1,0,3,2.5331174569438786,29,0,0,0,1,0,0,0.1152432109582913,4.0,Male,Caucasian,Bachelor,,A,1,3,2.6332793642359698,1,0.0288108027395728,0.1267485693910748,1.0
1987,18,1,0,2,8.412604737576387,16,0,3,0,1,0,0,1.562359564441758,4.0,Male,Caucasian,Some College,High,A,1,5,4.103151184394097,1,0.3905898911104395,0.4210608413383578,0.5517241379310345
1988,18,1,1,2,9.61883216168607,15,0,3,1,0,0,0,2.096032624938282,3.0,Male,African American,Some College,High,B,1,5,4.404708040421518,0,0.5240081562345705,0.4814415372613275,0.5172413793103449
1989,16,0,0,1,7.526236339099952,7,1,2,0,1,0,0,3.0092383227043036,1.0,Female,Caucasian,High School,Moderate,D,1,3,6.881559084774988,0,0.7523095806760759,0.3766914797450097,0.2413793103448275
1990,18,1,0,2,7.2637824743245005,6,0,1,0,0,0,0,2.071108064884564,3.0,Male,Caucasian,Some College,Low,B,0,3,1.8159456185811251,0,0.517777016221141,0.3635537026674312,0.2068965517241379
1991,16,0,0,0,1.0453733512319308,19,1,2,0,0,1,0,1.7473564518959883,4.0,Female,Caucasian,,Moderate,A,1,2,5.261343337807983,1,0.4368391129739971,0.0522758599644192,0.6551724137931034
1992,18,0,0,1,13.710772411252464,27,0,3,1,1,0,0,1.0798673690024294,4.0,Female,Caucasian,High School,High,A,2,4,7.427693102813116,1,0.2699668422506073,0.6862737231373822,0.9310344827586208
1993,16,0,0,2,8.724288342400907,11,0,3,0,0,1,0,2.271400211003181,3.0,Female,Caucasian,Some College,High,B,1,5,4.181072085600227,0,0.5678500527507953,0.4366629347669458,0.3793103448275862
1994,18,1,2,1,3.8958760528785352,8,0,2,0,1,0,0,2.117233031215417,3.0,Male,Asian,High School,Moderate,B,1,3,2.9739690132196337,0,0.5293082578038543,0.1949648201186502,0.2758620689655172
1995,18,0,0,3,16.320670046041368,26,1,2,0,0,0,0,0.7435923583787316,4.0,Female,Caucasian,Bachelor,Moderate,A,0,5,7.080167511510342,1,0.1858980895946829,0.8169186018115527,0.896551724137931
1996,15,0,1,1,16.051214963032557,13,0,3,0,1,0,0,1.892745844623002,4.0,Female,African American,High School,High,A,1,4,6.012803740758139,1,0.4731864611557505,0.8034303614458833,0.4482758620689655
1997,15,0,0,2,9.727832561777875,19,1,4,0,0,0,0,1.58646418895305,4.0,Female,Caucasian,Some College,Very High,A,0,6,5.431958140444468,1,0.3966160472382625,0.4868978217744102,0.6551724137931034
1998,18,1,1,2,5.96901322295521,0,0,3,0,0,1,0,3.512322894833646,0.0,Male,African American,Some College,High,F,1,5,3.4922533057388025,0,0.8780807237084115,0.2987408266751247,0.0
1999,18,1,0,2,12.761854515929048,9,1,3,0,0,1,0,2.629211521173767,2.0,Male,Caucasian,Some College,High,C,1,5,8.190463628982261,0,0.6573028802934417,0.638773291835484,0.3103448275862069
2000,17,0,2,1,5.763042715548061,16,1,2,1,1,0,0,1.836642800001118,4.0,Female,Asian,High School,Moderate,A,2,3,8.440760678887015,1,0.4591607000002795,0.2884304636969074,0.5517241379310345
2001,16,1,2,0,4.720158606474241,16,1,3,1,0,1,0,1.834359140428028,4.0,Male,Asian,,High,A,2,3,8.18003965161856,1,0.458589785107007,0.236226321248926,0.5517241379310345
2002,17,1,0,3,14.610293080526532,16,1,3,0,0,0,1,1.7660559772918876,4.0,Male,Caucasian,Bachelor,High,A,1,6,8.652573270131633,1,0.4415139943229719,0.7313014541624439,0.5517241379310345
2003,15,0,3,1,0.806504794419014,3,0,3,1,0,1,1,3.201710217015248,1.0,Female,Other,High School,High,D,3,4,6.201626198604753,0,0.800427554253812,0.0403187037879005,0.1034482758620689
2004,15,0,3,3,1.8953694206918792,16,1,2,0,0,0,0,1.263890771933725,4.0,Female,Other,Bachelor,Moderate,A,0,5,3.4738423551729696,1,0.3159726929834312,0.0948245147039368,0.5517241379310345
2005,15,1,2,4,0.1357634804717955,17,0,2,0,1,1,1,1.4277243762746905,4.0,Male,Asian,Higher,Moderate,A,3,6,6.033940870117949,1,0.3569310940686726,0.0067430890149955,0.5862068965517241
2006,15,0,2,1,3.058863729508523,19,0,2,0,0,1,1,1.0707079518820537,4.0,Female,Asian,High School,Moderate,A,2,3,4.764715932377131,1,0.2676769879705134,0.1530660988899514,0.6551724137931034
2007,18,1,0,1,1.3798001742091892,22,0,2,0,0,0,1,0.8327175057955102,4.0,Male,Caucasian,High School,Moderate,A,1,3,2.344950043552297,1,0.2081793764488775,0.069016421406702,0.7586206896551724
2008,15,1,1,2,19.916047355598373,1,0,2,0,0,0,0,3.1302227945215697,1.0,Male,African American,Some College,Moderate,D,0,4,4.979011838899593,0,0.7825556986303924,0.9968941020510218,0.0344827586206896
2009,18,1,0,4,5.776199399081792,7,0,3,1,0,0,0,2.5370989505724477,2.0,Male,Caucasian,Higher,High,C,1,7,3.444049849770448,0,0.6342747376431119,0.2890890540190362,0.2413793103448275
2010,18,1,0,3,2.9853602533849455,12,0,2,1,0,0,0,1.671076181781797,4.0,Male,Caucasian,Bachelor,Moderate,A,1,5,2.7463400633462363,1,0.4177690454454492,0.149386700666706,0.4137931034482758
2011,15,1,3,2,4.819925159918359,22,0,1,0,1,1,0,0.8165506596743497,4.0,Male,Other,Some College,Low,A,2,3,5.20498128997959,1,0.2041376649185874,0.2412203827388132,0.7586206896551724
2012,15,1,0,2,18.722511430802697,24,0,3,0,1,0,0,1.1314027355141834,4.0,Male,Caucasian,Some College,High,A,1,5,6.680627857700674,1,0.2828506838785458,0.9371487105039672,0.8275862068965517
2013,16,0,2,1,10.403204460487911,29,0,3,0,0,0,0,0.3331542282930413,4.0,Female,Asian,High School,High,A,0,4,2.600801115121978,1,0.0832885570732603,0.5207052319160166,1.0
2014,17,0,2,4,7.296361926157138,21,1,2,0,0,0,0,1.4890630202510051,4.0,Female,Asian,Higher,Moderate,A,0,6,4.824090481539285,1,0.3722657550627513,0.3651845476765268,0.7241379310344828
2015,15,1,2,4,17.467829158184387,19,1,1,0,1,0,0,1.6833300315712254,4.0,Male,Asian,Higher,Low,A,1,5,9.366957289546097,1,0.4208325078928063,0.8743424873418432,0.6551724137931034
2016,16,1,3,1,7.899805410980649,21,1,4,1,0,0,0,1.9219421337361215,4.0,Male,Other,High School,Very High,A,1,5,6.974951352745162,1,0.4804855334340304,0.3953914032292592,0.7241379310344828
2017,16,1,0,1,6.700171399153916,14,0,3,0,0,0,0,1.9400069221827017,4.0,Male,Caucasian,High School,High,A,0,4,1.675042849788479,1,0.4850017305456754,0.335340756859296,0.4827586206896551
2018,17,0,0,1,4.145650450994712,19,0,1,1,0,0,0,1.0658486732058416,4.0,Female,Caucasian,High School,Low,A,1,2,3.036412612748678,1,0.2664621683014604,0.2074678951445951,0.6551724137931034
2019,18,1,0,1,7.555936478188229,22,1,0,0,0,0,0,0.9689861311254953,4.0,Male,Caucasian,High School,,A,0,1,4.888984119547057,1,0.2422465327813738,0.3781781936360348,0.7586206896551724
2020,15,0,0,3,6.333687120338521,8,1,2,1,0,0,0,2.686144990139594,2.0,Female,Caucasian,Bachelor,Moderate,C,1,5,6.58342178008463,0,0.6715362475348985,0.3169954802079759,0.2758620689655172
2021,17,1,0,1,13.54607918596282,2,1,3,1,1,0,0,3.520612391633881,0.0,Male,Caucasian,High School,High,F,2,4,10.386519796490704,0,0.8801530979084703,0.6780295965671983,0.0689655172413793
2022,15,1,0,0,5.791654093414542,2,0,1,1,0,0,0,2.8159732956810704,2.0,Male,Caucasian,,Low,C,1,1,3.447913523353636,0,0.7039933239202676,0.2898626769531831,0.0689655172413793
2023,16,0,2,1,11.543994928451228,1,0,2,1,1,0,0,3.487510668221957,1.0,Female,Asian,High School,Moderate,D,2,3,6.885998732112807,0,0.8718776670554893,0.5778103192164127,0.0344827586206896
2024,16,0,1,4,1.317843300639454,0,1,2,0,0,1,0,3.5921289778598062,0.0,Female,African American,Higher,Moderate,F,1,6,5.329460825159863,0,0.8980322444649516,0.065915016921463,0.0
2025,18,1,0,2,3.8257831339302872,13,0,3,0,0,0,0,1.5784416654580549,4.0,Male,Caucasian,Some College,High,A,0,5,0.9564457834825718,1,0.3946104163645137,0.1914561457668866,0.4482758620689655
2026,16,1,1,2,8.148105432226975,16,0,2,1,0,1,0,1.8860081741258312,4.0,Male,African American,Some College,Moderate,A,2,4,6.037026358056744,1,0.4715020435314578,0.4078206746758169,0.5517241379310345
2027,16,1,0,1,18.738985078173908,12,1,2,0,1,0,0,2.366010872187284,3.0,Male,Caucasian,High School,Moderate,B,1,3,9.684746269543478,0,0.591502718046821,0.9379733396516567,0.4137931034482758
2028,17,0,0,4,7.5450397143139085,18,1,4,1,0,1,0,2.434934378846439,3.0,Female,Caucasian,Higher,Very High,B,2,8,8.886259928578477,0,0.6087335947116097,0.3776327291797566,0.6206896551724138
2029,15,0,2,3,13.281482423996682,29,0,1,0,0,0,0,0.3931864713624303,4.0,Female,Asian,Bachelor,Low,A,0,4,3.3203706059991704,1,0.0982966178406075,0.6647845514727609,1.0
2030,15,0,1,1,5.101744448427963,22,0,1,0,1,1,0,0.7132676650608875,4.0,Female,African American,High School,Low,A,2,2,5.275436112106991,1,0.1783169162652218,0.2553275439793943,0.7586206896551724
2031,17,0,2,0,2.5406715194646345,14,1,3,0,1,1,0,2.574449970243328,2.0,Female,Asian,,High,C,2,3,7.635167879866159,0,0.643612492560832,0.1271267066667925,0.4827586206896551
2032,18,0,0,0,1.1707320016010023,26,0,1,1,1,0,0,0.7005398668998437,4.0,Female,Caucasian,,Low,A,2,1,4.292683000400251,1,0.1751349667249609,0.0585509971383527,0.896551724137931
2033,15,0,2,1,6.1082699708550265,24,1,3,1,0,1,0,1.586289237455222,4.0,Female,Asian,High School,High,A,2,4,8.527067492713757,1,0.3965723093638055,0.305711667481838,0.8275862068965517
2034,16,1,1,2,3.1532205359381593,13,1,0,0,1,0,0,2.058575292693283,3.0,Male,African American,Some College,,B,1,2,5.78830513398454,0,0.5146438231733208,0.157789362118273,0.4482758620689655
2035,15,1,1,3,3.480208960322484,1,1,1,0,0,0,0,3.1296400506375512,1.0,Male,African American,Bachelor,Low,D,0,4,3.870052240080621,0,0.7824100126593878,0.1741575761287062,0.0344827586206896
2036,16,0,1,2,15.215186167739,6,1,4,1,1,0,0,3.539198711532371,0.0,Female,African American,Some College,Very High,F,2,6,10.80379654193475,0,0.8847996778830928,0.7615808731466712,0.2068965517241379
2037,18,1,2,3,0.3167614188974843,16,0,2,1,1,1,0,2.0599666562818197,3.0,Male,Asian,Bachelor,Moderate,B,3,5,6.079190354724371,0,0.5149916640704549,0.0158033883120642,0.5517241379310345
2038,17,1,1,2,11.156202514708689,17,0,3,0,1,1,1,1.756035494723187,4.0,Male,African American,Some College,High,A,3,5,8.789050628677172,1,0.4390088736807968,0.5583984111902744,0.5862068965517241
2039,15,0,1,2,7.589227611869296,5,0,1,1,1,0,0,2.6226010520500767,2.0,Female,African American,Some College,Low,C,2,3,5.897306902967324,0,0.6556502630125192,0.3798446636395758,0.1724137931034483
2040,17,1,3,2,10.130999998170944,26,0,1,0,0,0,0,0.2628611666623931,4.0,Male,Other,Some College,Low,A,0,3,2.532749999542736,1,0.0657152916655982,0.507079364571666,0.896551724137931
2041,15,0,2,1,11.256604744292058,20,0,3,0,1,1,0,1.704415088568228,4.0,Female,Asian,High School,High,A,2,4,6.814151186073015,1,0.426103772142057,0.563424293020922,0.6896551724137931
2042,16,0,0,1,6.267353889145564,7,0,2,0,0,0,0,2.1044499314712546,3.0,Female,Caucasian,High School,Moderate,B,0,3,1.566838472286391,0,0.5261124828678136,0.313675006322045,0.2413793103448275
2043,17,1,2,2,5.902177203685706,27,1,2,1,1,1,0,0.8375123196439725,4.0,Male,Asian,Some College,Moderate,A,3,4,10.475544300921426,1,0.2093780799109931,0.295395184488957,0.9310344827586208
2044,15,0,0,0,14.668036986698114,26,0,0,1,1,0,0,0.556828032953946,4.0,Female,Caucasian,,,A,2,0,7.667009246674528,1,0.1392070082384865,0.7341919681486635,0.896551724137931
2045,16,0,0,1,17.425539762423142,1,0,2,1,0,0,0,3.3501309740346112,1.0,Female,Caucasian,High School,Moderate,D,1,3,6.3563849406057855,0,0.8375327435086528,0.8722255870830793,0.0344827586206896
2046,17,0,1,2,3.8516326491705577,0,0,3,1,0,0,0,3.279646224162432,1.0,Female,African American,Some College,High,D,1,5,2.962908162292639,0,0.819911556040608,0.1927501071611328,0.0
2047,17,0,3,4,1.952375210702979,15,0,3,0,1,0,0,1.5563289566907113,4.0,Female,Other,Higher,High,A,1,7,2.4880938026757446,1,0.3890822391726778,0.0976780804608665,0.5172413793103449
2048,15,0,3,2,17.955916127840517,6,0,3,1,0,0,1,2.8463787534192235,2.0,Female,Other,Some College,High,C,2,5,8.48897903196013,0,0.7115946883548059,0.8987748873268817,0.2068965517241379
2049,15,0,0,3,6.9979092729479735,21,0,3,0,0,0,0,1.137899800685294,4.0,Female,Caucasian,Bachelor,High,A,0,6,1.7494773182369934,1,0.2844749501713235,0.3502447622425095,0.7241379310344828
2050,15,0,1,2,11.026347813256285,23,0,2,1,0,0,0,1.3917877793457225,4.0,Female,African American,Some College,Moderate,A,1,4,4.756586953314072,1,0.3479469448364306,0.5518982130635798,0.7931034482758621
2051,16,0,0,2,7.190862890400069,10,1,2,0,0,0,0,2.182795221152233,3.0,Female,Caucasian,Some College,Moderate,B,0,4,4.797715722600017,0,0.5456988052880583,0.3599035326117965,0.3448275862068966
2052,15,1,3,2,2.5160467269210263,14,1,3,1,0,0,0,2.2538711785078176,3.0,Male,Other,Some College,High,B,1,5,5.6290116817302565,0,0.5634677946269544,0.1258940517950636,0.4827586206896551
2053,17,1,3,3,11.78663289895456,12,1,1,1,0,0,0,2.2540200372432713,3.0,Male,Other,Bachelor,Low,B,1,4,7.94665822473864,0,0.5635050093108178,0.5899561627144925,0.4137931034482758
2054,17,1,1,2,10.502817035392592,29,0,1,1,0,0,0,0.3925490106038808,4.0,Male,African American,Some College,Low,A,1,3,4.625704258848148,1,0.0981372526509702,0.5256915856294243,1.0
2055,15,0,2,2,4.059871183823944,23,0,4,1,1,0,0,1.484857697467839,4.0,Female,Asian,Some College,Very High,A,2,6,5.014967795955986,1,0.3712144243669597,0.2031740018505041,0.7931034482758621
2056,15,0,2,2,9.037380893045556,1,0,0,0,0,0,0,2.672093364300088,2.0,Female,Asian,Some College,,C,0,2,2.259345223261389,0,0.668023341075022,0.4523355564619593,0.0344827586206896
2057,18,1,1,2,15.938950080312916,13,0,1,1,0,0,0,1.8315112814407797,4.0,Male,African American,Some College,Low,A,1,3,5.9847375200782285,1,0.4578778203601949,0.7978106651839402,0.4482758620689655
2058,17,1,0,1,11.808522062157827,23,0,2,0,0,1,0,0.7581829737450007,4.0,Male,Caucasian,High School,Moderate,A,1,3,4.952130515539457,1,0.1895457434362501,0.5910518788961738,0.7931034482758621
2059,16,1,0,0,1.938346541339897,5,0,3,1,0,0,0,2.9381754672014475,2.0,Male,Caucasian,,High,C,1,3,2.484586635334974,0,0.7345438668003619,0.0969758407322006,0.1724137931034483
2060,18,0,1,0,10.9604299445827,8,1,2,1,0,1,0,3.0549241250380565,1.0,Female,African American,,Moderate,D,2,2,9.740107486145677,0,0.7637310312595141,0.548598531175475,0.2758620689655172
2061,15,1,1,3,14.054765985791738,27,0,2,0,1,0,0,0.9175822003619482,4.0,Male,African American,Bachelor,Moderate,A,1,5,5.513691496447935,1,0.229395550090487,0.7034931719814027,0.9310344827586208
2062,15,1,0,1,15.854068115615028,6,0,4,1,0,1,0,3.4608846527317176,1.0,Male,Caucasian,High School,Very High,D,2,5,7.963517028903757,0,0.8652211631829294,0.7935616885835696,0.2068965517241379
2063,17,0,3,1,12.582351572685337,17,0,3,0,0,0,0,1.84190774937114,4.0,Female,Other,High School,High,A,0,4,3.145587893171334,1,0.460476937342785,0.6297878282183916,0.5862068965517241
2064,15,1,0,2,3.0531632908156747,23,0,3,1,1,0,0,1.185985514478241,4.0,Male,Caucasian,Some College,High,A,2,5,4.763290822703919,1,0.2964963786195602,0.1527807493377353,0.7931034482758621
2065,16,0,1,1,14.203465331803214,8,1,0,1,0,1,0,2.4222306855709315,3.0,Female,African American,High School,,B,2,1,10.550866332950804,0,0.6055576713927329,0.7109366853819462,0.2758620689655172
2066,17,0,1,2,13.546836921630328,22,0,1,0,0,0,0,0.9126606733812742,4.0,Female,African American,Some College,Low,A,0,3,3.3867092304075817,1,0.2281651683453185,0.6780675268994187,0.7586206896551724
2067,15,0,1,1,0.4885376588126644,3,0,2,0,1,0,0,3.073304472562818,1.0,Female,African American,High School,Moderate,D,1,3,2.122134414703166,0,0.7683261181407045,0.0244020726909782,0.1034482758620689
2068,17,1,1,4,8.234953351804863,8,0,1,0,0,0,0,2.1672829561454443,3.0,Male,African American,Higher,Low,B,0,5,2.058738337951216,0,0.5418207390363611,0.4121680620082228,0.2758620689655172
2069,15,1,0,3,6.659004939247466,3,0,0,1,1,0,0,2.5538644982316425,2.0,Male,Caucasian,Bachelor,,C,2,3,5.664751234811867,0,0.6384661245579106,0.3332800679310276,0.1034482758620689
2070,15,0,0,3,13.38824128507287,11,0,1,1,0,1,0,2.4486025189472542,3.0,Female,Caucasian,Bachelor,Low,B,2,4,7.347060321268217,0,0.6121506297368136,0.6701286302085613,0.3793103448275862
2071,15,1,1,2,4.322716246218414,3,1,2,0,0,1,0,3.4632393046516823,1.0,Male,African American,Some College,Moderate,D,1,4,6.080679061554603,0,0.8658098261629206,0.2163313612920777,0.1034482758620689
2072,16,1,1,2,11.817438459485173,24,1,3,1,1,0,0,1.442868859303521,4.0,Male,African American,Some College,High,A,2,5,9.954359614871294,1,0.3607172148258802,0.5914982112087958,0.8275862068965517
2073,16,1,0,1,18.26411923628345,29,1,3,0,0,0,0,0.9131278090050235,4.0,Male,Caucasian,High School,High,A,0,4,7.566029809070862,1,0.2282819522512559,0.914202755904105,1.0
2074,17,1,2,0,15.956047444172157,23,0,0,0,0,1,0,0.923753224971706,4.0,Male,Asian,,,A,1,0,5.989011861043039,1,0.2309383062429265,0.7986665160024798,0.7931034482758621
2075,15,0,0,0,18.42915472433061,19,0,2,0,1,1,0,1.8435970826083627,4.0,Female,Caucasian,,Moderate,A,2,2,8.607288681082652,1,0.4608992706520907,0.9224640152828076,0.6551724137931034
2076,15,1,1,2,19.5701193386538,13,0,1,0,0,0,0,2.0966454405051325,3.0,Male,African American,Some College,Low,B,0,3,4.89252983466345,0,0.5241613601262831,0.979577819909797,0.4482758620689655
2077,16,0,2,2,0.2134025401232553,23,1,2,0,1,0,0,0.875367123899009,4.0,Female,Asian,Some College,Moderate,A,1,4,5.053350635030814,1,0.2188417809747522,0.0106295040963142,0.7931034482758621
2078,15,0,0,2,12.454825527549552,23,1,2,0,1,0,0,1.4490003209615303,4.0,Female,Caucasian,Some College,Moderate,A,1,4,8.113706381887388,1,0.3622500802403826,0.6234041967408648,0.7931034482758621
2079,16,1,0,0,8.25678795517813,6,1,2,0,0,1,0,3.0811935547787432,1.0,Male,Caucasian,,Moderate,D,1,2,7.064196988794532,0,0.7702983886946858,0.4132610470627227,0.2068965517241379
2080,15,0,2,2,17.197089806702436,25,0,3,1,0,0,0,1.118752405383704,4.0,Female,Asian,Some College,High,A,1,5,6.299272451675609,1,0.279688101345926,0.8607899597425973,0.8620689655172413
2081,17,1,1,2,5.036294040182634,12,0,3,0,0,0,0,2.0622007000872045,3.0,Male,African American,Some College,High,B,0,5,1.2590735100456585,0,0.5155501750218011,0.2520512619787489,0.4137931034482758
2082,15,1,1,2,19.62058978230152,21,0,3,0,1,0,0,1.5629116353425707,4.0,Male,African American,Some College,High,A,1,5,6.90514744557538,1,0.3907279088356427,0.9821042427468832,0.7241379310344828
2083,15,0,2,2,12.274159390874946,7,0,3,0,0,1,0,2.49283810766837,3.0,Female,Asian,Some College,High,B,1,5,5.068539847718736,0,0.6232095269170925,0.6143605066007747,0.2413793103448275
2084,18,0,2,1,15.87074804457662,22,0,3,0,0,1,0,1.1001720410942128,4.0,Female,Asian,High School,High,A,1,4,5.967687011144156,1,0.2750430102735532,0.7943966436662647,0.7586206896551724
2085,16,0,3,3,1.7119910564553664,4,0,3,0,0,0,0,2.693598515909963,2.0,Female,Other,Bachelor,High,C,0,6,0.4279977641138416,0,0.6733996289774907,0.0856450573076758,0.1379310344827586
2086,15,0,1,2,3.669157695177301,11,1,2,0,0,0,0,1.6848422066992197,4.0,Female,African American,Some College,Moderate,A,0,4,3.917289423794325,1,0.4212105516748049,0.1836158721981389,0.3793103448275862
2087,15,1,0,1,15.168073460684065,12,0,2,1,0,1,0,2.423585366966065,3.0,Male,Caucasian,High School,Moderate,B,2,3,7.792018365171016,0,0.6058963417415163,0.7592225301162169,0.4137931034482758
2088,18,1,0,1,0.4397304407864721,28,0,3,1,1,0,0,0.4050526130408124,4.0,Male,Caucasian,High School,High,A,2,4,4.109932610196618,1,0.1012631532602031,0.0219589067244435,0.9655172413793104
2089,18,1,0,2,16.337559717875656,19,0,0,0,0,0,0,0.6513407024247787,4.0,Male,Caucasian,Some College,,A,0,2,4.084389929468914,1,0.1628351756061946,0.8177640560922972,0.6551724137931034
2090,16,0,1,3,0.278980373838229,13,0,3,0,0,0,0,1.7948597502988235,4.0,Female,African American,Bachelor,High,A,0,6,0.0697450934595572,1,0.4487149375747059,0.0139121646938823,0.4482758620689655
2091,18,0,0,2,13.142376781225469,27,1,4,0,1,0,0,0.9636319307546236,4.0,Female,Caucasian,Some College,Very High,A,1,6,8.285594195306366,1,0.2409079826886559,0.6578212746068437,0.9310344827586208
2092,17,0,3,1,7.301878404636117,17,0,3,0,0,0,0,1.9307827968987483,4.0,Female,Other,High School,High,A,0,4,1.8254696011590292,1,0.4826956992246871,0.3654606886454247,0.5862068965517241
2093,18,1,1,3,12.229897054383985,26,0,0,1,1,0,0,0.9943347506957514,4.0,Male,African American,Bachelor,,A,2,3,7.057474263595996,1,0.2485836876739378,0.6121448459159966,0.896551724137931
2094,17,0,1,2,13.920628139782274,23,1,2,1,0,0,0,1.3543270341452454,4.0,Female,African American,Some College,Moderate,A,1,4,8.480157034945568,1,0.3385817585363113,0.6967785704644974,0.7931034482758621
2095,16,1,0,2,6.849504383726083,24,0,3,1,0,1,0,0.7035731437813568,4.0,Male,Caucasian,Some College,High,A,2,5,5.712376095931521,1,0.1758932859453392,0.3428159886045673,0.8275862068965517
2096,16,0,0,2,2.159248962216711,19,0,4,0,1,0,0,1.523945155165538,4.0,Female,Caucasian,Some College,Very High,A,1,6,2.539812240554178,1,0.3809862887913845,0.1080336575559689,0.6551724137931034
2097,16,1,0,1,1.3929173549653129,3,1,2,1,0,0,0,3.358694269179903,1.0,Male,Caucasian,High School,Moderate,D,1,3,5.348229338741328,0,0.8396735672949758,0.0696730343196332,0.1034482758620689
2098,16,1,0,2,11.778720451250956,20,1,3,0,0,0,0,1.76569517319031,4.0,Male,Caucasian,Some College,High,A,0,5,5.944680112812739,1,0.4414237932975775,0.5895600855823959,0.6896551724137931
2099,16,0,0,1,10.41310707468223,17,0,3,0,0,0,0,1.787402596174887,4.0,Female,Caucasian,High School,High,A,0,4,2.6032767686705576,1,0.4468506490437217,0.5212009317521822,0.5862068965517241
2100,17,0,1,4,14.84402018242265,6,0,1,0,1,1,1,3.154023245749205,1.0,Female,African American,Higher,Low,D,3,5,9.711005045605663,0,0.7885058114373013,0.7430012421016569,0.2068965517241379
2101,17,1,2,2,10.194710200078742,14,0,3,1,1,0,1,2.005144712913381,3.0,Male,Asian,Some College,High,B,3,5,8.548677550019686,0,0.5012861782283452,0.5102685362416975,0.4827586206896551
2102,16,1,2,2,8.448915800617582,20,1,2,1,0,0,0,1.7207596503292208,4.0,Male,Asian,Some College,Moderate,A,1,4,7.112228950154396,1,0.4301899125823052,0.4228784813723244,0.6896551724137931
2103,18,0,1,2,7.9617435647246175,5,0,2,0,1,0,1,3.1270562240684012,1.0,Female,African American,Some College,Moderate,D,2,4,5.990435891181154,0,0.7817640560171003,0.3984918706473376,0.1724137931034483
2104,15,0,0,3,0.5289380519533493,15,1,2,0,0,0,0,1.441918756451196,4.0,Female,Caucasian,Bachelor,Moderate,A,0,5,3.1322345129883375,1,0.360479689112799,0.0264244142533056,0.5172413793103449
2105,16,1,2,3,6.711144033933143,19,1,3,1,0,0,1,1.6209212385063754,4.0,Male,Asian,Bachelor,High,A,2,6,8.677786008483286,1,0.4052303096265938,0.3358900192212982,0.6551724137931034
2106,18,0,2,2,19.520403150489884,23,1,3,1,1,0,0,2.1962173498725552,3.0,Female,Asian,Some College,High,B,2,5,11.880100787622473,0,0.5490543374681388,0.9770891531957316,0.7931034482758621
2107,15,1,0,2,17.471111524541776,7,0,2,0,1,0,0,3.1030753433789715,1.0,Male,Caucasian,Some College,Moderate,D,1,4,6.367777881135444,0,0.7757688358447429,0.8745067943050011,0.2413793103448275
2108,16,1,2,2,6.587561340684354,27,0,3,1,0,0,0,0.473623395542819,4.0,Male,Asian,Some College,High,A,1,5,3.646890335171088,1,0.1184058488857047,0.3297037819717973,0.9310344827586208
2109,16,0,0,2,11.755908101327444,20,0,3,0,0,0,0,1.0438658671427483,4.0,Female,Caucasian,Some College,High,A,0,5,2.938977025331861,1,0.2609664667856871,0.5884181570069975,0.6896551724137931
2110,17,0,2,1,16.94593491070988,15,1,3,1,0,0,0,2.385530670601707,3.0,Female,Asian,High School,High,B,1,4,9.23648372767747,0,0.5963826676504268,0.8482177804823846,0.5172413793103449
2111,15,0,3,2,8.825486735001373,27,0,2,0,1,0,0,0.2701103141247828,4.0,Female,Other,Some College,Moderate,A,1,4,4.206371683750343,1,0.0675275785311957,0.441728670505803,0.9310344827586208
2112,15,0,0,1,0.3591572750030192,21,0,0,0,1,0,1,0.4389817405690688,4.0,Female,Caucasian,High School,,A,2,1,4.089789318750755,1,0.1097454351422672,0.0179256177065681,0.7241379310344828
2113,18,0,2,3,1.4902092363728014,15,0,2,1,0,1,0,1.558059855369601,4.0,Female,Asian,Bachelor,Moderate,A,2,5,4.372552309093201,1,0.3895149638424002,0.0745432199824863,0.5172413793103449
2114,17,1,1,1,10.207854426974132,2,0,3,1,1,0,0,3.680961344427839,0.0,Male,African American,High School,High,F,2,4,6.5519636067435325,0,0.9202403361069598,0.5109265030159971,0.0689655172413793
2115,17,1,3,4,19.388787513517567,16,0,1,0,1,0,0,2.1105837595046006,3.0,Male,Other,Higher,Low,B,1,5,6.847196878379392,0,0.5276459398761502,0.9705008070879492,0.5517241379310345
2116,17,0,0,2,13.864190844377354,8,0,4,0,1,1,0,3.29154084100464,1.0,Female,Caucasian,Some College,Very High,D,2,6,7.466047711094339,0,0.82288521025116,0.6939534621105944,0.2758620689655172
2117,17,0,2,2,1.4183238287713906,24,0,3,0,0,0,0,0.4277633541749704,4.0,Female,Asian,Some College,High,A,0,5,0.3545809571928476,1,0.1069408385437426,0.07094481817954,0.8275862068965517
2118,15,0,0,2,3.787217515837256,2,0,3,0,0,0,0,2.846487468746025,2.0,Female,Caucasian,Some College,High,C,0,5,0.946804378959314,0,0.7116218671865062,0.1895256484057647,0.0689655172413793
2119,15,1,0,1,15.426462864337,19,0,3,1,0,1,1,1.7723554330096858,4.0,Male,Caucasian,High School,High,A,3,4,9.85661571608425,1,0.4430888582524214,0.7721568505435616,0.6551724137931034
2120,16,0,0,1,16.828795199124894,28,1,2,0,0,0,0,0.7975176691622691,4.0,Female,Caucasian,High School,Moderate,A,0,3,7.207198799781224,1,0.1993794172905672,0.8423540626093325,0.9655172413793104
2121,16,0,3,0,12.353891723771817,6,1,3,1,1,0,0,3.5209314528229396,0.0,Female,Other,,High,F,2,3,10.088472930942954,0,0.8802328632057349,0.618351705649684,0.2068965517241379
2122,17,1,2,2,12.888463392596332,17,0,2,0,1,0,0,1.5913657381425088,4.0,Male,Asian,Some College,Moderate,A,1,4,5.222115848149083,1,0.3978414345356272,0.6451110121777641,0.5862068965517241
2123,17,1,2,2,0.5667490076676929,11,0,3,1,0,0,0,1.8640736524087984,4.0,Male,Asian,Some College,High,A,1,5,2.141687251916923,1,0.4660184131021996,0.0283171351232773,0.3793103448275862
2124,17,0,3,2,16.57060519163017,18,1,3,0,1,0,0,2.4118406224250792,3.0,Female,Other,Some College,High,B,1,5,9.142651297907545,0,0.6029601556062698,0.829429723449663,0.6206896551724138
2125,16,0,0,1,15.765504163416592,15,0,3,0,0,0,0,2.137692088152197,3.0,Female,Caucasian,High School,High,B,0,4,3.941376040854148,0,0.5344230220380493,0.7891284009957191,0.5172413793103449
2126,18,0,0,1,5.180702882066943,21,0,3,0,0,0,0,1.073333389897043,4.0,Female,Caucasian,High School,High,A,0,4,1.2951757205167358,1,0.2683333474742607,0.2592800035876048,0.7241379310344828
2127,18,1,0,2,14.17353439931014,26,0,0,1,0,0,0,0.3124795812740794,4.0,Male,Caucasian,Some College,,A,1,2,5.543383599827536,1,0.0781198953185198,0.7094384185564434,0.896551724137931
2128,16,0,0,3,4.297092128499962,23,0,0,0,0,0,0,0.5022261210258885,4.0,Female,Caucasian,Bachelor,,A,0,3,1.0742730321249905,1,0.1255565302564721,0.2150486827280463,0.7931034482758621
2129,16,0,0,2,0.8066032210302598,16,0,3,0,0,1,0,1.4903088969066125,4.0,Female,Caucasian,Some College,High,A,1,5,2.201650805257565,1,0.3725772242266531,0.0403236307752708,0.5517241379310345
2130,16,0,0,2,4.0227308518075455,19,1,1,1,0,0,0,0.8765441058695893,4.0,Female,Caucasian,Some College,Low,A,1,3,6.005682712951886,1,0.2191360264673973,0.2013148507077455,0.6551724137931034
2131,16,1,0,2,3.57257753508599,14,1,2,1,1,0,0,2.051919032041663,3.0,Male,Caucasian,Some College,Moderate,B,2,4,7.893144383771498,0,0.5129797580104157,0.178781313505387,0.4827586206896551
2132,16,1,0,0,6.754959934696945,0,0,2,1,0,0,0,3.294332437143911,1.0,Male,Caucasian,,Moderate,D,1,2,3.688739983674236,0,0.8235831092859778,0.3380833324620105,0.0
2133,16,0,0,4,8.368989943509161,1,0,0,0,0,0,0,2.6078393525028623,2.0,Female,Caucasian,Higher,,C,0,4,2.0922474858772904,0,0.6519598381257156,0.4188775949905475,0.0344827586206896
2134,17,0,0,2,10.170777829954158,7,0,0,0,0,0,0,2.207001981395421,3.0,Female,Caucasian,Some College,,B,0,2,2.5426944574885395,0,0.5517504953488552,0.5090705422860593,0.2413793103448275
2135,17,1,3,1,9.535077510166564,21,0,3,1,1,0,0,1.629355895809393,4.0,Male,Other,High School,High,A,2,4,6.3837693775416415,1,0.4073389739523482,0.4772489911092067,0.7241379310344828
2136,17,1,2,2,5.413492119305787,24,0,3,0,0,0,0,0.4937411351889655,4.0,Male,Asian,Some College,High,A,0,5,1.3533730298264468,1,0.1234352837972413,0.2709328443926738,0.8275862068965517
2137,17,1,3,1,0.5834133714814893,1,0,2,0,1,1,0,3.204313181292444,1.0,Male,Other,High School,Moderate,D,2,3,4.145853342870373,0,0.801078295323111,0.0291513110540171,0.0344827586206896
2138,16,1,0,4,12.102032444743012,18,1,4,0,0,0,0,2.0681117849682034,3.0,Male,Caucasian,Higher,Very High,B,0,8,6.0255081111857525,0,0.5170279462420508,0.6057442667551146,0.6206896551724138
2139,18,1,0,1,7.914896596947088,8,0,1,1,0,0,1,2.281345006080266,3.0,Male,Caucasian,High School,Low,B,2,2,5.978724149236772,0,0.5703362515200665,0.3961468298534127,0.2758620689655172
2140,15,1,2,2,5.973443147750994,8,1,1,0,1,0,0,2.4821724081876124,3.0,Male,Asian,Some College,Low,B,1,3,6.493360786937749,0,0.6205431020469031,0.2989625775130757,0.2758620689655172
2141,16,1,0,1,17.338820856610248,12,0,3,1,0,1,0,2.622179001774681,2.0,Male,Caucasian,High School,High,C,2,4,8.334705214152562,0,0.6555447504436702,0.8678846578536467,0.4137931034482758
2142,15,1,0,2,14.934866155963196,5,0,3,0,0,1,0,3.3505919788523375,1.0,Male,Caucasian,Some College,High,D,1,5,5.733716538990799,0,0.8376479947130844,0.7475487619097284,0.1724137931034483
2143,18,1,0,2,17.155310967448845,29,0,2,1,0,1,0,0.8411757539950683,4.0,Male,Caucasian,Some College,Moderate,A,2,4,8.28882774186221,1,0.210293938498767,0.8586986166520953,1.0
2144,17,0,0,2,9.89965589424922,14,0,4,1,0,1,0,2.371982914818465,3.0,Female,Caucasian,Some College,Very High,B,2,6,6.474913973562305,0,0.5929957287046163,0.495498863487652,0.4827586206896551
2145,18,0,0,2,2.6186250425355495,18,1,4,0,1,0,0,1.9225913490306892,4.0,Female,Caucasian,Some College,Very High,A,1,6,5.654656260633887,1,0.4806478372576723,0.1310288629920338,0.6206896551724138
2146,16,0,0,3,13.924428722425448,20,0,0,0,0,0,0,1.0075173084456468,4.0,Female,Caucasian,Bachelor,,A,0,3,3.481107180606362,1,0.2518793271114117,0.6969688180250494,0.6896551724137931
2147,17,1,1,0,4.121475598743505,14,0,1,1,0,0,0,1.5538733401089513,4.0,Male,African American,,Low,A,1,1,3.030368899685876,1,0.3884683350272378,0.2062577631466096,0.4827586206896551
2148,16,0,0,1,8.824593381834337,17,0,3,0,0,0,0,1.2476927957970836,4.0,Female,Caucasian,High School,High,A,0,4,2.206148345458584,1,0.3119231989492709,0.4416839515043506,0.5862068965517241
2149,17,1,0,1,1.30001577897777,6,0,2,1,0,0,0,2.460743527113226,3.0,Male,Caucasian,High School,Moderate,B,1,3,2.3250039447444424,0,0.6151858817783065,0.0650226162489208,0.2068965517241379
2150,15,1,2,4,16.50616804845965,25,0,0,1,0,1,1,0.9633404310113688,4.0,Male,Asian,Higher,,A,3,4,10.126542012114912,1,0.2408351077528422,0.8262041629374769,0.8620689655172413
2151,15,0,0,1,2.5188128209500116,10,0,3,0,0,0,0,2.0836979858728815,3.0,Female,Caucasian,High School,High,B,0,4,0.6297032052375029,0,0.5209244964682204,0.1260325154704205,0.3448275862068966
2152,15,1,0,2,18.061950140986195,7,1,2,0,0,1,0,2.942198841728139,2.0,Male,Caucasian,Some College,Moderate,C,1,4,9.51548753524655,0,0.7355497104320348,0.904082682007447,0.2413793103448275
2153,18,0,2,2,17.284612045231142,5,1,2,0,0,1,0,3.1794507681007715,1.0,Female,Asian,Some College,Moderate,D,1,4,9.321153011307786,0,0.7948626920251929,0.8651711017772348,0.1724137931034483
2154,16,0,0,1,9.291655288784922,7,0,1,1,0,0,0,2.627337296160058,2.0,Female,Caucasian,High School,Low,C,1,2,4.322913822196231,0,0.6568343240400145,0.4650638899944751,0.2413793103448275
2155,18,0,0,1,14.887364086079812,1,0,3,0,0,1,0,3.1094935788792104,1.0,Female,Caucasian,High School,High,D,1,4,5.721841021519952,0,0.7773733947198026,0.7451709283602571,0.0344827586206896
2156,15,1,0,1,12.388901476363063,18,0,2,1,0,0,0,1.4229175121495328,4.0,Male,Caucasian,High School,Moderate,A,1,3,5.097225369090766,1,0.3557293780373832,0.6201042053717913,0.6206896551724138
2157,16,0,0,2,16.061512846754898,15,0,1,1,1,0,0,2.0582044841224825,3.0,Female,Caucasian,Some College,Low,B,2,3,8.015378211688724,0,0.5145511210306206,0.8039458474755163,0.5172413793103449
2158,15,1,1,1,8.63610201571824,6,1,2,0,0,0,1,2.917010983412451,2.0,Male,African American,High School,Moderate,C,1,3,7.15902550392956,0,0.7292527458531127,0.4322485501579075,0.2068965517241379
2159,18,0,2,0,15.716169684887,9,1,2,0,1,0,0,3.1844421071087297,1.0,Female,Asian,,Moderate,D,1,2,8.92904242122175,0,0.7961105267771824,0.7866588417011174,0.3103448275862069
2160,18,0,0,3,9.24913634130296,11,0,4,0,0,1,0,2.6053753688041805,2.0,Female,Caucasian,Bachelor,Very High,C,1,7,4.312284085325739,0,0.6513438422010451,0.4629354989567999,0.3793103448275862
2161,18,0,1,4,18.819315756855875,16,0,4,1,1,0,0,2.346025741368296,3.0,Female,African American,Higher,Very High,B,2,8,8.704828939213968,0,0.586506435342074,0.9419944903781556,0.5517241379310345
2162,15,1,1,1,9.727442016502952,6,1,1,0,0,0,0,2.23946398594873,3.0,Male,African American,High School,Low,B,0,2,5.431860504125738,0,0.5598659964871825,0.4868782720651116,0.2068965517241379
2163,16,1,0,1,9.25238543867459,21,1,3,0,0,0,0,1.7511633575642405,4.0,Male,Caucasian,High School,High,A,0,4,5.313096359668648,1,0.4377908393910601,0.4630981405586233,0.7241379310344828
2164,16,1,1,0,15.701437231270257,7,0,3,1,1,0,0,2.952721567213245,2.0,Male,African American,,High,C,2,3,7.925359307817564,0,0.7381803918033113,0.7859213723116377,0.2413793103448275
2165,15,0,0,2,16.43155383521676,6,0,3,0,1,0,0,3.072136606487933,1.0,Female,Caucasian,Some College,High,D,1,5,6.10788845880419,0,0.7680341516219833,0.8224691640216002,0.2068965517241379
2166,16,0,0,3,11.089782286423414,3,0,2,0,0,0,0,2.809311538791001,2.0,Female,Caucasian,Bachelor,Moderate,C,0,5,2.7724455716058536,0,0.7023278846977502,0.5550735824498009,0.1034482758620689
2167,15,1,0,1,3.595956269901508,2,1,0,0,0,0,0,2.6440598613135307,2.0,Male,Caucasian,High School,,C,0,1,3.898989067475377,0,0.6610149653283827,0.179951593876853,0.0689655172413793
2168,16,1,0,1,9.35516461915159,18,0,3,1,0,0,1,1.3974290948962047,4.0,Male,Caucasian,High School,High,A,2,4,6.338791154787898,1,0.3493572737240512,0.4682430065428919,0.6206896551724138
2169,17,1,0,2,19.36145005819357,14,1,1,0,0,0,0,2.4400605261033226,3.0,Male,Caucasian,Some College,Low,B,0,3,7.840362514548392,0,0.6100151315258306,0.9691323631741122,0.4827586206896551
2170,17,1,2,2,15.059723860783702,3,0,1,0,0,0,0,2.6268192376885873,2.0,Male,Asian,Some College,Low,C,0,3,3.7649309651959255,0,0.6567048094221468,0.7537988230157188,0.1034482758620689
2171,18,1,0,0,16.223252077582643,24,0,3,1,1,0,0,1.4684288845931317,4.0,Male,Caucasian,,High,A,2,3,8.05581301939566,1,0.3671072211482829,0.8120421045496194,0.8275862068965517
2172,17,1,0,2,0.6565099763848026,8,0,4,0,0,1,0,2.3806669165758354,3.0,Male,Caucasian,Some College,Very High,B,1,6,2.1641274940962005,0,0.5951667291439589,0.0328103423324065,0.2758620689655172
2173,17,0,0,1,9.3571892526832,12,1,1,1,0,0,0,2.303453349269981,3.0,Female,Caucasian,High School,Low,B,1,2,7.3392973131708,0,0.5758633373174953,0.4683443545799072,0.4137931034482758
2174,17,1,2,1,12.932422673151107,17,0,3,0,0,0,0,1.5961281034309902,4.0,Male,Asian,High School,High,A,0,4,3.233105668287777,1,0.3990320258577475,0.6473115026483979,0.5862068965517241
2175,15,0,1,2,16.600653672561492,20,1,2,0,1,0,0,1.6853891464062594,4.0,Female,African American,Some College,Moderate,A,1,4,9.150163418140371,1,0.4213472866015648,0.8309338744528624,0.6896551724137931
2176,17,0,1,3,0.9854730716554294,15,0,3,0,1,0,0,1.8970003503646624,4.0,Female,African American,Bachelor,High,A,1,6,2.2463682679138572,1,0.4742500875911656,0.0492774033761194,0.5172413793103449
2177,17,1,2,2,17.048777712837463,0,1,2,0,0,0,0,3.4967765445807157,1.0,Male,Asian,Some College,Moderate,D,0,4,7.262194428209366,0,0.8741941361451789,0.8533658312056677,0.0
2178,18,1,2,3,10.968018734838234,3,1,1,0,0,1,0,3.361230858272882,1.0,Male,Asian,Bachelor,Low,D,1,4,7.742004683709558,0,0.8403077145682205,0.5489784068338159,0.1034482758620689
2179,17,0,0,2,3.9462794115211985,17,0,1,0,0,0,1,0.8217016697705576,4.0,Female,Caucasian,Some College,Low,A,1,3,2.9865698528802995,1,0.2054254174426394,0.1974878848499511,0.5862068965517241
2180,17,1,1,2,6.345104328994,7,1,2,0,0,1,1,2.6404761356980795,2.0,Male,African American,Some College,Moderate,C,2,4,8.5862760822485,0,0.6601190339245199,0.3175669968144936,0.2413793103448275
2181,16,1,2,2,5.638591035031215,19,0,1,0,0,1,0,0.8972169272385859,4.0,Male,Asian,Some College,Low,A,1,3,3.409647758757804,1,0.2243042318096464,0.2822007271412685,0.6551724137931034
2182,18,0,3,3,10.617180685769515,15,0,0,0,1,1,0,1.674676218445066,4.0,Female,Other,Bachelor,,A,2,3,6.654295171442379,1,0.4186690546112665,0.5314163408953284,0.5172413793103449
2183,18,0,2,3,1.0337135982226364,20,0,3,0,1,0,0,0.906353743453148,4.0,Female,Asian,Bachelor,High,A,1,6,2.258428399555659,1,0.226588435863287,0.0516922022006183,0.6896551724137931
2184,18,0,0,0,3.1707231699984706,10,1,2,0,0,1,0,2.4190289368571505,3.0,Female,Caucasian,,Moderate,B,1,2,5.792680792499618,0,0.6047572342142876,0.1586654997386946,0.3448275862068966
2185,18,1,0,3,16.253860867515648,19,1,3,1,0,0,0,2.1314470687187597,3.0,Male,Caucasian,Bachelor,High,B,1,6,9.063465216878912,0,0.5328617671796899,0.8135743032051748,0.6551724137931034
2186,18,0,0,3,2.6520798149362212,20,0,1,0,0,0,1,1.030802658909541,4.0,Female,Caucasian,Bachelor,Low,A,1,4,2.6630199537340555,1,0.2577006647273852,0.1327035243362559,0.6896551724137931
2187,18,1,2,2,4.667925389162539,20,1,3,0,0,0,1,1.5095198602197917,4.0,Male,Asian,Some College,High,A,1,5,6.166981347290635,1,0.3773799650549479,0.2336116584179063,0.6896551724137931
2188,15,0,0,1,9.067412112083147,20,0,2,1,1,1,0,1.7892398367181417,4.0,Female,Caucasian,High School,Moderate,A,3,3,8.266853028020787,1,0.4473099591795354,0.4538388433783907,0.6896551724137931
2189,17,0,0,3,10.34241776226661,26,1,0,0,0,0,0,0.5964170171485198,4.0,Female,Caucasian,Bachelor,,A,0,3,5.5856044405666525,1,0.1491042542871299,0.5176624034509195,0.896551724137931
2190,18,0,2,3,15.272209592283172,18,0,2,0,0,0,0,1.4145556778225787,4.0,Female,Asian,Bachelor,Moderate,A,0,5,3.818052398070793,1,0.3536389194556447,0.7644353216437525,0.6206896551724138
2191,17,1,0,1,8.946648533323756,22,0,0,0,1,1,0,1.242176324159397,4.0,Male,Caucasian,High School,,A,2,1,6.236662133330939,1,0.3105440810398492,0.4477937238744775,0.7586206896551724
2192,17,1,2,4,15.797292420710775,18,0,3,1,0,0,0,1.9347838118971947,4.0,Male,Asian,Higher,High,A,1,7,5.949323105177694,1,0.4836959529742987,0.7907196408060874,0.6206896551724138
2193,15,0,0,0,12.366926140909149,17,0,3,0,1,0,0,2.3157698749693236,3.0,Female,Caucasian,,High,B,1,3,5.091731535227288,0,0.5789424687423309,0.6190041756250564,0.5862068965517241
2194,18,0,0,1,2.261994788476449,18,0,2,1,1,0,0,1.8186125604584331,4.0,Female,Caucasian,High School,Moderate,A,2,3,4.5654986971191125,1,0.4546531401146083,0.1131768539124293,0.6206896551724138
2195,16,0,0,2,3.1266287678567717,10,0,1,1,1,1,1,2.3631214597500585,3.0,Female,Caucasian,Some College,Low,B,4,3,8.781657191964193,0,0.5907803649375146,0.1564582454229603,0.3448275862068966
2196,15,1,2,2,8.740674508995417,2,0,1,0,0,0,0,2.791339403107066,2.0,Male,Asian,Some College,Low,C,0,3,2.185168627248854,0,0.6978348507767665,0.437483184848075,0.0689655172413793
2197,16,0,0,2,7.937787861780792,7,1,2,1,0,0,0,2.9545340837691567,2.0,Female,Caucasian,Some College,Moderate,C,1,4,6.984446965445198,0,0.7386335209422892,0.3972927087097455,0.2413793103448275
2198,17,1,0,0,14.870885392745892,19,0,3,0,0,0,1,1.8128870432088855,4.0,Male,Caucasian,,High,A,1,3,5.717721348186473,1,0.4532217608022214,0.7443460466244288,0.6551724137931034
2199,17,0,3,4,11.614742795947038,18,1,1,0,0,0,0,1.1414565556036804,4.0,Female,Other,Higher,Low,A,0,5,5.903685698986759,1,0.2853641389009201,0.5813517786369826,0.6206896551724138
2200,15,0,0,0,7.762661620044986,9,0,0,0,1,0,0,2.295362280360723,3.0,Female,Caucasian,,,B,1,0,3.9406654050112464,0,0.5738405700901807,0.3885263317073431,0.3103448275862069
2201,15,0,1,1,3.4152056690077126,15,0,2,1,0,0,0,1.6771008018764466,4.0,Female,African American,High School,Moderate,A,1,3,2.853801417251928,1,0.4192752004691116,0.1709036756714467,0.5172413793103449
2202,16,0,1,0,4.536742046509903,4,0,2,0,0,0,0,2.7521639310365127,2.0,Female,African American,,Moderate,C,0,2,1.1341855116274755,0,0.6880409827591282,0.2270449518710757,0.1379310344827586
2203,18,0,0,2,11.51002036938118,19,1,1,0,0,0,0,1.201444582455696,4.0,Female,Caucasian,Some College,Low,A,0,3,5.877505092345295,1,0.300361145613924,0.5761096386653635,0.6551724137931034
2204,16,0,1,3,8.46877609799585,8,1,2,1,1,1,1,2.901185606881623,2.0,Female,African American,Bachelor,Moderate,C,4,5,13.117194024498962,0,0.7252964017204058,0.423872637659081,0.2758620689655172
2205,15,1,0,2,10.29855017721344,7,0,2,1,0,0,0,2.6768273942833725,2.0,Male,Caucasian,Some College,Moderate,C,1,4,4.57463754430336,0,0.6692068485708431,0.5154665030253214,0.2413793103448275
2206,16,0,1,3,3.4135487060446734,10,0,2,1,0,0,0,2.297639912551669,3.0,Female,African American,Bachelor,Moderate,B,1,5,2.8533871765111685,0,0.5744099781379173,0.1708207322937493,0.3448275862068966
2207,15,1,0,0,13.258125046891315,15,0,2,0,0,0,0,1.4514410214002431,4.0,Male,Caucasian,,Moderate,A,0,2,3.314531261722829,1,0.3628602553500608,0.6636153402142801,0.5172413793103449
2208,16,0,1,2,17.05077481711934,6,0,3,0,1,0,0,2.981786874282664,2.0,Female,African American,Some College,High,C,1,5,6.262693704279835,0,0.745446718570666,0.8534658011980258,0.2068965517241379
2209,15,0,0,2,5.158790135738012,14,1,0,0,0,1,1,1.4152214905212377,4.0,Female,Caucasian,Some College,,A,2,2,8.289697533934502,1,0.3538053726303094,0.2581831068942627,0.4827586206896551
2210,15,1,1,2,9.830284516636532,23,0,1,1,0,0,0,0.9285393441441628,4.0,Male,African American,Some College,Low,A,1,3,4.457571129159133,1,0.2321348360360407,0.4920263076713382,0.7931034482758621
2211,15,0,0,0,19.510546580418037,28,0,2,0,0,0,1,0.984031782647104,4.0,Female,Caucasian,,Moderate,A,1,2,6.877636645104509,1,0.246007945661776,0.9765957582119532,0.9655172413793104
2212,18,1,0,2,6.664834811014552,20,1,2,1,0,0,1,1.382935704905427,4.0,Male,Caucasian,Some College,Moderate,A,2,4,8.666208702753638,1,0.3457339262263567,0.3335718965757777,0.6896551724137931
2213,16,1,0,2,11.900926898475223,19,1,2,0,1,0,0,1.8638998217614855,4.0,Male,Caucasian,Some College,Moderate,A,1,4,7.975231724618806,1,0.4659749554403714,0.5956774314345856,0.6551724137931034
2214,16,0,0,2,1.803914004004887,22,0,3,1,1,0,0,1.2284288472926583,4.0,Female,Caucasian,Some College,High,A,2,5,4.450978501001222,1,0.3071072118231646,0.0902464877124168,0.7586206896551724
2215,16,1,2,2,12.120300049588865,16,0,3,1,0,1,0,2.137393264966037,3.0,Male,Asian,Some College,High,B,2,5,7.030075012397217,0,0.5343483162415092,0.6066586968794774,0.5517241379310345
2216,15,1,0,1,1.7926354660923582,5,0,1,1,0,1,0,2.434532444006976,3.0,Male,Caucasian,High School,Low,B,2,2,4.448158866523089,0,0.608633111001744,0.0896819126127794,0.1724137931034483
2217,16,0,3,2,19.18470870647644,14,0,3,0,0,0,0,2.2564883117007817,3.0,Female,Other,Some College,High,B,0,5,4.79617717661911,0,0.5641220779251954,0.9602851378484872,0.4827586206896551
2218,16,1,3,1,14.313253041446227,7,0,2,0,1,0,0,2.6891551121146304,2.0,Male,Other,High School,Moderate,C,1,3,5.578313260361557,0,0.6722887780286576,0.7164323806211147,0.2413793103448275
2219,15,0,1,3,15.763195762714128,6,1,1,0,0,0,0,3.1312358848124213,1.0,Female,African American,Bachelor,Low,D,0,4,6.9407989406785315,0,0.7828089712031053,0.7890128482913966,0.2068965517241379
2220,17,0,0,2,14.082087215432736,1,1,4,0,1,0,0,3.7702839726154447,0.0,Female,Caucasian,Some College,Very High,F,1,6,8.520521803858184,0,0.9425709931538612,0.7048608036785616,0.0344827586206896
2221,15,0,0,1,11.794580721529314,29,0,3,0,1,0,0,0.7995911976901089,4.0,Female,Caucasian,High School,High,A,1,4,4.948645180382329,1,0.1998977994225272,0.5903540106232235,1.0
2222,16,0,2,4,8.998255621710108,12,0,4,1,1,0,0,2.964668230929299,2.0,Female,Asian,Higher,Very High,C,2,8,6.249563905427527,0,0.7411670577323247,0.4503770442741328,0.4137931034482758
2223,15,1,0,2,17.167467595221247,29,0,1,0,1,0,0,0.7027603188634381,4.0,Male,Caucasian,Some College,Low,A,1,3,6.291866898805312,1,0.1756900797158595,0.8593071467106089,1.0
2224,17,0,0,0,19.13671335086126,22,0,1,1,0,1,0,1.1936177713396423,4.0,Female,Caucasian,,Low,A,2,1,8.784178337715314,1,0.2984044428349106,0.957882611662139,0.7586206896551724
2225,15,0,1,2,9.980723458081629,28,0,2,0,1,0,0,0.2999519061623816,4.0,Female,African American,Some College,Moderate,A,1,4,4.495180864520407,1,0.0749879765405954,0.4995569008221899,0.9655172413793104
2226,16,1,2,1,18.63070098310524,5,0,3,0,1,0,0,3.299578873421429,1.0,Male,Asian,High School,High,D,1,4,6.65767524577631,0,0.8248947183553572,0.9325529115574596,0.1724137931034483
2227,17,0,2,3,11.66665819977035,28,0,1,0,0,0,0,0.2123670952038988,4.0,Female,Asian,Bachelor,Low,A,0,4,2.9166645499425874,1,0.0530917738009747,0.5839505325280967,0.9655172413793104
2228,18,0,0,3,10.767683737928664,4,0,3,1,1,1,0,3.526125037802421,0.0,Female,Caucasian,Bachelor,High,F,3,6,8.691920934482166,0,0.8815312594506053,0.5389501432664757,0.1379310344827586
2229,16,1,1,4,9.089654659107133,19,0,2,0,1,0,0,1.6117379539626009,4.0,Male,African American,Higher,Moderate,A,1,6,4.272413664776783,1,0.4029344884906502,0.4549522490609044,0.6551724137931034
2230,17,1,0,2,4.185755230602397,0,0,2,1,1,0,0,3.343050864114286,1.0,Male,Caucasian,Some College,Moderate,D,2,4,5.046438807650599,0,0.8357627160285716,0.2094754390406699,0.0
2231,17,1,0,2,0.0743932163611837,28,0,3,0,0,0,0,0.0264686610642805,4.0,Male,Caucasian,Some College,High,A,0,5,0.0185983040902959,1,0.0066171652660701,0.0036710487165333,0.9655172413793104
2232,18,1,2,2,4.830124537121225,17,0,3,1,0,0,0,1.636403110402885,4.0,Male,Asian,Some College,High,A,1,5,3.2075311342803063,1,0.4091007776007213,0.2417309377810719,0.5862068965517241
2233,15,1,0,1,10.194463432071304,14,0,0,0,0,0,0,1.7097013783889978,4.0,Male,Caucasian,High School,,A,0,1,2.548615858017826,1,0.4274253445972494,0.5102561836589898,0.4827586206896551
2234,15,1,0,2,7.599199045195051,22,0,4,0,1,1,0,1.4851118281074416,4.0,Male,Caucasian,Some College,Very High,A,2,6,5.8997997612987625,1,0.3712779570268604,0.3803438083875101,0.7586206896551724
2235,16,1,0,2,8.969704560052676,9,0,2,1,1,0,0,2.9994091469264443,2.0,Male,Caucasian,Some College,Moderate,C,2,4,6.242426140013169,0,0.7498522867316111,0.4489478502948234,0.3103448275862069
2236,18,0,2,0,19.61296439128099,2,1,0,1,0,0,0,3.515415829646008,0.0,Female,Asian,,,F,1,0,9.903241097820247,0,0.878853957411502,0.9817225349467606,0.0689655172413793
2237,15,1,2,2,7.005447413386552,4,0,3,0,0,0,0,2.9181391275529593,2.0,Male,Asian,Some College,High,C,0,5,1.751361853346638,0,0.7295347818882398,0.350622102499039,0.1379310344827586
2238,18,1,1,3,9.043658787202158,23,0,4,1,1,0,0,1.3622335993641654,4.0,Male,African American,Bachelor,Very High,A,2,7,6.26091469680054,1,0.3405583998410413,0.4526498119750821,0.7931034482758621
2239,15,1,2,3,2.6703110270563912,28,0,3,0,0,0,0,0.205067960146301,4.0,Male,Asian,Bachelor,High,A,0,6,0.6675777567640978,1,0.0512669900365752,0.1336161327327593,0.9655172413793104
2240,17,0,0,0,0.9591546487397528,12,0,3,1,0,1,0,2.2332394663089845,3.0,Female,Caucasian,,High,B,2,3,4.239788662184938,0,0.5583098665772461,0.0479599696488796,0.4137931034482758
2241,15,0,0,0,15.508190291849893,7,1,3,0,1,0,0,3.159302938456266,1.0,Female,Caucasian,,High,D,1,3,8.877047572962473,0,0.7898257346140665,0.7762479189860362,0.2413793103448275
2242,18,1,0,1,11.413663501439572,21,1,4,0,0,1,0,1.994611703201556,4.0,Male,Caucasian,High School,Very High,A,1,5,7.853415875359893,1,0.498652925800389,0.5712862574132199,0.7241379310344828
2243,17,1,0,3,15.2140961208779,20,0,0,0,0,0,1,0.9990885438974272,4.0,Male,Caucasian,Bachelor,,A,1,3,5.803524030219475,1,0.2497721359743568,0.761526308156068,0.6896551724137931
2244,17,1,0,1,2.9972559777310326,28,0,3,1,1,0,0,0.5219557256642748,4.0,Male,Caucasian,High School,High,A,2,4,4.749313994432758,1,0.1304889314160687,0.1499821705591724,0.9655172413793104
2245,17,0,3,2,11.43657542365382,1,0,3,1,0,0,0,3.4636875491234314,1.0,Female,Other,Some College,High,D,1,5,4.859143855913455,0,0.8659218872808578,0.5724331703258081,0.0344827586206896
2246,18,0,0,1,5.072849486827511,8,0,0,0,1,0,0,1.9879647265294176,4.0,Female,Caucasian,High School,,A,1,1,3.268212371706878,0,0.4969911816323544,0.2538811352381981,0.2758620689655172
2247,16,1,0,2,4.561236338000398,16,0,2,1,0,0,1,1.6819048043902567,4.0,Male,Caucasian,Some College,Moderate,A,2,4,5.1403090845001,1,0.4204762010975642,0.2282710741899476,0.5517241379310345
2248,16,0,0,1,0.2305202810597051,26,0,2,0,0,0,0,0.1126350589951871,4.0,Female,Caucasian,High School,Moderate,A,0,3,0.0576300702649262,1,0.0281587647487967,0.0114863749398327,0.896551724137931
2249,16,1,0,2,2.606814471381438,17,0,3,1,0,0,1,1.9079839135479153,4.0,Male,Caucasian,Some College,High,A,2,5,4.651703617845359,1,0.4769959783869788,0.1304376556531198,0.5862068965517241
2250,18,0,3,1,6.185362229993907,12,0,0,0,0,0,0,1.1979333311054492,4.0,Female,Other,High School,,A,0,1,1.5463405574984768,1,0.2994833327763623,0.3095707111116206,0.4137931034482758
2251,17,0,0,2,2.337575211818781,0,1,3,0,0,0,0,3.2152726848869184,1.0,Female,Caucasian,Some College,High,D,0,5,3.584393802954695,0,0.8038181712217296,0.1169602188636375,0.0
2252,16,1,0,1,19.71716880821875,11,0,1,0,0,0,0,2.190269258704484,3.0,Male,Caucasian,High School,Low,B,0,2,4.929292202054688,0,0.547567314676121,0.9869387446657476,0.3793103448275862
2253,18,1,2,2,6.172652970479014,19,0,2,0,0,1,0,1.1509661314441684,4.0,Male,Asian,Some College,Moderate,A,1,4,3.5431632426197535,1,0.2877415328610421,0.3089345177049408,0.6551724137931034
2254,16,1,0,3,2.6064789340465633,19,0,3,0,0,0,1,0.6901513450987352,4.0,Male,Caucasian,Bachelor,High,A,1,6,2.651619733511641,1,0.1725378362746838,0.1304208595022589,0.6551724137931034
2255,15,1,0,1,3.981646256559155,20,0,2,1,0,0,0,1.5199552920755757,4.0,Male,Caucasian,High School,Moderate,A,1,3,2.995411564139789,1,0.3799888230188939,0.1992582597173339,0.6896551724137931
2256,16,0,0,3,11.75406456682953,4,1,2,0,0,0,0,3.168988610106379,1.0,Female,Caucasian,Bachelor,Moderate,D,0,5,5.938516141707383,0,0.7922471525265947,0.588325874329853,0.1379310344827586
2257,16,0,1,2,1.2808704772957702,7,0,0,1,0,0,0,1.8081645587687412,4.0,Female,African American,Some College,,A,1,2,2.3202176193239428,0,0.4520411396921853,0.0640642508394562,0.2413793103448275
2258,17,0,3,1,17.248682602823138,26,1,3,1,0,0,0,1.1158787303056936,4.0,Female,Other,High School,High,A,1,4,9.312170650705784,1,0.2789696825764234,0.8633725647075601,0.896551724137931
2259,18,1,2,2,19.229993584742942,14,0,4,0,0,0,0,2.0033079798237297,3.0,Male,Asian,Some College,Very High,B,0,6,4.807498396185736,0,0.5008269949559324,0.9625519843899152,0.4827586206896551
2260,17,0,0,1,4.934948413347618,26,1,4,0,0,0,0,0.8897149150878433,4.0,Female,Caucasian,High School,Very High,A,0,5,4.233737103336905,1,0.2224287287719608,0.2469781560662676,0.896551724137931
2261,17,1,2,2,9.001905371817188,2,1,3,1,1,0,0,3.984673602658726,0.0,Male,Asian,Some College,High,F,2,5,9.250476342954297,0,0.9961684006646816,0.4505597415391805,0.0689655172413793
2262,17,0,0,2,0.4426890205899414,5,0,1,1,0,0,0,2.3254340649162404,3.0,Female,Caucasian,Some College,Low,B,1,3,2.1106722551474855,0,0.5813585162290601,0.0221070057511332,0.1724137931034483
2263,17,1,0,1,12.81420449454443,27,0,1,1,0,1,0,0.6133163315649763,4.0,Male,Caucasian,High School,Low,A,2,2,7.203551123636108,1,0.153329082891244,0.6413937994422336,0.9310344827586208
2264,17,1,0,2,8.278521161051778,12,1,1,1,1,1,0,2.71222974268319,2.0,Male,Caucasian,Some College,Low,C,3,3,11.069630290262944,0,0.6780574356707975,0.4143489564146898,0.4137931034482758
2265,16,0,0,3,5.401169322031114,11,0,2,0,0,1,0,2.096616211446693,3.0,Female,Caucasian,Bachelor,Moderate,B,1,5,3.3502923305077785,0,0.5241540528616733,0.2703159963088959,0.3793103448275862
2266,17,1,1,3,4.1367422123321695,18,0,1,1,0,0,0,1.183063850341623,4.0,Male,African American,Bachelor,Low,A,1,4,3.0341855530830424,1,0.2957659625854058,0.207021971234111,0.6206896551724138
2267,17,1,1,2,13.080461553175208,28,0,1,0,0,1,0,0.5601746057023475,4.0,Male,African American,Some College,Low,A,1,3,5.270115388293802,1,0.1400436514255868,0.6547219547910441,0.9655172413793104
2268,18,0,3,4,8.32434062064629,17,0,3,0,0,0,0,1.1674254127713368,4.0,Female,Other,Higher,High,A,0,7,2.0810851551615723,1,0.2918563531928342,0.41664256274616,0.5862068965517241
2269,15,1,1,2,3.5931857805982403,23,0,2,1,0,0,1,0.9231815615047178,4.0,Male,African American,Some College,Moderate,A,2,4,4.89829644514956,1,0.2307953903761794,0.1798129101851753,0.7931034482758621
2270,16,1,1,1,13.78218162973648,0,0,3,1,0,0,0,3.84128624851289,0.0,Male,African American,High School,High,F,1,4,5.445545407434119,0,0.9603215621282224,0.6898482881167539,0.0
2271,16,1,0,3,11.301445660733872,24,0,4,1,1,0,0,1.212880751488374,4.0,Male,Caucasian,Bachelor,Very High,A,2,7,6.825361415183468,1,0.3032201878720935,0.5656689159555887,0.8275862068965517
2272,16,0,0,2,17.173441098589922,26,0,3,0,0,1,0,0.9621492198905311,4.0,Female,Caucasian,Some College,High,A,1,5,6.293360274647481,1,0.2405373049726328,0.8596061651902833,0.896551724137931
2273,17,0,1,2,2.349517977529858,6,1,3,1,0,0,0,2.5020091336326127,2.0,Female,African American,Some College,High,C,1,5,5.587379494382464,0,0.6255022834081532,0.1175580435279308,0.2068965517241379
2274,17,1,0,2,15.713332038889122,11,0,3,1,0,0,0,2.4562237944460525,3.0,Male,Caucasian,Some College,High,B,1,5,5.92833300972228,0,0.6140559486115131,0.7865167963150566,0.3793103448275862
2275,17,0,2,3,13.47033573634518,9,1,2,1,0,0,0,2.646556960552807,2.0,Female,Asian,Bachelor,Moderate,C,1,5,8.367583934086294,0,0.6616392401382017,0.6742380709327226,0.3103448275862069
2276,18,1,0,3,2.3002187365619564,28,1,0,0,0,0,0,0.3817684951501578,4.0,Male,Caucasian,Bachelor,,A,0,3,3.575054684140489,1,0.0954421237875394,0.1150902481365989,0.9655172413793104
2277,15,1,0,2,13.896414597434417,11,1,0,1,1,0,0,2.396139095071558,3.0,Male,Caucasian,Some College,,B,2,2,10.474103649358604,0,0.5990347737678895,0.6955665017380689,0.3793103448275862
2278,17,1,0,1,8.830945777596607,10,1,1,0,1,1,0,2.5956488625977054,2.0,Male,Caucasian,High School,Low,C,2,2,9.207736444399153,0,0.6489122156494264,0.4420019363795388,0.3448275862068966
2279,15,1,0,2,18.899695711116863,3,1,3,1,1,0,0,4.0,0.0,Male,Caucasian,Some College,High,F,2,5,11.724923927779216,0,1.0,0.9460181077155888,0.1034482758620689
2280,18,1,0,2,2.8322270123579862,18,1,4,1,0,0,0,1.4195226349555488,4.0,Male,Caucasian,Some College,Very High,A,1,6,5.708056753089497,1,0.3548806587388872,0.1417212376890488,0.6206896551724138
2281,16,0,2,1,12.85666781631476,5,0,4,1,1,0,0,3.432684708354722,1.0,Female,Asian,High School,Very High,D,2,5,7.21416695407869,0,0.8581711770886805,0.6435194059973871,0.1724137931034483
2282,17,1,0,2,7.6396009092589185,24,0,0,0,0,0,1,0.1293067518875465,4.0,Male,Caucasian,Some College,,A,1,2,3.9099002273147296,1,0.0323266879718866,0.382366223580534,0.8275862068965517
2283,15,0,1,2,19.13629341181755,8,1,4,0,0,0,0,2.9289482377250686,2.0,Female,African American,Some College,Very High,C,0,6,7.784073352954388,0,0.7322370594312672,0.9578615905750724,0.2758620689655172
2284,15,0,0,1,6.59949790580553,19,0,2,0,0,0,0,0.9471334632498166,4.0,Female,Caucasian,High School,Moderate,A,0,3,1.6498744764513824,1,0.2367833658124541,0.3303012962502332,0.6551724137931034
2285,17,1,0,1,19.243718189836,9,1,3,0,1,0,0,2.9995441039151167,2.0,Male,Caucasian,High School,High,C,1,4,9.810929547459,0,0.7498860259787792,0.9632390034297932,0.3103448275862069
2286,16,1,0,1,18.02971702201498,4,1,1,1,0,0,0,3.0553862953980757,1.0,Male,Caucasian,High School,Low,D,1,2,9.507429255503745,0,0.7638465738495189,0.902469173545984,0.1379310344827586
2287,16,0,2,3,5.407664706213127,26,0,0,0,0,0,0,0.0,4.0,Female,Asian,Bachelor,,A,0,3,1.3519161765532817,1,0.0,0.2706411388229508,0.896551724137931
2288,16,0,0,1,16.070835536528556,12,1,2,0,1,0,1,2.745858798383193,2.0,Female,Caucasian,High School,Moderate,C,2,3,11.01770888413214,0,0.6864646995957983,0.8044125177610332,0.4137931034482758
2289,18,0,2,1,19.91208403607012,8,0,3,1,0,1,1,3.2146284256976476,1.0,Female,Asian,High School,High,D,3,4,10.97802100901753,0,0.8036571064244119,0.9966957082933458,0.2758620689655172
2290,15,1,0,2,5.053260043425647,1,0,1,0,0,1,0,3.4154133242434344,1.0,Male,Caucasian,Some College,Low,D,1,3,3.2633150108564117,0,0.8538533310608586,0.2529005372168746,0.0344827586206896
2291,15,0,2,1,8.735543386466393,17,0,1,1,0,0,1,1.4693892718306072,4.0,Female,Asian,High School,Low,A,2,2,6.183885846616598,1,0.3673473179576518,0.4372263338239846,0.5862068965517241
2292,15,1,0,0,10.403614731335193,20,0,4,0,0,0,0,1.5521129376507927,4.0,Male,Caucasian,,Very High,A,0,4,2.600903682833798,1,0.3880282344126982,0.5207257690376079,0.6896551724137931
2293,18,1,1,1,5.898622716077286,0,0,4,0,0,0,0,3.548459826086951,0.0,Male,African American,High School,Very High,F,0,5,1.4746556790193217,0,0.8871149565217378,0.2952172558238014,0.0
2294,15,1,1,2,0.3052967929205952,23,0,0,1,0,0,0,0.192625111740147,4.0,Male,African American,Some College,,A,1,2,2.076324198230149,1,0.0481562779350367,0.0152294981142915,0.7931034482758621
2295,18,0,3,2,4.402584883950533,20,0,3,0,0,0,0,1.3489974202990602,4.0,Female,Other,Some College,High,A,0,5,1.100646220987633,1,0.337249355074765,0.2203293834165078,0.6896551724137931
2296,16,1,0,1,5.638737686835169,11,1,2,0,1,0,0,2.1431050688591977,3.0,Male,Caucasian,High School,Moderate,B,1,3,6.409684421708793,0,0.5357762672147994,0.2822080681598891,0.3793103448275862
2297,17,1,0,2,8.871994026363744,9,0,2,0,1,0,1,2.4713865329338423,3.0,Male,Caucasian,Some College,Moderate,B,2,4,6.217998506590936,0,0.6178466332334606,0.4440567079569702,0.3103448275862069
2298,15,1,0,4,3.4220495682680374,1,0,2,0,1,0,0,3.205425334412305,1.0,Male,Caucasian,Higher,Moderate,D,1,6,2.855512392067009,0,0.8013563336030762,0.1712462639693957,0.0344827586206896
2299,15,1,2,1,17.465087133833453,27,0,2,1,0,0,0,0.4541144380742554,4.0,Male,Asian,High School,Moderate,A,1,3,6.366271783458363,1,0.1135286095185638,0.8742052285337296,0.9310344827586208
2300,16,1,1,1,14.098222654626722,8,1,2,1,0,0,0,2.809833207494068,2.0,Male,African American,High School,Moderate,C,1,3,8.524555663656681,0,0.702458301873517,0.7056685029797732,0.2758620689655172
2301,17,0,2,1,1.7040095511932396,1,1,2,0,0,0,0,2.997505608420635,2.0,Female,Asian,High School,Moderate,C,0,3,3.42600238779831,0,0.7493764021051588,0.0852455233287533,0.0344827586206896
2302,18,1,0,2,13.001849022798629,22,0,2,1,1,0,1,1.1761890337144745,4.0,Male,Caucasian,Some College,Moderate,A,3,4,9.250462255699658,1,0.2940472584286186,0.650786810225825,0.7586206896551724
2303,17,1,0,2,13.073129528112409,23,0,3,1,1,1,0,1.6689245457866109,4.0,Male,Caucasian,Some College,High,A,3,5,9.268282382028104,1,0.4172311364466527,0.6543549321492373,0.7931034482758621
2304,16,0,0,1,19.124423472872554,29,1,3,1,1,0,0,1.6230040750090506,4.0,Female,Caucasian,High School,High,A,2,4,11.781105868218138,1,0.4057510187522626,0.957267411434608,1.0
2305,16,1,3,2,0.0604174271232249,21,0,2,0,0,0,1,0.5177931283748711,4.0,Male,Other,Some College,Moderate,A,1,4,2.0151043567808062,1,0.1294482820937177,0.0029714560332683,0.7241379310344828
2306,17,0,1,0,4.958648996116144,13,0,1,1,0,0,0,1.9461006983336528,4.0,Female,African American,,Low,A,1,1,3.239662249029036,1,0.4865251745834132,0.2481645473327403,0.4482758620689655
2307,18,1,3,2,18.55582958750631,10,0,3,0,1,0,0,2.815003047977988,2.0,Male,Other,Some College,High,C,1,5,6.638957396876577,0,0.703750761994497,0.928805038742908,0.3448275862068966
2308,18,0,0,2,18.64267830796566,22,0,3,1,0,0,0,1.24818256681425,4.0,Female,Caucasian,Some College,High,A,1,5,6.660669576991415,1,0.3120456417035625,0.9331524661654156,0.7586206896551724
2309,15,0,1,1,14.411728387412747,10,1,3,1,0,0,0,2.7590143433849756,2.0,Female,African American,High School,High,C,1,4,8.602932096853188,0,0.6897535858462439,0.7213618075284016,0.3448275862068966
2310,18,1,1,2,15.3152664209508,16,0,2,0,1,0,0,1.9212942080249984,4.0,Male,African American,Some College,Moderate,A,1,4,5.828816605237701,1,0.4803235520062496,0.7665906376540035,0.5517241379310345
2311,17,1,0,1,1.8296591585929425,3,0,1,0,0,0,0,2.732290675858265,2.0,Male,Caucasian,High School,Low,C,0,2,0.4574147896482356,0,0.6830726689645662,0.0915352250762009,0.1034482758620689
2312,16,1,2,2,10.277516695564673,12,0,3,0,0,0,0,2.2286086189122747,3.0,Male,Asian,Some College,High,B,0,5,2.569379173891168,0,0.5571521547280687,0.5144136200993898,0.4137931034482758
2313,15,0,3,0,4.6316598257799875,6,1,2,0,0,1,0,2.611688472593835,2.0,Female,Other,,Moderate,C,1,2,6.157914956444997,0,0.6529221181484588,0.2317962959818439,0.2068965517241379
2314,15,0,2,3,3.6243608722723457,15,1,4,0,0,1,0,2.197776727185656,3.0,Female,Asian,Bachelor,Very High,B,1,7,5.906090218068086,0,0.549444181796414,0.1813734564744741,0.5172413793103449
2315,16,0,2,1,16.20606598246665,0,1,3,1,0,0,0,3.3355067927178226,1.0,Female,Asian,High School,High,D,1,4,9.051516495616664,0,0.8338766981794556,0.8111818120686489,0.0
2316,18,1,0,3,2.7007627336109485,12,0,1,0,0,0,0,1.7215979626358573,4.0,Male,Caucasian,Bachelor,Low,A,0,4,0.6751906834027371,1,0.4303994906589643,0.1351404681914423,0.4137931034482758
2317,16,0,0,1,9.373032739927703,0,0,2,0,1,1,1,3.2879731984208025,1.0,Female,Caucasian,High School,Moderate,D,3,3,8.343258184981925,0,0.8219932996052006,0.4691374395044818,0.0
2318,18,0,3,2,18.77156479172066,10,1,3,0,0,0,0,2.561964556788972,2.0,Female,Other,Some College,High,C,0,5,7.692891197930165,0,0.640491139197243,0.9396041977614994,0.3448275862068966
2319,16,1,0,1,3.716641111306851,5,0,2,0,0,0,0,2.3585718660404216,3.0,Male,Caucasian,High School,Moderate,B,0,3,0.9291602778267128,0,0.5896429665101054,0.1859927719878435,0.1724137931034483
2320,17,0,2,3,19.55986847476469,19,1,2,0,0,0,0,1.497673654260138,4.0,Female,Asian,Bachelor,Moderate,A,0,5,7.889967118691173,1,0.3744184135650345,0.9790646875741656,0.6551724137931034
2321,18,0,2,1,19.88575971522118,2,0,3,1,0,0,0,3.5172371287357262,0.0,Female,Asian,High School,High,F,1,4,6.971439928805295,0,0.8793092821839316,0.9953779793304748,0.0689655172413793
2322,17,1,1,1,11.112343093648056,11,0,3,0,0,0,0,2.404089819888117,3.0,Male,African American,High School,High,B,0,4,2.778085773412014,0,0.6010224549720292,0.5562029194335071,0.3793103448275862
2323,15,0,3,2,3.4028548035431583,4,0,1,1,1,1,1,2.5172289818586204,2.0,Female,Other,Some College,Low,C,4,3,8.85071370088579,0,0.6293072454646551,0.1702854225650301,0.1379310344827586
2324,16,1,0,0,6.322097758817913,8,1,2,0,0,0,0,2.4352442824022056,3.0,Male,Caucasian,,Moderate,B,0,2,4.580524439704478,0,0.6088110706005514,0.3164153460641733,0.2758620689655172
2325,15,1,0,1,8.489856653530703,25,1,4,1,0,0,0,1.283227506286419,4.0,Male,Caucasian,High School,Very High,A,1,5,7.122464163382675,1,0.3208068765716047,0.4249278769847636,0.8620689655172413
2326,15,1,0,3,6.186484487164458,25,0,4,0,1,0,0,1.099434304470497,4.0,Male,Caucasian,Bachelor,Very High,A,1,7,3.5466211217911146,1,0.2748585761176242,0.3096268884688983,0.8620689655172413
2327,15,1,0,4,5.612711597530316,11,0,3,1,0,0,0,2.1911967950430395,3.0,Male,Caucasian,Higher,High,B,1,7,3.403177899382579,0,0.5477991987607599,0.2809052679142884,0.3793103448275862
2328,15,1,0,1,19.44459418432715,29,1,4,1,0,1,0,1.584478764070205,4.0,Male,Caucasian,High School,Very High,A,2,5,11.861148546081788,1,0.3961196910175512,0.9732943479686118,1.0
2329,16,0,0,3,3.067296548314913,29,0,2,1,0,0,0,0.4757308333876264,4.0,Female,Caucasian,Bachelor,Moderate,A,1,5,2.766824137078728,1,0.1189327083469066,0.1534882244841344,1.0
2330,15,0,2,2,14.666558174337244,27,1,2,1,0,0,0,1.2072685461345751,4.0,Female,Asian,Some College,Moderate,A,1,4,8.66663954358431,1,0.3018171365336438,0.7341179425398072,0.9310344827586208
2331,16,1,3,1,0.0082057887834974,26,0,2,1,0,0,0,0.264924162952827,4.0,Male,Other,High School,Moderate,A,1,3,2.0020514471958744,1,0.0662310407382067,0.0003578733910414,0.896551724137931
2332,16,1,0,2,11.923653388047535,9,0,1,1,0,0,0,2.706659620286692,2.0,Male,Caucasian,Some College,Low,C,1,3,4.980913347011883,0,0.676664905071673,0.5968150620578283,0.3103448275862069
2333,17,0,0,2,18.31886007908105,18,0,2,1,0,0,0,1.5304278892477712,4.0,Female,Caucasian,Some College,Moderate,A,1,4,6.579715019770262,1,0.3826069723119428,0.9169429441285342,0.6206896551724138
2334,18,1,3,4,5.75868188186438,4,0,2,1,1,0,1,3.1274525275923986,1.0,Male,Other,Higher,Moderate,D,3,6,7.439670470466095,0,0.7818631318980996,0.2882121713853897,0.1379310344827586
2335,18,1,0,1,3.710519505154384,25,0,3,1,0,0,0,1.003614145687202,4.0,Male,Caucasian,High School,High,A,1,4,2.927629876288596,1,0.2509035364218005,0.1856863398571654,0.8620689655172413
2336,16,1,0,2,13.03359589756854,4,0,3,0,0,0,1,3.3692186048208828,1.0,Male,Caucasian,Some College,High,D,1,5,5.258398974392135,0,0.8423046512052207,0.6523759785316289,0.1379310344827586
2337,17,0,0,0,14.252028145967865,8,0,3,0,0,0,0,2.7913861084723397,2.0,Female,Caucasian,,High,C,0,3,3.5630070364919666,0,0.6978465271180849,0.713367617108941,0.2758620689655172
2338,16,0,1,1,13.760610379039626,26,0,2,1,0,0,0,0.6735259456903064,4.0,Female,African American,High School,Moderate,A,1,3,5.4401525947599065,1,0.1683814864225766,0.6887684858315702,0.896551724137931
2339,16,1,0,0,6.386337600427481,27,0,1,0,0,0,0,0.3375541414467983,4.0,Male,Caucasian,,Low,A,0,1,1.5965844001068703,1,0.0843885353616995,0.3196310301589285,0.9310344827586208
2340,16,1,3,4,5.044048043186617,25,1,2,1,0,0,0,0.886889415770466,4.0,Male,Other,Higher,Moderate,A,1,6,6.261012010796654,1,0.2217223539426165,0.2524394077696762,0.8620689655172413
2341,17,0,0,3,19.11837599924088,26,0,3,0,1,1,0,1.5066627733506968,4.0,Female,Caucasian,Bachelor,High,A,2,6,8.77959399981022,1,0.3766656933376742,0.9569646901905392,0.896551724137931
2342,18,0,1,2,18.46599016539859,19,0,1,0,1,1,0,1.7051993889190245,4.0,Female,African American,Some College,Low,A,2,3,8.616497541349649,1,0.4262998472297561,0.924307904355348,0.6551724137931034
2343,17,1,0,2,9.146332197856406,16,0,2,1,0,0,1,1.972791413902718,4.0,Male,Caucasian,Some College,Moderate,A,2,4,6.2865830494641015,1,0.4931978534756795,0.4577893833893733,0.5517241379310345
2344,15,1,0,1,16.923877323087467,9,0,2,0,1,0,0,2.626082828753646,2.0,Male,Caucasian,High School,Moderate,C,1,3,6.230969330771867,0,0.6565207071884115,0.8471136333999998,0.3103448275862069
2345,17,0,1,1,9.04646955268592,20,1,3,0,0,0,0,1.671968652950504,4.0,Female,African American,High School,High,A,0,4,5.26161738817148,1,0.417992163237626,0.452790511790551,0.6896551724137931
2346,17,0,2,1,8.487780361450207,0,0,3,0,0,0,0,3.0937609252908795,1.0,Female,Asian,High School,High,D,0,4,2.121945090362552,0,0.7734402313227199,0.424823943051366,0.0
2347,17,0,2,1,3.135258951985893,21,1,3,0,1,0,1,1.6433737595842497,4.0,Female,Asian,High School,High,A,2,4,7.783814737996473,1,0.4108434398960624,0.1568902506263276,0.7241379310344828
2348,17,1,1,2,8.528121129839457,27,0,2,1,1,0,0,0.3392066993150443,4.0,Male,African American,Some College,Moderate,A,2,4,6.132030282459864,1,0.084801674828761,0.4268432999493474,0.9310344827586208
2349,18,0,3,2,10.74833877199614,15,0,2,0,0,1,1,1.9263590676627524,4.0,Female,Other,Some College,Moderate,A,2,4,6.687084692999035,1,0.4815897669156881,0.5379817831693123,0.5172413793103449
2350,15,1,2,0,0.4500865485737293,25,0,1,1,0,0,0,0.4499062079461153,4.0,Male,Asian,,Low,A,1,1,2.1125216371434323,1,0.1124765519865288,0.0224773073035958,0.8620689655172413
2351,18,0,2,0,8.882260103508129,25,1,1,0,0,0,0,0.7095708392685087,4.0,Female,Asian,,Low,A,0,1,5.220565025877033,1,0.1773927098171271,0.4445706018297068,0.8620689655172413
2352,18,0,0,1,15.627124367904006,14,1,1,1,0,0,1,1.748279682449194,4.0,Female,Caucasian,High School,Low,A,2,2,10.906781091976,1,0.4370699206122985,0.7822014582088767,0.4827586206896551
2353,17,0,0,2,13.600921127485396,22,0,1,0,1,0,0,0.9721682581321198,4.0,Female,Caucasian,Some College,Low,A,1,3,5.400230281871349,1,0.2430420645330299,0.6807748455382571,0.7586206896551724
2354,16,0,0,3,12.7031397772787,16,1,1,0,0,0,1,1.934935784062694,4.0,Female,Caucasian,Bachelor,Low,A,1,4,8.175784944319675,1,0.4837339460156735,0.6358341804293078,0.5517241379310345
2355,16,1,1,2,18.19110856874405,25,0,1,0,0,1,0,0.6903478839140333,4.0,Male,African American,Some College,Low,A,1,3,6.547777142186012,1,0.1725869709785083,0.910548026432933,0.8620689655172413
2356,18,1,0,3,0.3606401965046002,19,1,1,0,0,0,0,0.7303661593128756,4.0,Male,Caucasian,Bachelor,Low,A,0,4,3.0901600491261503,1,0.1825915398282189,0.0179998490086218,0.6551724137931034
2357,18,0,0,2,11.140951723844683,24,0,3,0,0,0,1,0.6822651648416035,4.0,Female,Caucasian,Some College,High,A,1,5,4.785237930961171,1,0.1705662912104008,0.5576349951483751,0.8275862068965517
2358,17,1,2,1,15.746976968194142,12,0,4,1,1,0,0,3.0234824828446896,1.0,Male,Asian,High School,Very High,D,2,5,7.936744242048535,0,0.7558706207111724,0.7882009764332591,0.4137931034482758
2359,18,0,2,1,10.826707654025345,0,0,3,0,1,1,0,3.729652301008408,0.0,Female,Asian,High School,High,F,2,4,6.706676913506336,0,0.932413075252102,0.5419047313141211,0.0
2360,17,0,3,3,6.477911051607583,24,1,0,0,0,0,0,0.8419632253726905,4.0,Female,Other,Bachelor,,A,0,3,4.619477762901896,1,0.2104908063431726,0.324214965658823,0.8275862068965517
2361,16,0,0,2,2.725011301839557,7,1,2,0,0,0,0,2.5841742785969637,2.0,Female,Caucasian,Some College,Moderate,C,0,4,3.6812528254598895,0,0.6460435696492409,0.136354290224928,0.2413793103448275
2362,16,0,1,1,17.751261436323826,4,1,3,1,0,0,0,3.3721260428259656,1.0,Female,African American,High School,High,D,1,4,9.437815359080956,0,0.8430315107064914,0.8885303907662109,0.1379310344827586
2363,15,1,0,2,9.41524784775206,5,1,1,0,0,0,0,3.060805402033993,1.0,Male,Caucasian,Some College,Low,D,0,3,5.353811961938015,0,0.7652013505084982,0.4712506210968993,0.1724137931034483
2364,16,0,0,2,17.562303939714027,22,0,3,0,0,0,0,1.1680520002406818,4.0,Female,Caucasian,Some College,High,A,0,5,4.390575984928507,1,0.2920130000601704,0.8790716561054706,0.7586206896551724
2365,18,0,0,2,11.717042448663369,19,1,2,0,0,0,0,1.3492561219436314,4.0,Female,Caucasian,Some College,Moderate,A,0,4,5.929260612165843,1,0.3373140304859078,0.5864726406736332,0.6551724137931034
2366,16,1,0,3,13.483842332300016,29,1,4,1,0,0,0,1.1179648263826585,4.0,Male,Caucasian,Bachelor,Very High,A,1,7,8.370960583075004,1,0.2794912065956646,0.6749141769861936,1.0
2367,17,0,0,2,16.085223087569002,13,0,3,1,0,1,0,2.578667734306398,2.0,Female,Caucasian,Some College,High,C,2,5,8.021305771892251,0,0.6446669335765995,0.8051327221993385,0.4482758620689655
2368,16,0,2,2,13.183110892002688,21,0,3,0,1,0,0,1.6255519548363606,4.0,Female,Asian,Some College,High,A,1,5,5.295777723000672,1,0.4063879887090901,0.6598603212305326,0.7241379310344828
2369,15,0,0,0,7.961096813578754,22,0,3,0,0,0,1,0.9340163958011902,4.0,Female,Caucasian,,High,A,1,3,3.990274203394689,1,0.2335040989502975,0.3984594959197401,0.7586206896551724
2370,16,1,2,0,10.27266767857302,10,1,1,0,1,0,1,2.7026383401137477,2.0,Male,Asian,,Low,C,2,1,9.568166919643255,0,0.6756595850284369,0.5141708905654344,0.3448275862068966
2371,17,0,1,1,16.060910493517596,5,1,1,1,0,0,0,2.964009263152522,2.0,Female,African American,High School,Low,C,1,2,9.0152276233794,0,0.7410023157881305,0.8039156951949988,0.1724137931034483
2372,17,1,0,0,7.473005927459684,10,1,2,0,1,0,0,2.267458131705519,3.0,Male,Caucasian,,Moderate,B,1,2,6.868251481864921,0,0.5668645329263797,0.3740268998864662,0.3448275862068966
2373,18,0,0,2,7.762429135369942,12,1,1,1,0,0,0,1.7536230683511045,4.0,Female,Caucasian,Some College,Low,A,1,3,6.9406072838424855,1,0.4384057670877761,0.3885146941121516,0.4137931034482758
2374,16,0,0,2,1.913802321160023,11,1,1,0,1,0,0,2.0232340815930123,3.0,Female,Caucasian,Some College,Low,B,1,3,5.478450580290006,0,0.5058085203982531,0.095747219109341,0.3793103448275862
2375,17,1,1,1,18.291688704434954,21,1,2,0,0,0,0,1.6780125322160857,4.0,Male,African American,High School,Moderate,A,0,3,7.572922176108738,1,0.4195031330540214,0.9155828137936384,0.7241379310344828
2376,15,0,0,3,1.8207262989088344,1,1,3,0,1,1,0,3.659836405312248,0.0,Female,Caucasian,Bachelor,High,F,2,6,7.455181574727208,0,0.914959101328062,0.0910880686996107,0.0344827586206896
2377,18,0,0,1,12.964183548971118,20,0,0,1,1,0,0,1.3627443691586447,4.0,Female,Caucasian,High School,,A,2,1,7.241045887242779,1,0.3406860922896612,0.6489013718113799,0.6896551724137931
2378,15,1,0,1,8.263889576055954,2,0,1,1,0,0,0,2.8138057680897126,2.0,Male,Caucasian,High School,Low,C,1,2,4.065972394013988,0,0.7034514420224282,0.4136165362534121,0.0689655172413793
2379,16,1,1,1,8.112387805108847,22,0,2,1,0,0,0,1.3027119835441363,4.0,Male,African American,High School,Moderate,A,1,3,4.028096951277211,1,0.3256779958860341,0.4060327405441571,0.7586206896551724
2380,16,1,3,1,13.59103673145368,3,1,2,0,1,0,1,3.3839114785072537,1.0,Male,Other,High School,Moderate,D,2,3,10.39775918286342,0,0.8459778696268134,0.6802800576572621,0.1034482758620689
2381,16,1,0,1,1.3418746525975744,16,0,1,0,1,0,0,1.3787513079619265,4.0,Male,Caucasian,High School,Low,A,1,2,2.3354686631493937,1,0.3446878269904816,0.067117965657496,0.5517241379310345
2382,18,1,2,2,11.874115659028693,27,0,4,0,1,0,0,0.731486867136845,4.0,Male,Asian,Some College,Very High,A,1,6,4.968528914757173,1,0.1828717167842112,0.5943353285574821,0.9310344827586208
2383,17,0,1,2,15.440635719447096,27,0,2,0,1,0,0,0.4005694786322673,4.0,Female,African American,Some College,Moderate,A,1,4,5.860158929861774,1,0.1001423696580668,0.7728663078462711,0.9310344827586208
2384,18,1,3,4,16.564255157731886,21,0,2,0,1,1,0,1.7290731666537256,4.0,Male,Other,Higher,Moderate,A,2,6,8.141063789432971,1,0.4322682916634314,0.8291118568034159,0.7241379310344828
2385,15,0,2,0,3.410607787875506,5,0,0,0,0,0,0,2.615653764886057,2.0,Female,Asian,,,C,0,0,0.8526519469688765,0,0.6539134412215143,0.1706735173638302,0.1724137931034483
2386,18,0,1,1,17.948381001563472,6,0,2,0,0,1,1,2.9869427371126283,2.0,Female,African American,High School,Moderate,C,2,3,8.487095250390869,0,0.7467356842781571,0.8983976979516599,0.2068965517241379
2387,15,0,1,0,13.122921836948844,14,0,3,0,0,0,0,2.1269889706667486,3.0,Female,African American,,High,B,0,3,3.280730459237211,0,0.5317472426666872,0.6568474092717621,0.4827586206896551
2388,18,1,2,2,17.637096016413658,10,0,1,1,0,1,0,2.7081110403183013,2.0,Male,Asian,Some College,Low,C,2,3,8.409274004103414,0,0.6770277600795753,0.8828155584164141,0.3448275862068966
2389,17,1,0,0,9.705614342203964,23,0,2,0,0,0,0,0.8157773688726507,4.0,Male,Caucasian,,Moderate,A,0,2,2.426403585550991,1,0.2039443422181626,0.4857856338625558,0.7931034482758621
2390,15,0,0,3,10.84066690194404,2,0,0,1,0,0,0,2.5244238950940066,2.0,Female,Caucasian,Bachelor,,C,1,3,4.71016672548601,0,0.6311059737735016,0.5426034959807545,0.0689655172413793
2391,16,1,0,2,18.38076554057342,29,0,4,0,0,0,0,0.9082386041357368,4.0,Male,Caucasian,Some College,Very High,A,0,6,4.595191385143355,1,0.2270596510339342,0.9200417750551324,1.0
2392,16,1,2,2,17.998190867093435,5,0,0,1,0,0,0,3.0556902074734404,1.0,Male,Asian,Some College,,D,1,2,6.499547716773359,0,0.7639225518683601,0.9008910539178854,0.1724137931034483
2393,18,1,2,2,8.96321746738004,25,0,3,0,0,0,1,0.8379468984553826,4.0,Male,Asian,Some College,High,A,1,5,4.24080436684501,1,0.2094867246138456,0.4486231228327699,0.8620689655172413
2394,16,1,0,1,5.488252632713635,1,0,2,0,0,0,0,2.833576110778921,2.0,Male,Caucasian,High School,Moderate,C,0,3,1.3720631581784088,0,0.7083940276947303,0.274675166725012,0.0344827586206896
2395,15,0,1,1,7.863408691285283,28,1,2,1,0,0,0,0.7852135676838187,4.0,Female,African American,High School,Moderate,A,1,3,6.965852172821321,1,0.1963033919209546,0.3935694754396953,0.9655172413793104
2396,16,0,0,1,7.755286570594995,13,0,3,0,0,0,1,1.8856147854844247,4.0,Female,Caucasian,High School,High,A,1,4,3.938821642648749,1,0.4714036963711062,0.3881571553734644,0.4482758620689655
2397,17,1,0,2,5.7373374996558795,8,0,1,1,1,0,0,2.7012305082850903,2.0,Male,Caucasian,Some College,Low,C,2,3,5.43433437491397,0,0.6753076270712726,0.2871437255632875,0.2758620689655172
2398,17,0,3,1,5.371592086659332,17,0,2,1,0,0,0,1.5219159011875882,4.0,Female,Other,High School,Moderate,A,1,3,3.342898021664833,1,0.380478975296897,0.2688354346672603,0.5862068965517241
2399,18,1,0,1,17.22125872959439,18,0,2,0,1,0,0,1.879725986688092,4.0,Male,Caucasian,High School,Moderate,A,1,3,6.305314682398597,1,0.469931496672023,0.861999794931846,0.6206896551724138
2400,15,1,0,4,1.3972384136932336,11,0,0,1,0,1,0,2.0373480173849385,3.0,Male,Caucasian,Higher,,B,2,4,4.3493096034233085,0,0.5093370043462346,0.069889335597403,0.3793103448275862
2401,17,0,1,0,13.552223641991883,12,0,3,1,0,0,0,2.520673675043246,2.0,Female,African American,,High,C,1,3,5.388055910497971,0,0.6301684187608115,0.6783371725049422,0.4137931034482758
2402,17,0,2,3,3.456401029129046,25,0,0,0,0,0,0,0.1361659080098038,4.0,Female,Asian,Bachelor,,A,0,3,0.8641002572822615,1,0.0340414770024509,0.1729658112714223,0.8620689655172413
2403,15,0,0,2,6.890117867881265,11,0,3,1,0,0,0,1.9746552454467765,4.0,Female,Caucasian,Some College,High,A,1,5,3.722529466970317,1,0.4936638113616941,0.3448489969644596,0.3793103448275862
2404,16,1,1,1,1.2308606826967372,11,0,2,1,0,1,0,2.194980371913127,3.0,Male,African American,High School,Moderate,B,2,3,4.307715170674184,0,0.5487450929782818,0.0615608869293849,0.3793103448275862
2405,16,0,1,1,5.399472737109241,17,1,1,0,0,1,0,1.7179959243485303,4.0,Female,African American,High School,Low,A,1,2,6.349868184277311,1,0.4294989810871326,0.27023106955609,0.5862068965517241
2406,18,1,0,1,15.36842142234484,8,0,3,0,1,0,0,2.5103287211690932,2.0,Male,Caucasian,High School,High,C,1,4,5.8421053555862095,0,0.6275821802922733,0.769251442666232,0.2758620689655172
2407,16,0,0,2,17.700306490945174,16,1,2,0,1,1,0,2.4349505569398873,3.0,Female,Caucasian,Some College,Moderate,B,2,4,11.425076622736292,0,0.6087376392349718,0.8859797149971279,0.5517241379310345
2408,15,0,1,2,4.430543038047341,20,0,2,1,1,0,0,1.3550534623962087,4.0,Female,African American,Some College,Moderate,A,2,4,5.107635759511835,1,0.3387633655990522,0.2217288979419986,0.6896551724137931
2409,17,1,0,2,9.270956785178438,15,0,2,1,1,0,1,1.5452551045196994,4.0,Male,Caucasian,Some College,Moderate,A,3,4,8.31773919629461,1,0.3863137761299248,0.4640277752226309,0.5172413793103449
2410,16,1,3,3,9.406480958744128,16,0,1,1,0,0,1,1.6190305128354965,4.0,Male,Other,Bachelor,Low,A,2,4,6.3516202396860315,1,0.4047576282088741,0.4708117727928417,0.5517241379310345
2411,18,1,2,2,17.471506115194686,20,1,3,0,0,0,0,2.020741651591236,3.0,Male,Asian,Some College,High,B,0,5,7.367876528798671,0,0.505185412897809,0.8745265465156964,0.6896551724137931
2412,16,1,3,1,15.255981057516108,23,0,2,0,0,0,1,0.983576997394541,4.0,Male,Other,High School,Moderate,A,1,3,5.813995264379027,1,0.2458942493486352,0.7636229622134661,0.7931034482758621
2413,15,1,0,1,10.261544367360996,7,0,1,1,0,0,1,2.0624682672770884,3.0,Male,Caucasian,High School,Low,B,2,2,6.565386091840249,0,0.5156170668192721,0.5136140857220646,0.2413793103448275
2414,18,1,3,3,13.414944009435468,10,0,3,0,1,0,0,2.6441942090704775,2.0,Male,Other,Bachelor,High,C,1,6,5.3537360023588665,0,0.6610485522676194,0.6714653010948521,0.3448275862068966
2415,16,1,0,1,16.947101078187337,23,0,0,1,1,0,0,1.3478638291935137,4.0,Male,Caucasian,High School,,A,2,1,8.236775269546834,1,0.3369659572983784,0.8482761558786359,0.7931034482758621
2416,18,1,0,0,0.1907790805108988,1,1,1,1,1,0,0,3.055253981943473,1.0,Male,Caucasian,,Low,D,2,1,7.047694770127725,0,0.7638134954858683,0.0094970308924426,0.0344827586206896
2417,15,0,0,2,8.057800621000972,7,0,2,0,1,0,0,2.513692714891721,2.0,Female,Caucasian,Some College,Moderate,C,1,4,4.014450155250243,0,0.6284231787229303,0.4033002440853392,0.2413793103448275
2418,17,1,0,2,18.144863345541573,11,0,3,0,0,0,0,2.3403719144352,3.0,Male,Caucasian,Some College,High,B,0,5,4.536215836385393,0,0.5850929786088,0.908233107451432,0.3793103448275862
2419,15,1,1,3,14.806260616879028,20,0,4,0,0,0,0,1.5820932661745084,4.0,Male,African American,Bachelor,Very High,A,0,7,3.701565154219757,1,0.3955233165436271,0.7411110936937347,0.6896551724137931
2420,15,0,0,2,10.856827486681492,0,0,3,1,0,1,0,3.5655241629362697,0.0,Female,Caucasian,Some College,High,F,2,5,6.714206871670373,0,0.8913810407340674,0.5434124540043127,0.0
2421,15,1,0,0,10.592890540702667,22,0,2,1,1,0,0,1.6014725497408242,4.0,Male,Caucasian,,Moderate,A,2,2,6.648222635175666,1,0.400368137435206,0.5302004376304124,0.7586206896551724
2422,15,0,1,3,6.955401952088756,12,0,3,1,1,0,0,2.637266428600202,2.0,Female,African American,Bachelor,High,C,2,6,5.738850488022189,0,0.6593166071500505,0.3481169532041808,0.4137931034482758
2423,17,0,0,1,10.41041067283029,21,0,2,0,0,0,1,0.9052099482554694,4.0,Female,Caucasian,High School,Moderate,A,1,3,4.602602668207572,1,0.2263024870638673,0.5210659566910504,0.7241379310344828
2424,17,1,1,1,13.107663989269064,20,1,1,0,0,0,0,1.5767564705892163,4.0,Male,African American,High School,Low,A,0,2,6.276915997317266,1,0.3941891176473041,0.6560836399835023,0.6896551724137931
2425,18,0,0,2,8.36726076857586,16,0,4,1,0,1,0,1.785051807919565,4.0,Female,Caucasian,Some College,Very High,A,2,6,6.091815192143965,1,0.4462629519798912,0.4187910368641458,0.5517241379310345
2426,16,1,2,0,14.28306292784348,13,1,1,0,0,0,0,1.8800650933404628,4.0,Male,Asian,,Low,A,0,1,6.57076573196087,1,0.4700162733351157,0.7149211398443823,0.4482758620689655
2427,17,0,2,2,17.224644545207717,13,0,2,1,1,0,0,2.5552231050706653,2.0,Female,Asian,Some College,Moderate,C,2,4,8.30616113630193,0,0.6388057762676663,0.8621692803032721,0.4482758620689655
2428,17,0,0,1,3.0936969636972234,15,0,3,0,0,0,0,1.574306088258861,4.0,Female,Caucasian,High School,High,A,0,4,0.7734242409243058,1,0.3935765220647153,0.154809762547005,0.5172413793103449
2429,16,0,0,2,9.030940456348487,16,0,3,0,0,1,0,1.8138466222839496,4.0,Female,Caucasian,Some College,High,A,1,5,4.257735114087122,1,0.4534616555709874,0.4520131644801123,0.5517241379310345
2430,17,1,0,1,8.160401825701623,5,1,0,0,0,0,0,2.5844682625115074,2.0,Male,Caucasian,High School,,C,0,1,5.040100456425406,0,0.6461170656278769,0.4084362010521053,0.1724137931034483
2431,15,1,2,2,13.74929608099456,25,0,0,0,1,0,1,0.5297986094952745,4.0,Male,Asian,Some College,,A,2,2,7.43732402024864,1,0.1324496523738186,0.6882021206700873,0.8620689655172413
2432,15,0,0,3,4.997349305158587,27,0,2,1,0,0,0,0.7146512864203396,4.0,Female,Caucasian,Bachelor,Moderate,A,1,5,3.2493373262896466,1,0.1786628216050849,0.2501017869823375,0.9310344827586208
2433,16,0,0,1,12.805018299045525,6,0,2,0,0,0,1,2.737474165505196,2.0,Female,Caucasian,High School,Moderate,C,1,3,5.201254574761381,0,0.684368541376299,0.6409339617151004,0.2068965517241379
2434,18,1,0,1,17.54978483462976,25,1,2,1,0,0,0,1.2705295622953123,4.0,Male,Caucasian,High School,Moderate,A,1,3,9.38744620865744,1,0.3176323905738281,0.878444981348943,0.8620689655172413
2435,18,1,0,1,8.362631995872453,25,0,2,0,0,0,0,0.7508880429586313,4.0,Male,Caucasian,High School,Moderate,A,0,3,2.0906579989681133,1,0.1877220107396578,0.4185593322025582,0.8620689655172413
2436,16,0,0,1,18.2203139995844,0,0,4,0,0,0,0,3.75263935309428,0.0,Female,Caucasian,High School,Very High,F,0,5,4.5550784998961,0,0.93815983827357,0.912009976479519,0.0
2437,16,0,2,2,19.86327477866957,24,0,1,0,1,1,0,1.1622578007219209,4.0,Female,Asian,Some College,Low,A,2,3,8.965818694667393,1,0.2905644501804802,0.9942524402408855,0.8275862068965517
2438,15,1,0,2,2.1218409989590414,14,1,2,0,1,0,0,1.8714659014427095,4.0,Male,Caucasian,Some College,Moderate,A,1,4,5.53046024973976,1,0.4678664753606774,0.106161109469752,0.4827586206896551
2439,18,1,0,1,4.661063759697173,19,1,2,0,0,0,0,1.074937388775604,4.0,Male,Caucasian,High School,Moderate,A,0,3,4.165265939924293,1,0.268734347193901,0.2332681825907088,0.6551724137931034
2440,17,1,2,1,19.007595029641863,20,0,1,1,0,0,0,1.3127724135140753,4.0,Male,Asian,High School,Low,A,1,2,6.751898757410466,1,0.3281931033785188,0.9514192748685926,0.6896551724137931
2441,15,1,2,1,19.166553729627736,17,0,1,0,1,0,0,1.7028816752194542,4.0,Male,Asian,High School,Low,A,1,2,6.791638432406934,1,0.4257204188048635,0.9593763455969768,0.5862068965517241
2442,16,1,0,2,1.95414550773517,29,1,4,0,0,0,0,0.5403751565523403,4.0,Male,Caucasian,Some College,Very High,A,0,6,3.4885363769337925,1,0.135093789138085,0.0977666970555961,1.0
2443,18,0,0,1,0.2999700075427336,27,1,3,0,0,0,0,0.3418223884177119,4.0,Female,Caucasian,High School,High,A,0,4,3.074992501885683,1,0.0854555971044279,0.0149628527025567,0.9310344827586208
2444,17,1,0,4,3.222000465128445,25,0,1,0,0,0,1,0.2697208620534843,4.0,Male,Caucasian,Higher,Low,A,1,5,2.8055001162821114,1,0.067430215513371,0.1612323115215394,0.8620689655172413
2445,17,0,3,2,19.92025566764497,12,1,3,0,0,0,0,2.5041677670545877,2.0,Female,Other,Some College,High,C,0,5,7.980063916911242,0,0.6260419417636469,0.9971047595149094,0.4137931034482758
2446,15,1,0,1,3.5999923322137373,23,0,1,1,0,0,0,0.5303581886716461,4.0,Male,Caucasian,High School,Low,A,1,2,2.8999980830534344,1,0.1325895471679115,0.1801536289544262,0.7931034482758621
2447,18,0,3,2,10.050952134440465,29,0,3,0,1,1,0,0.820105530138668,4.0,Female,Other,Some College,High,A,2,5,6.512738033610116,1,0.205026382534667,0.5030723708467796,1.0
2448,18,1,1,3,16.96835452861022,1,1,0,0,1,0,0,3.408489770633043,1.0,Male,African American,Bachelor,,D,1,3,9.242088632152557,0,0.8521224426582608,0.8493400498853944,0.0344827586206896
2449,16,1,1,2,0.4080322137641268,18,0,3,1,0,0,0,1.3503298063610123,4.0,Male,African American,Some College,High,A,1,5,2.1020080534410317,1,0.3375824515902531,0.0203721736019179,0.6206896551724138
2450,18,0,0,1,12.08977964516919,14,1,0,0,1,0,1,2.029736582447598,3.0,Female,Caucasian,High School,,B,2,1,10.022444911292297,0,0.5074341456118995,0.6051309225793112,0.4827586206896551
2451,18,0,0,1,5.540508977392486,11,0,2,0,0,1,0,1.7745311027993365,4.0,Female,Caucasian,High School,Moderate,A,1,3,3.3851272443481215,1,0.4436327756998341,0.2772909872535732,0.3793103448275862
2452,15,1,0,3,17.246698328794633,14,0,3,0,0,1,0,1.9919099489857044,4.0,Male,Caucasian,Bachelor,High,A,1,6,6.311674582198658,1,0.4979774872464261,0.8632732369652552,0.4827586206896551
2453,18,1,0,2,5.669222985281584,24,1,1,0,0,1,0,0.7540357233429884,4.0,Male,Caucasian,Some College,Low,A,1,3,6.417305746320396,1,0.1885089308357471,0.2837340851437697,0.8275862068965517
2454,17,1,1,2,13.735114405638178,17,0,2,0,0,0,0,1.4913821292254057,4.0,Male,African American,Some College,Moderate,A,0,4,3.4337786014095446,1,0.3728455323063514,0.6874922218481434,0.5862068965517241
2455,15,1,3,3,13.48439264894794,13,0,0,1,1,0,0,2.1573918332612245,3.0,Male,Other,Bachelor,,B,2,3,7.371098162236985,0,0.5393479583153061,0.6749417244465776,0.4482758620689655
2456,15,1,1,3,4.429870977192801,5,1,3,1,1,0,1,3.107348400568035,1.0,Male,African American,Bachelor,High,D,3,6,10.1074677442982,0,0.7768371001420088,0.221695256274359,0.1724137931034483
2457,16,0,2,3,0.6959839973670023,11,0,2,1,1,0,0,1.9995718607021808,4.0,Female,Asian,Bachelor,Moderate,A,2,5,4.17399599934175,1,0.4998929651755452,0.0347863120460303,0.3793103448275862
2458,18,0,0,0,8.184991475707946,19,0,2,0,0,0,1,1.363340948163794,4.0,Female,Caucasian,,Moderate,A,1,2,4.0462478689269865,1,0.3408352370409485,0.4096670967772459,0.6551724137931034
2459,16,1,0,2,5.783863039317394,22,1,4,1,0,0,0,1.3068680389383789,4.0,Male,Caucasian,Some College,Very High,A,1,6,6.445965759829349,1,0.3267170097345947,0.2894726764781843,0.7586206896551724
2460,17,0,0,2,16.179554992274173,29,0,2,0,0,0,0,0.5885556231650223,4.0,Female,Caucasian,Some College,Moderate,A,0,4,4.044888748068543,1,0.1471389057912555,0.8098547389102764,1.0
2461,15,0,1,2,16.007283769106905,29,1,0,0,1,1,0,0.6819561389075344,4.0,Female,African American,Some College,,A,2,2,11.001820942276726,1,0.1704890347268836,0.8012312769209102,1.0
2462,15,0,3,2,9.14047904385251,5,1,3,0,0,0,0,2.81858182437894,2.0,Female,Other,Some College,High,C,0,5,5.285119760963127,0,0.704645456094735,0.457496389294698,0.1724137931034483
2463,15,1,1,1,12.13024450646438,25,0,3,0,0,1,0,0.7446928333756786,4.0,Male,African American,High School,High,A,1,4,5.032561126616095,1,0.1861732083439196,0.6071564912544998,0.8620689655172413
2464,17,0,0,2,12.085190319738505,29,0,4,1,0,0,1,0.7251929462817994,4.0,Female,Caucasian,Some College,Very High,A,2,6,7.021297579934626,1,0.1812982365704498,0.604901192548487,1.0
2465,17,1,0,2,16.543162968552465,8,1,1,1,0,0,0,2.9268204402631444,2.0,Male,Caucasian,Some College,Low,C,1,3,9.135790742138116,0,0.7317051100657861,0.8280560351268923,0.2758620689655172
2466,16,0,1,0,8.50004828246395,29,0,2,1,1,0,0,0.5522575734248654,4.0,Female,African American,,Moderate,A,2,2,6.125012070615988,1,0.1380643933562163,0.4254380441682301,1.0
2467,16,1,0,2,5.5089335958101815,24,0,3,1,1,0,0,1.298729106820987,4.0,Male,Caucasian,Some College,High,A,2,5,5.377233398952545,1,0.3246822767052467,0.2757104034632651,0.8275862068965517
2468,16,0,2,1,5.30069836281095,25,0,3,1,1,0,1,1.1867378284984922,4.0,Female,Asian,High School,High,A,3,4,7.325174590702737,1,0.296684457124623,0.2652866740463553,0.8620689655172413
2469,18,1,2,1,10.723845585644083,3,0,3,0,1,0,1,3.3327885878934707,1.0,Male,Asian,High School,High,D,2,4,6.680961396411021,0,0.8331971469733677,0.5367557161708774,0.1034482758620689
2470,15,1,1,0,8.98296405464425,16,0,1,0,0,0,0,1.4890670205298442,4.0,Male,African American,,Low,A,0,1,2.2457410136610627,1,0.372266755132461,0.4496115870786369,0.5517241379310345
2471,15,0,0,2,8.802415419698724,1,1,1,1,0,1,0,3.3073781135531597,1.0,Female,Caucasian,Some College,Low,D,2,3,9.20060385492468,0,0.8268445283882899,0.4405737787781005,0.0344827586206896
2472,16,1,0,2,1.8227467817941445,15,1,1,0,0,0,0,1.6109406825598966,4.0,Male,Caucasian,Some College,Low,A,0,3,3.455686695448536,1,0.4027351706399741,0.0911892089657637,0.5172413793103449
2473,15,1,0,2,14.372074813803913,23,0,4,1,1,0,0,2.057378500596372,3.0,Male,Caucasian,Some College,Very High,B,2,6,7.593018703450978,0,0.514344625149093,0.7193768498641357,0.7931034482758621
2474,16,1,0,2,4.274733759638214,13,0,1,0,0,0,0,1.673711404485327,4.0,Male,Caucasian,Some College,Low,A,0,3,1.0686834399095535,1,0.4184278511213317,0.2139294792970919,0.4482758620689655
2475,18,1,0,3,3.9390726041744273,25,0,2,0,0,1,0,0.4906300621749082,4.0,Male,Caucasian,Bachelor,Moderate,A,1,5,2.984768151043607,1,0.122657515543727,0.1971271302905014,0.8620689655172413
2476,18,1,1,1,8.255166405547868,7,0,2,0,0,0,1,2.2316569717750228,3.0,Male,African American,High School,Moderate,B,1,3,4.063791601386967,0,0.5579142429437557,0.4131798763869515,0.2413793103448275
2477,17,1,1,1,4.555566832356028,13,1,2,1,0,1,0,2.259451153743707,3.0,Male,African American,High School,Moderate,B,2,3,8.138891708089007,0,0.5648627884359267,0.2279872730679503,0.4482758620689655
2478,18,1,0,3,11.677165346160308,1,1,2,0,0,0,0,3.454462459935305,1.0,Male,Caucasian,Bachelor,Moderate,D,0,5,5.919291336540077,0,0.8636156149838262,0.5844764937179266,0.0344827586206896
2479,16,1,0,1,7.42926678668943,15,1,3,1,0,0,0,2.158610170146598,3.0,Male,Caucasian,High School,High,B,1,4,6.857316696672358,0,0.5396525425366495,0.371837429057008,0.5172413793103449
2480,18,0,0,4,8.978234451855801,3,0,2,0,1,0,0,2.747908442514612,2.0,Female,Caucasian,Higher,Moderate,C,1,6,4.24455861296395,0,0.686977110628653,0.4493748351178558,0.1034482758620689
2481,17,0,0,3,10.743386432080577,0,0,1,1,0,0,1,3.3239029603291117,1.0,Female,Caucasian,Bachelor,Low,D,2,4,6.685846608020144,0,0.8309757400822779,0.5377338815509508,0.0
2482,15,1,2,2,4.070710449636097,22,0,2,0,0,0,0,0.9097635331410971,4.0,Male,Asian,Some College,Moderate,A,0,4,1.0176776124090243,1,0.2274408832852743,0.2037165880991254,0.7586206896551724
2483,16,1,0,4,3.115032457310596,19,0,3,0,1,0,0,1.1678958000789352,4.0,Male,Caucasian,Higher,High,A,1,7,2.778758114327649,1,0.2919739500197338,0.1558777634285024,0.6551724137931034
2484,15,0,0,0,17.608438057472096,26,0,4,0,0,0,0,1.2204179764419896,4.0,Female,Caucasian,,Very High,A,0,4,4.402109514368024,1,0.3051044941104974,0.8813810134292609,0.896551724137931
2485,17,0,0,1,8.674474056628421,13,1,3,0,0,1,0,2.3345256438757365,3.0,Female,Caucasian,High School,High,B,1,4,7.168618514157105,0,0.5836314109689341,0.4341693575345525,0.4482758620689655
2486,17,0,2,2,8.241872192650783,7,1,3,0,0,0,0,2.8447322620424904,2.0,Female,Asian,Some College,High,C,0,5,5.060468048162695,0,0.7111830655106226,0.4125144016925201,0.2413793103448275
2487,17,1,1,1,0.7122430054568296,24,1,2,1,0,0,0,0.9722477384320642,4.0,Male,African American,High School,Moderate,A,1,3,5.178060751364208,1,0.243061934608016,0.035600196893828,0.8275862068965517
2488,15,0,0,3,9.959526051747863,27,1,3,0,0,0,1,0.8563970426697209,4.0,Female,Caucasian,Bachelor,High,A,1,6,7.489881512936966,1,0.2140992606674302,0.4984958122408725,0.9310344827586208
2489,15,1,1,0,11.083394432220002,24,0,4,0,0,0,0,0.9526750330525334,4.0,Male,African American,,Very High,A,0,4,2.770848608055001,1,0.2381687582631333,0.5547538226146759,0.8275862068965517
2490,15,1,2,2,11.17681741909333,2,0,2,0,1,0,0,3.235302580709104,1.0,Male,Asian,Some College,Moderate,D,1,4,4.794204354773333,0,0.808825645177276,0.5594303411963834,0.0689655172413793
2491,15,0,3,2,14.140623386457689,4,0,0,0,0,0,0,2.533432395797906,2.0,Female,Other,Some College,,C,0,2,3.535155846614422,0,0.6333580989494765,0.707790976440768,0.1379310344827586
2492,17,1,0,2,3.5496366998202356,5,0,4,0,0,0,0,2.772388536783242,2.0,Male,Caucasian,Some College,Very High,C,0,6,0.8874091749550589,0,0.6930971341958105,0.1776329532785228,0.1724137931034483
2493,17,1,2,1,5.044462684612377,21,0,3,0,0,0,0,0.9467679046532856,4.0,Male,Asian,High School,High,A,0,4,1.2611156711530942,1,0.2366919761633214,0.2524601636713789,0.7241379310344828
2494,16,1,3,1,16.214609304608253,25,1,2,0,1,0,0,1.3154643711031746,4.0,Male,Other,High School,Moderate,A,1,3,9.053652326152063,1,0.3288660927757936,0.8116094691804782,0.8620689655172413
2495,16,1,3,3,18.94341233686788,7,0,4,0,1,1,0,3.31820802902305,1.0,Male,Other,Bachelor,Very High,D,2,7,8.73585308421697,0,0.8295520072557625,0.9482064515000942,0.2413793103448275
2496,15,0,1,1,2.7186549473464128,5,0,2,0,0,1,0,2.3311089198970865,3.0,Female,African American,High School,Moderate,B,1,3,2.679663736836603,0,0.5827772299742716,0.1360361071856786,0.1724137931034483
2497,18,0,1,3,9.952991090104364,5,0,2,1,0,0,0,2.905973097807374,2.0,Female,African American,Bachelor,Moderate,C,1,5,4.4882477725260905,0,0.7264932744518435,0.4981686885791338,0.1724137931034483
2498,18,1,0,2,4.2835250547917365,3,0,3,0,1,1,0,3.344575197988929,1.0,Male,Caucasian,Some College,High,D,2,5,5.070881263697935,0,0.8361437994972323,0.2143695493111075,0.1034482758620689
2499,17,1,2,2,1.2014633670996488,6,0,1,0,0,0,0,2.1681789248414423,3.0,Male,Asian,Some College,Low,B,0,3,0.3003658417749122,0,0.5420447312103606,0.0600893316168952,0.2068965517241379
2500,17,0,1,2,6.510066762522708,29,0,3,0,0,0,1,0.211194222791904,4.0,Female,African American,Some College,High,A,1,5,3.627516690630677,1,0.052798555697976,0.3258245992686592,1.0
2501,17,1,1,1,2.873752503684255,29,0,1,0,0,0,0,0.0,4.0,Male,African American,High School,Low,A,0,2,0.7184381259210637,1,0.0,0.1437998988226853,1.0
2502,16,0,0,2,14.198661468684923,23,1,1,0,0,0,0,0.8939860125136853,4.0,Female,Caucasian,Some College,Low,A,0,3,6.549665367171231,1,0.2234965031284213,0.7106962161367578,0.7931034482758621
2503,16,1,2,3,10.674508273428888,18,0,2,1,0,1,0,1.8307932453900513,4.0,Male,Asian,Bachelor,Moderate,A,2,5,6.668627068357222,1,0.4576983113475128,0.5342860150291369,0.6206896551724138
2504,17,1,2,2,2.8766894198062176,6,0,2,0,0,0,0,2.4651174139719014,3.0,Male,Asian,Some College,Moderate,B,0,4,0.7191723549515544,0,0.6162793534929754,0.1439469134202372,0.2068965517241379
2505,17,0,0,4,0.1848317681102873,2,0,1,1,0,0,0,2.6505223435766907,2.0,Female,Caucasian,Higher,Low,C,1,5,2.046207942027572,0,0.6626305858941727,0.0091993234664278,0.0689655172413793
2506,17,0,2,2,16.163140980484254,7,1,4,0,0,0,0,3.161961511352394,1.0,Female,Asian,Some College,Very High,D,0,6,7.0407852451210635,0,0.7904903778380985,0.8090330949690481,0.2413793103448275
2507,18,0,1,1,3.5238881232849506,0,0,2,1,0,0,0,2.905702974207415,2.0,Female,African American,High School,Moderate,C,1,3,2.880972030821238,0,0.7264257435518537,0.1763440446207099,0.0
2508,16,0,2,1,12.12433284441532,0,1,1,1,0,1,0,3.7326847011603697,0.0,Female,Asian,High School,Low,F,2,2,10.03108321110383,0,0.9331711752900924,0.6068605683949718,0.0
2509,18,1,0,4,6.738438261534911,13,1,2,0,1,0,0,2.109686328016939,3.0,Male,Caucasian,Higher,Moderate,B,1,6,6.684609565383727,0,0.5274215820042347,0.3372562992646251,0.4482758620689655
2510,18,0,0,1,11.709718766300712,5,1,3,0,0,0,0,2.546634577748015,2.0,Female,Caucasian,High School,High,C,0,4,5.927429691575178,0,0.6366586444370037,0.5861060356463083,0.1724137931034483
2511,17,1,3,3,6.31307253964648,9,0,2,0,0,0,1,2.1156039687255843,3.0,Male,Other,Bachelor,Moderate,B,1,5,3.57826813491162,0,0.5289009921813961,0.3159635664051006,0.3103448275862069
2512,17,0,0,3,1.7387912138450834,24,0,1,1,0,0,0,0.4837893904323065,4.0,Female,Caucasian,Bachelor,Low,A,1,4,2.4346978034612707,1,0.1209473476080766,0.086986605445027,0.8275862068965517
2513,15,0,2,1,4.459000171155072,27,0,1,0,0,0,0,0.0,4.0,Female,Asian,High School,Low,A,0,2,1.114750042788768,1,0.0,0.223153390095529,0.9310344827586208
2514,15,1,0,0,3.761171329581512,13,0,2,0,0,0,0,1.811155480929165,4.0,Male,Caucasian,,Moderate,A,0,2,0.940292832395378,1,0.4527888702322912,0.1882218421576005,0.4482758620689655
2515,18,0,1,2,8.560387048792876,3,0,2,0,0,0,1,2.6741625507699083,2.0,Female,African American,Some College,Moderate,C,1,4,4.140096762198219,0,0.6685406376924771,0.4284584502950126,0.1034482758620689
2516,16,0,0,1,13.165675668523146,5,1,3,0,0,1,0,3.102745561433283,1.0,Female,Caucasian,High School,High,D,1,4,8.291418917130787,0,0.7756863903583208,0.6589875580133937,0.1724137931034483
2517,17,0,1,2,5.276121498927151,15,1,4,1,0,0,0,2.432896398351312,3.0,Female,African American,Some College,Very High,B,1,6,6.3190303747317875,0,0.608224099587828,0.2640564183621893,0.5172413793103449
2518,17,0,0,2,0.241398706012359,27,0,1,1,1,1,0,0.591872335776283,4.0,Female,Caucasian,Some College,Low,A,3,3,6.0603496765030895,1,0.1479680839440707,0.0120309213960467,0.9310344827586208
2519,18,1,0,2,10.378747285295136,20,0,3,0,1,1,1,1.4197989848171118,4.0,Male,Caucasian,Some College,High,A,3,5,8.594686821323783,1,0.3549497462042779,0.5194809675451914,0.6896551724137931
2520,15,1,0,2,12.11518978717944,27,1,4,0,1,1,0,1.3649825214589588,4.0,Male,Caucasian,Some College,Very High,A,2,6,10.02879744679486,1,0.3412456303647397,0.606402890060247,0.9310344827586208
2521,16,0,0,1,19.257409880036192,0,0,4,0,0,0,0,3.524855822624972,0.0,Female,Caucasian,High School,Very High,F,0,5,4.814352470009048,0,0.881213955656243,0.9639243748333324,0.0
2522,15,0,3,2,11.789416061864936,5,0,4,1,0,1,0,3.0562181766199736,1.0,Female,Other,Some College,Very High,D,2,6,6.947354015466233,0,0.7640545441549934,0.5900954808149076,0.1724137931034483
2523,15,0,3,1,9.423451187562836,8,0,3,1,1,0,0,2.5706824923097633,2.0,Female,Other,High School,High,C,2,4,6.355862796890709,0,0.6426706230774408,0.4716612595526059,0.2758620689655172
2524,15,1,0,1,11.468032517954075,14,1,2,0,0,0,1,2.134832886078039,3.0,Male,Caucasian,High School,Moderate,B,1,3,7.867008129488519,0,0.5337082215195097,0.5740078329537663,0.4827586206896551
2525,15,1,2,2,18.55801259724054,11,0,2,0,1,0,1,2.3019321078440553,3.0,Male,Asian,Some College,Moderate,B,2,4,8.639503149310135,0,0.5754830269610138,0.928914314692306,0.3793103448275862
2526,17,1,0,3,16.567562912032926,2,1,2,1,0,0,0,3.354368116289429,1.0,Male,Caucasian,Bachelor,Moderate,D,1,5,9.141890728008232,0,0.8385920290723573,0.8292774346228611,0.0689655172413793
2527,17,1,1,1,6.45957466727616,10,0,3,0,0,1,0,2.252575524405779,3.0,Male,African American,High School,High,B,1,4,3.61489366681904,0,0.5631438811014448,0.3232970926072634,0.3448275862068966
2528,15,0,2,2,4.745087273142746,14,0,2,0,0,0,0,2.059778342061027,3.0,Female,Asian,Some College,Moderate,B,0,4,1.1862718182856864,0,0.5149445855152568,0.237474187291258,0.4827586206896551
2529,16,0,3,2,5.252672247321472,2,0,1,0,0,0,0,2.705024407226965,2.0,Female,Other,Some College,Low,C,0,3,1.313168061830368,0,0.6762561018067412,0.2628826080984501,0.0689655172413793
2530,18,0,0,1,10.08842079430426,13,0,1,0,0,0,0,1.8208437343058657,4.0,Female,Caucasian,High School,Low,A,0,2,2.522105198576065,1,0.4552109335764664,0.5049479572516791,0.4482758620689655
2531,16,1,2,1,14.880989024571557,1,0,3,0,0,1,0,3.2609504905530393,1.0,Male,Asian,High School,High,D,1,4,5.720247256142889,0,0.8152376226382598,0.7448518088951163,0.0344827586206896
2532,16,0,0,3,10.06438414365924,28,0,3,1,0,0,0,0.741527556169066,4.0,Female,Caucasian,Bachelor,High,A,1,6,4.51609603591481,1,0.1853818890422665,0.503744743276773,0.9655172413793104
2533,16,1,3,2,1.3559279165622518,3,1,2,0,0,1,1,2.9437501978177756,2.0,Male,Other,Some College,Moderate,C,2,4,7.338981979140563,0,0.7359375494544439,0.0678214365297511,0.1034482758620689
2534,15,1,0,2,14.471614008799618,25,0,1,0,0,0,0,0.4474828563605549,4.0,Male,Caucasian,Some College,Low,A,0,3,3.617903502199904,1,0.1118707140901387,0.7243595303647794,0.8620689655172413
2535,17,0,1,2,16.119402573419077,18,1,3,0,0,0,0,1.844059263528674,4.0,Female,African American,Some College,High,A,0,5,7.029850643354769,1,0.4610148158821685,0.8068436608670114,0.6206896551724138
2536,16,0,1,0,5.789957302394393,11,1,0,1,0,0,0,1.899197563198893,4.0,Female,African American,,,A,1,0,6.447489325598598,1,0.4747993907997233,0.2897777398836184,0.3793103448275862
2537,15,0,1,2,13.282514785667008,1,1,2,0,0,0,0,3.3788457271666,1.0,Female,African American,Some College,Moderate,D,0,4,6.320628696416752,0,0.84471143179165,0.6648362288885223,0.0344827586206896
2538,16,1,0,2,8.531838021087868,16,1,2,0,0,0,1,1.666640097790168,4.0,Male,Caucasian,Some College,Moderate,A,1,4,7.132959505271967,1,0.416660024447542,0.4270293581302205,0.5517241379310345
2539,16,1,3,2,17.782387114548857,2,0,4,0,0,0,0,3.309453585183811,1.0,Male,Other,Some College,Very High,D,0,6,4.445596778637214,0,0.8273633962959528,0.8900884635431493,0.0689655172413793
2540,15,0,0,1,16.904511163214796,9,0,2,1,1,0,0,2.7618237513851387,2.0,Female,Caucasian,High School,Moderate,C,2,3,8.226127790803698,0,0.6904559378462847,0.8461442123877637,0.3103448275862069
2541,17,0,1,0,10.508639966192844,15,1,2,0,0,0,1,2.0425379785048077,3.0,Female,African American,,Moderate,B,1,2,7.627159991548211,0,0.5106344946262019,0.5259830668269191,0.5172413793103449
2542,17,1,0,1,13.83011091627189,21,1,3,0,1,0,0,1.4874769372990635,4.0,Male,Caucasian,High School,High,A,1,4,8.457527729067973,1,0.3718692343247659,0.6922475070519689,0.7241379310344828
2543,18,0,0,4,17.66699402044208,8,1,2,0,1,0,1,2.8739722821184617,2.0,Female,Caucasian,Higher,Moderate,C,2,6,11.41674850511052,0,0.7184930705296154,0.8843121769262082,0.2758620689655172
2544,15,1,1,2,9.91434020156551,10,0,1,0,0,0,0,2.0159494650624468,3.0,Male,African American,Some College,Low,B,0,3,2.4785850503913776,0,0.5039873662656117,0.4962339227950283,0.3448275862068966
2545,18,1,0,2,6.265014809776439,20,0,2,1,0,0,0,1.07029676373108,4.0,Male,Caucasian,Some College,Moderate,A,1,4,3.5662537024441097,1,0.26757419093277,0.3135579179212145,0.6896551724137931
2546,18,0,0,0,15.073322758191626,14,0,4,1,0,0,0,2.605399264020907,2.0,Female,Caucasian,,Very High,C,1,4,5.7683306895479065,0,0.6513498160052268,0.7544795494466251,0.4827586206896551
2547,18,0,0,0,4.401325095693835,2,1,2,0,0,1,1,3.3633891187265865,1.0,Female,Caucasian,,Moderate,D,2,2,8.100331273923459,0,0.8408472796816466,0.2202663216006888,0.0689655172413793
2548,17,0,0,2,7.770622960120841,15,0,3,0,1,0,0,2.12509059499954,3.0,Female,Caucasian,Some College,High,B,1,5,3.9426557400302102,0,0.531272648749885,0.3889248562680115,0.5172413793103449
2549,15,0,2,2,17.314544742135872,29,0,4,0,1,0,0,1.0506689803906937,4.0,Female,Asian,Some College,Very High,A,1,6,6.328636185533968,1,0.2626672450976734,0.8666694569247253,1.0
2550,18,1,2,2,14.4884468053863,20,0,3,0,0,0,1,1.580050523836055,4.0,Male,Asian,Some College,High,A,1,5,5.622111701346575,1,0.3950126309590137,0.7252021376143897,0.6896551724137931
2551,15,1,0,1,8.076220104949986,20,0,3,1,0,0,0,1.3970629516250068,4.0,Male,Caucasian,High School,High,A,1,4,4.019055026237496,1,0.3492657379062517,0.4042222768937081,0.6896551724137931
2552,15,1,0,2,4.294890048167148,20,0,3,0,1,0,0,1.1657871621526066,4.0,Male,Caucasian,Some College,High,A,1,5,3.073722512041787,1,0.2914467905381516,0.2149384521526872,0.6896551724137931
2553,17,0,0,1,7.119367816644731,27,1,4,0,1,0,0,0.9620724862919864,4.0,Female,Caucasian,High School,Very High,A,1,5,6.779841954161183,1,0.2405181215729966,0.3563246699345549,0.9310344827586208
2554,18,1,0,1,5.68208298454866,11,1,4,1,0,0,0,2.310235179366311,3.0,Male,Caucasian,High School,Very High,B,1,5,6.420520746137165,0,0.5775587948415778,0.2843778242014255,0.3793103448275862
2555,18,0,1,2,3.5217857588770785,22,0,4,0,0,0,0,0.9357793408847956,4.0,Female,African American,Some College,Very High,A,0,6,0.8804464397192696,1,0.2339448352211989,0.1762388055725058,0.7586206896551724
2556,15,0,1,1,14.866658271313131,4,0,3,0,0,0,1,2.9380028297730134,2.0,Female,African American,High School,High,C,1,4,5.716664567828283,0,0.7345007074432534,0.7441344476102136,0.1379310344827586
2557,16,0,0,1,5.041397737003431,6,1,2,1,0,0,1,2.7671513375162338,2.0,Female,Caucasian,High School,Moderate,C,2,3,8.260349434250857,0,0.6917878343790584,0.2523067401412082,0.2068965517241379
2558,17,0,0,2,9.083349403355276,8,0,1,1,1,0,0,3.0269833109614934,1.0,Female,Caucasian,Some College,Low,D,2,3,6.2708373508388195,0,0.7567458277403734,0.4546366238954839,0.2758620689655172
2559,17,0,0,2,7.717188936722181,20,1,2,1,1,0,0,1.5364194793970165,4.0,Female,Caucasian,Some College,Moderate,A,2,4,8.929297234180545,1,0.3841048698492541,0.3862500841195034,0.6896551724137931
2560,17,0,2,3,19.641547572712614,17,0,4,1,1,1,0,2.495379496847872,3.0,Female,Asian,Bachelor,Very High,B,3,7,10.910386893178153,0,0.623844874211968,0.9831533367607784,0.5862068965517241
2561,17,1,3,2,7.821844882964411,20,0,3,0,0,0,0,1.6155716602528696,4.0,Male,Other,Some College,High,A,0,5,1.9554612207411028,1,0.4038929150632174,0.3914888962541611,0.6896551724137931
2562,18,0,0,0,1.599649655935096,7,0,2,0,1,0,0,2.2103713279948844,3.0,Female,Caucasian,,Moderate,B,1,2,2.399912413983774,0,0.5525928319987211,0.0800215307580438,0.2413793103448275
2563,18,1,0,1,1.7965150514416806,11,1,2,0,0,0,1,1.7980154436118352,4.0,Male,Caucasian,High School,Moderate,A,1,3,5.44912876286042,1,0.4495038609029588,0.0898761148491094,0.3793103448275862
2564,16,1,2,4,11.815074427061296,19,0,2,1,0,1,0,1.5662885180613493,4.0,Male,Asian,Higher,Moderate,A,2,6,6.953768606765324,1,0.3915721295153373,0.5913798737211171,0.6551724137931034
2565,17,0,3,2,11.987271034765312,1,0,2,0,0,0,0,2.9213867570696292,2.0,Female,Other,Some College,Moderate,C,0,4,2.996817758691328,0,0.7303466892674073,0.5999996006489952,0.0344827586206896
2566,17,0,0,2,8.3751798096531,9,0,3,0,0,0,0,2.519724822511747,2.0,Female,Caucasian,Some College,High,C,0,5,2.093794952413275,0,0.6299312056279367,0.4191874440438608,0.3103448275862069
2567,15,0,0,0,8.636873846240594,18,0,2,1,0,0,0,1.4892073187626624,4.0,Female,Caucasian,,Moderate,A,1,2,4.159218461560148,1,0.3723018296906656,0.4322871860429345,0.6206896551724138
2568,18,1,0,2,1.0786516568174245,8,0,1,0,0,0,0,1.6636371244012207,4.0,Male,Caucasian,Some College,Low,A,0,3,0.2696629142043561,0,0.4159092811003052,0.0539416878259209,0.2758620689655172
2569,17,0,1,0,10.330930207785244,24,0,2,0,0,0,0,0.7737842057946157,4.0,Female,African American,,Moderate,A,0,2,2.582732551946311,1,0.1934460514486539,0.517087365510168,0.8275862068965517
2570,16,1,0,2,10.094789507607034,23,0,1,0,1,0,0,0.8916240459711724,4.0,Male,Caucasian,Some College,Low,A,1,3,4.523697376901758,1,0.2229060114927931,0.5052667589416996,0.7931034482758621
2571,16,0,0,3,2.9909863711388907,7,0,4,0,0,0,0,2.215087048853621,3.0,Female,Caucasian,Bachelor,Very High,B,0,7,0.7477465927847227,0,0.5537717622134053,0.1496683299005783,0.2413793103448275
2572,18,0,1,4,2.0767877222185516,23,0,2,0,0,0,0,0.6515150205017294,4.0,Female,African American,Higher,Moderate,A,0,6,0.5191969305546379,1,0.1628787551254323,0.1039058563153074,0.7931034482758621
2573,16,1,0,2,2.47144981198981,23,0,4,0,0,0,0,0.9740174167472984,4.0,Male,Caucasian,Some College,Very High,A,0,6,0.6178624529974525,1,0.2435043541868246,0.1236616429592656,0.7931034482758621
2574,16,1,2,2,2.0205649298251704,23,0,1,0,1,0,0,0.3413935419913523,4.0,Male,Asian,Some College,Low,A,1,3,2.5051412324562925,1,0.085348385497838,0.1010914854399721,0.7931034482758621
2575,18,0,0,3,12.194163910735195,0,0,1,0,0,0,0,2.773483878750202,2.0,Female,Caucasian,Bachelor,Low,C,0,4,3.048540977683799,0,0.6933709696875505,0.6103561350660325,0.0
2576,17,1,0,2,3.929653048058373,5,0,3,0,0,0,0,2.4978773036357613,3.0,Male,Caucasian,Some College,High,B,0,5,0.9824132620145932,0,0.6244693259089403,0.1966556111207291,0.1724137931034483
2577,17,1,1,0,5.0286030437492695,11,0,3,0,1,0,1,2.0764437464311585,3.0,Male,African American,,High,B,2,3,5.257150760937318,0,0.5191109366077896,0.2516662701374878,0.3793103448275862
2578,16,1,0,2,3.4714428830287947,24,0,2,0,0,1,0,0.7734276360335333,4.0,Male,Caucasian,Some College,Moderate,A,1,4,2.8678607207571987,1,0.1933569090083833,0.1737187684570118,0.8275862068965517
2579,16,1,3,1,19.15670608897006,23,0,1,0,0,1,0,0.9881530769380218,4.0,Male,Other,High School,Low,A,1,2,6.789176522242515,1,0.2470382692345054,0.9588833975971016,0.7931034482758621
2580,17,1,1,2,17.09234926303671,18,0,0,0,1,0,0,1.3775728397779787,4.0,Male,African American,Some College,,A,1,2,6.273087315759177,1,0.3443932099444947,0.8555469128747525,0.6206896551724138
2581,18,0,0,2,4.609896747030417,26,0,3,1,0,0,0,0.4765977404918081,4.0,Female,Caucasian,Some College,High,A,1,5,3.1524741867576043,1,0.119149435122952,0.2307068912692165,0.896551724137931
2582,16,0,2,2,6.55132587844252,16,0,1,1,1,0,0,1.8362421367971535,4.0,Female,Asian,Some College,Low,A,2,3,5.63783146961063,1,0.4590605341992884,0.3278899263227539,0.5517241379310345
2583,15,1,0,1,4.197856846099944,1,1,2,0,0,0,0,2.9240321151586275,2.0,Male,Caucasian,High School,Moderate,C,0,3,4.049464211524986,0,0.7310080287896569,0.2100812153237563,0.0344827586206896
2584,18,0,3,1,9.837519189216476,10,1,3,0,0,0,1,2.2887682028383933,3.0,Female,Other,High School,High,B,1,4,7.459379797304119,0,0.5721920507095983,0.4923884570939268,0.3448275862068966
2585,16,0,0,2,0.3922106494850719,17,0,0,0,0,0,0,0.8221078891229036,4.0,Female,Caucasian,Some College,,A,0,2,0.0980526623712679,1,0.2055269722807259,0.01958018608558,0.5862068965517241
2586,16,1,1,3,13.427360177935912,22,0,1,1,1,0,0,1.46754910281344,4.0,Male,African American,Bachelor,Low,A,2,4,7.356840044483977,1,0.36688727570336,0.6720868231061817,0.7586206896551724
2587,15,0,0,2,10.463162996352832,27,1,0,1,0,0,0,0.654489820899693,4.0,Female,Caucasian,Some College,,A,1,2,7.615790749088208,1,0.1636224552249232,0.5237066046668628,0.9310344827586208
2588,15,1,0,1,17.972778566022065,21,1,4,0,0,1,0,1.8262650784023136,4.0,Male,Caucasian,High School,Very High,A,1,5,9.493194641505516,1,0.4565662696005784,0.8996189783598073,0.7241379310344828
2589,17,1,2,3,3.287853686568283,10,0,2,1,0,1,0,2.167614891739184,3.0,Male,Asian,Bachelor,Moderate,B,2,5,4.821963421642071,0,0.541903722934796,0.1645287573325288,0.3448275862068966
2590,18,0,2,3,16.082184921222634,17,0,4,1,0,0,0,1.8125810860736853,4.0,Female,Asian,Bachelor,Very High,A,1,7,6.0205462303056585,1,0.4531452715184213,0.8049806392714787,0.5862068965517241
2591,18,1,0,1,15.839220289334314,7,0,1,0,1,0,0,3.0101355275332473,1.0,Male,Caucasian,High School,Low,D,1,2,5.9598050723335785,0,0.7525338818833118,0.7928184439301539,0.2413793103448275
2592,17,1,0,0,2.5436237843377385,14,0,3,0,1,0,0,2.1366532091173225,3.0,Male,Caucasian,,High,B,1,3,2.6359059460844345,0,0.5341633022793306,0.1272744895840301,0.4827586206896551
2593,18,1,2,2,7.971184482882552,8,0,1,0,0,1,0,2.2968145205845465,3.0,Male,Asian,Some College,Low,B,1,3,3.992796120720638,0,0.5742036301461366,0.3989644591469306,0.2758620689655172
2594,18,1,3,3,3.403052822890338,14,0,2,0,0,0,0,1.4996666752012844,4.0,Male,Other,Bachelor,Moderate,A,0,5,0.8507632057225845,1,0.3749166688003211,0.1702953349130251,0.4827586206896551
2595,18,1,0,4,5.0944100091509785,6,1,3,0,0,0,0,2.527606693940515,2.0,Male,Caucasian,Higher,High,C,0,7,4.273602502287744,0,0.6319016734851287,0.2549604004881278,0.2068965517241379
2596,18,0,0,3,5.264923496610887,19,0,3,1,0,0,0,1.378777261955536,4.0,Female,Caucasian,Bachelor,High,A,1,6,3.3162308741527218,1,0.344694315488884,0.2634958746709346,0.6551724137931034
2597,18,0,0,2,11.124727880515454,12,0,3,0,1,0,0,2.4619770683944515,3.0,Female,Caucasian,Some College,High,B,1,5,4.781181970128864,0,0.6154942670986129,0.5568228705596086,0.4137931034482758
2598,15,1,2,2,8.22821863520931,12,0,3,0,0,0,1,2.142708088226998,3.0,Male,Asian,Some College,High,B,1,5,4.057054658802327,0,0.5356770220567495,0.411830939118496,0.4137931034482758
2599,18,1,0,0,18.954656080126107,0,0,1,1,0,1,0,3.4785197150728098,1.0,Male,Caucasian,,Low,D,2,1,8.738664020031527,0,0.8696299287682024,0.9487692848672862,0.0
2600,15,0,0,1,2.527402838940102,19,0,2,0,0,0,0,1.1359698905964322,4.0,Female,Caucasian,High School,Moderate,A,0,3,0.6318507097350256,1,0.283992472649108,0.1264625100583941,0.6551724137931034
2601,18,1,2,2,19.473842697003978,3,0,2,0,0,0,0,3.3156324327155575,1.0,Male,Asian,Some College,Moderate,D,0,4,4.868460674250994,0,0.8289081081788894,0.9747584545830358,0.1034482758620689
2602,17,0,0,2,4.612772804285279,23,0,3,0,0,1,0,0.9452990404344148,4.0,Female,Caucasian,Some College,High,A,1,5,3.1531932010713195,1,0.2363247601086037,0.2308508594257116,0.7931034482758621
2603,16,1,0,2,15.457478727637062,3,0,1,0,1,1,0,3.360097709606442,1.0,Male,Caucasian,Some College,Low,D,2,3,7.864369681909265,0,0.8400244274016105,0.7737094262629304,0.1034482758620689
2604,15,1,0,2,6.779398523456428,3,1,4,0,0,0,0,3.5834476051437596,0.0,Male,Caucasian,Some College,Very High,F,0,6,4.694849630864107,0,0.8958619012859399,0.3393066664429652,0.1034482758620689
2605,18,1,0,1,2.861627908346278,12,0,2,1,0,0,1,2.268905391743987,3.0,Male,Caucasian,High School,Moderate,B,2,3,4.71540697708657,0,0.5672263479359968,0.1431929722268721,0.4137931034482758
2606,17,1,0,2,17.1577837049248,1,0,3,0,0,1,1,3.3946498667267635,1.0,Male,Caucasian,Some College,High,D,2,5,8.289445926231199,0,0.8486624666816909,0.858822395639912,0.0344827586206896
2607,16,1,1,0,6.177217984729264,27,0,1,0,1,0,0,0.4239919484053893,4.0,Male,African American,,Low,A,1,1,3.544304496182316,1,0.1059979871013473,0.3091630307795228,0.9310344827586208
2608,15,1,0,2,13.177108084536844,25,0,2,0,0,0,0,0.8359897662567951,4.0,Male,Caucasian,Some College,Moderate,A,0,4,3.294277021134211,1,0.2089974415641987,0.6595598358618247,0.8620689655172413
2609,16,1,1,2,11.328873701732531,22,0,3,1,0,0,0,1.2860837347449834,4.0,Male,African American,Some College,High,A,1,5,4.832218425433133,1,0.3215209336862458,0.5670418943593297,0.7586206896551724
2610,17,0,2,2,9.435126187817486,14,0,2,1,0,0,0,2.131780853915055,3.0,Female,Asian,Some College,Moderate,B,1,4,4.358781546954372,0,0.5329452134787638,0.4722456805549695,0.4827586206896551
2611,15,0,2,4,9.91638945297078,3,0,4,1,0,0,0,3.308664019789773,1.0,Female,Asian,Higher,Very High,D,1,8,4.479097363242695,0,0.8271660049474433,0.4963365031405735,0.1034482758620689
2612,16,0,0,1,14.644758281845752,26,0,3,0,1,0,0,0.9587762981739752,4.0,Female,Caucasian,High School,High,A,1,4,5.661189570461438,1,0.2396940745434938,0.7330266950243117,0.896551724137931
2613,18,1,0,2,1.7554582824688114,5,1,2,1,0,0,0,2.539771016481107,2.0,Male,Caucasian,Some College,Moderate,C,1,4,5.438864570617203,0,0.6349427541202768,0.0878209167717151,0.1724137931034483
2614,15,1,0,1,13.363613239158102,2,0,3,1,0,0,0,3.012897486759207,1.0,Male,Caucasian,High School,High,D,1,4,5.3409033097895255,0,0.7532243716898017,0.6688958124812956,0.0689655172413793
2615,16,1,0,2,17.916242027971574,6,0,3,1,0,1,0,3.167455277075199,1.0,Male,Caucasian,Some College,High,D,2,5,8.479060506992894,0,0.7918638192687998,0.8967889021699182,0.2068965517241379
2616,17,1,0,3,1.155763940397283,5,0,3,0,0,0,1,1.9045159017519453,4.0,Male,Caucasian,Bachelor,High,A,1,6,2.2889409850993205,0,0.4761289754379863,0.057801733828604,0.1724137931034483
2617,17,1,1,2,2.813066784673335,2,1,1,0,0,0,0,3.033291953501386,1.0,Male,African American,Some College,Low,D,0,3,3.703266696168334,0,0.7583229883753465,0.1407621251216192,0.0689655172413793
2618,15,1,0,3,14.332638734040628,3,0,2,0,1,1,0,3.4577117259752934,1.0,Male,Caucasian,Bachelor,Moderate,D,2,5,7.583159683510157,0,0.8644279314938234,0.7174027793920286,0.1034482758620689
2619,16,1,0,1,8.745632964892351,9,0,3,0,0,0,0,2.4503354431504625,3.0,Male,Caucasian,High School,High,B,0,4,2.186408241223088,0,0.6125838607876156,0.4377313926170049,0.3103448275862069
2620,15,0,0,3,8.070972416273767,29,1,3,1,1,0,0,1.164702428020536,4.0,Female,Caucasian,Bachelor,High,A,2,6,9.017743104068442,1,0.291175607005134,0.4039595908629283,1.0
2621,15,1,1,0,2.739332690884717,20,0,2,0,0,0,0,0.8270829163865822,4.0,Male,African American,,Moderate,A,0,2,0.6848331727211793,1,0.2067707290966455,0.137071182760984,0.6896551724137931
2622,16,0,0,3,10.135400814355762,8,0,1,0,1,0,0,2.3983144793001743,3.0,Female,Caucasian,Bachelor,Low,B,1,4,4.5338502035889405,0,0.5995786198250436,0.5072996583061287,0.2758620689655172
2623,16,0,1,1,2.530906223927545,29,0,2,0,0,0,0,0.0,4.0,Female,African American,High School,Moderate,A,0,3,0.6327265559818862,1,0.0,0.1266378806555134,1.0
2624,18,1,0,1,9.532409126210808,5,1,0,0,0,0,0,2.7577979305655766,2.0,Male,Caucasian,High School,,C,0,1,5.383102281552702,0,0.6894494826413942,0.4771154185531382,0.1724137931034483
2625,16,1,2,2,15.272305979233137,28,1,3,0,0,0,0,0.3478369759058787,4.0,Male,Asian,Some College,High,A,0,5,6.818076494808285,1,0.0869592439764696,0.7644401465308347,0.9655172413793104
2626,17,0,2,3,5.16528715774327,19,1,3,0,0,0,0,1.676727436835331,4.0,Female,Asian,Bachelor,High,A,0,6,4.291321789435818,1,0.4191818592088328,0.2585083313936094,0.6551724137931034
2627,15,0,0,0,9.615723363594546,26,1,2,1,0,0,0,0.5742779997538898,4.0,Female,Caucasian,,Moderate,A,1,2,7.403930840898637,1,0.1435694999384724,0.4812859186868379,0.896551724137931
2628,15,1,0,1,19.840319387936713,10,1,3,0,1,1,1,3.103994380105366,1.0,Male,Caucasian,High School,High,D,3,4,13.96007984698418,0,0.7759985950263415,0.9931033514041294,0.3448275862068966
2629,17,1,0,3,13.733008467080746,6,0,2,1,1,0,0,2.8020738343659453,2.0,Male,Caucasian,Bachelor,Moderate,C,2,5,7.433252116770186,0,0.7005184585914863,0.6873868038870465,0.2068965517241379
2630,16,0,0,1,16.827135426103972,17,1,3,0,0,1,0,2.1275892967469687,3.0,Female,Caucasian,High School,High,B,1,4,9.206783856525991,0,0.5318973241867422,0.8422709785672404,0.5862068965517241
2631,17,1,1,1,8.296952131210915,3,0,1,1,0,0,0,2.688349836315715,2.0,Male,African American,High School,Low,C,1,2,4.074238032802729,0,0.6720874590789288,0.4152715641937042,0.1034482758620689
2632,17,1,2,2,15.357218462517109,4,0,2,0,0,0,0,2.7837652099236254,2.0,Male,Asian,Some College,Moderate,C,0,4,3.839304615629277,0,0.6959413024809064,0.7686906508144842,0.1379310344827586
2633,18,1,1,1,0.8101834588264367,3,0,3,0,1,1,0,3.133768038538137,1.0,Male,African American,High School,High,D,2,4,4.202545864706609,0,0.7834420096345343,0.040502848429738,0.1034482758620689
2634,17,0,2,3,2.4582236508448996,3,0,1,0,0,1,0,2.618699894953416,2.0,Female,Asian,Bachelor,Low,C,1,4,2.614555912711225,0,0.654674973738354,0.1229995747635367,0.1034482758620689
2635,15,0,0,2,4.061411858401243,26,1,2,0,0,0,0,0.7716774917459892,4.0,Female,Caucasian,Some College,Moderate,A,0,4,4.015352964600311,1,0.1929193729364973,0.2032511241255484,0.896551724137931
2636,17,0,0,2,8.03903849230439,12,0,2,0,1,1,0,2.2748420474669953,3.0,Female,Caucasian,Some College,Moderate,B,2,4,6.009759623076098,0,0.5687105118667488,0.4023610593469952,0.4137931034482758
2637,15,1,2,4,16.914897566515265,15,0,1,1,0,0,0,1.53961940600191,4.0,Male,Asian,Higher,Low,A,1,5,6.228724391628816,1,0.3849048515004775,0.8466641294837307,0.5172413793103449
2638,15,1,0,2,6.92532101575861,24,0,1,0,1,0,1,1.128068364082897,4.0,Male,Caucasian,Some College,Low,A,2,3,5.731330253939652,1,0.2820170910207242,0.3466111775657522,0.8275862068965517
2639,15,0,1,0,13.092423870309258,13,1,1,0,0,0,0,1.5956273665141478,4.0,Female,African American,,Low,A,0,1,6.273105967577314,1,0.3989068416285369,0.6553207581501521,0.4482758620689655
2640,16,0,0,1,14.186285896069668,10,0,4,1,1,1,0,3.138498873000767,1.0,Female,Caucasian,High School,Very High,D,3,5,9.546571474017416,0,0.7846247182501918,0.7100767262528284,0.3448275862068966
2641,18,0,0,2,11.723647081766828,28,0,3,0,0,1,1,0.7988865726422566,4.0,Female,Caucasian,Some College,High,A,2,5,6.930911770441707,1,0.1997216431605641,0.5868032519125521,0.9655172413793104
2642,15,1,3,1,7.144839363402724,1,0,2,0,0,0,0,2.9728834414945147,2.0,Male,Other,High School,Moderate,C,0,3,1.786209840850681,0,0.7432208603736287,0.3575997111819526,0.0344827586206896
2643,15,0,0,3,11.541066834270886,21,0,3,1,1,0,1,1.556218796080208,4.0,Female,Caucasian,Bachelor,High,A,3,6,8.885266708567721,1,0.389054699020052,0.5776637462229596,0.7241379310344828
2644,16,0,3,2,6.845311855794924,13,0,0,0,0,1,0,1.8526717410372364,4.0,Female,Other,Some College,,A,1,2,3.7113279639487313,1,0.4631679352593091,0.3426061212536018,0.4482758620689655
2645,15,1,3,1,1.6774747710402416,23,0,2,1,0,0,0,0.9749683449255788,4.0,Male,Other,High School,Moderate,A,1,3,2.4193686927600604,1,0.2437420862313947,0.0839172593050899,0.7931034482758621
2646,17,1,2,2,19.85607956372029,23,1,1,1,0,0,0,1.391431871322012,4.0,Male,Asian,Some College,Low,A,1,3,9.964019890930071,1,0.347857967830503,0.9938922659675526,0.7931034482758621
2647,17,1,1,2,2.543649072650218,26,0,1,1,0,0,0,0.2364972221748906,4.0,Male,African American,Some College,Low,A,1,3,2.635912268162554,1,0.0591243055437226,0.1272757554530327,0.896551724137931
2648,18,0,1,3,1.446967676721147,6,0,3,1,1,0,0,2.629933233823926,2.0,Female,African American,Bachelor,High,C,2,6,4.361741919180287,0,0.6574833084559815,0.0723786568061113,0.2068965517241379
2649,15,1,2,3,17.57061498414312,25,0,1,0,0,0,1,0.5296032590122841,4.0,Male,Asian,Bachelor,Low,A,1,4,6.39265374603578,1,0.132400814753071,0.8794876859821298,0.8620689655172413
2650,16,1,0,2,6.036693217857902,10,0,3,0,1,0,1,2.3191191467631675,3.0,Male,Caucasian,Some College,High,B,2,5,5.5091733044644755,0,0.5797797866907919,0.3021287161482096,0.3448275862068966
2651,17,0,0,2,13.005939481470152,3,0,2,1,0,0,0,2.759021764954944,2.0,Female,Caucasian,Some College,Moderate,C,1,4,5.251484870367538,0,0.689755441238736,0.6509915682476491,0.1034482758620689
2652,16,1,1,2,6.580114593244657,6,0,0,0,0,0,0,2.09606565162715,3.0,Male,African American,Some College,,B,0,2,1.6450286483111642,0,0.5240164129067875,0.3293310166177818,0.2068965517241379
2653,16,0,0,2,7.829085415889423,28,0,3,0,1,0,0,0.745518983001618,4.0,Female,Caucasian,Some College,High,A,1,5,3.957271353972356,1,0.1863797457504045,0.3918513390308109,0.9655172413793104
2654,17,0,0,1,5.24225944033593,15,1,2,1,0,0,0,1.7946671055341392,4.0,Female,Caucasian,High School,Moderate,A,1,3,6.310564860083982,1,0.4486667763835348,0.2623613693007476,0.5172413793103449
2655,16,1,0,1,6.860880115860204,25,0,2,0,1,0,0,0.7012637128402552,4.0,Male,Caucasian,High School,Moderate,A,1,3,3.715220028965051,1,0.1753159282100638,0.343385429001264,0.8620689655172413
2656,17,1,1,2,8.214008011730861,5,0,1,0,0,0,0,2.4579014070477796,3.0,Male,African American,Some College,Low,B,0,3,2.0535020029327153,0,0.6144753517619449,0.4111195912267323,0.1724137931034483
2657,16,1,2,1,14.408321381846855,26,0,0,0,0,0,0,0.4291372796949342,4.0,Male,Asian,High School,,A,0,1,3.602080345461714,1,0.1072843199237335,0.721191261441511,0.896551724137931
2658,17,1,0,0,10.230723884695836,5,0,4,0,0,1,0,3.0168978681026624,1.0,Male,Caucasian,,Very High,D,1,4,4.5576809711739585,0,0.7542244670256656,0.512071290263424,0.1724137931034483
2659,15,1,3,2,18.87130434313954,1,0,2,0,0,0,0,3.6182727121672262,0.0,Male,Other,Some College,Moderate,F,0,4,4.717826085784885,0,0.9045681780418066,0.9445969075982548,0.0344827586206896
2660,18,1,1,0,0.8376078767755102,23,0,0,1,0,0,0,0.4258137609932144,4.0,Male,African American,,,A,1,0,2.2094019691938778,1,0.1064534402483036,0.0418756454727746,0.7931034482758621
2661,17,0,2,2,10.061366452640565,7,1,3,1,0,0,0,2.735960967147571,2.0,Female,Asian,Some College,High,C,1,5,7.515341613160142,0,0.6839902417868927,0.5035936852920629,0.2413793103448275
2662,17,0,1,2,11.684495776634362,29,0,1,1,0,0,1,0.2234305089365645,4.0,Female,African American,Some College,Low,A,2,3,6.921123944158591,1,0.0558576272341411,0.5848434365386513,1.0
2663,18,1,2,4,18.40393972148548,26,0,1,0,0,1,0,1.0117467565808471,4.0,Male,Asian,Higher,Low,A,1,5,6.60098493037137,1,0.2529366891452118,0.9212018159752332,0.896551724137931
2664,17,0,0,2,0.9831704724285516,6,1,1,0,0,0,0,2.573440474302304,2.0,Female,Caucasian,Some College,Low,C,0,3,3.2457926181071377,0,0.643360118575576,0.0491621410790006,0.2068965517241379
2665,17,1,2,0,11.46999169870432,26,0,2,0,0,0,1,0.2001455273690356,4.0,Male,Asian,,Moderate,A,1,2,4.86749792467608,1,0.0500363818422589,0.5741059045899886,0.896551724137931
2666,16,0,0,2,17.07259857055914,24,1,0,0,0,0,0,0.8026478062416247,4.0,Female,Caucasian,Some College,,A,0,2,7.268149642639785,1,0.2006619515604061,0.8545582431322813,0.8275862068965517
2667,18,0,2,3,4.838554562384731,23,0,2,0,0,0,1,0.539645751276114,4.0,Female,Asian,Bachelor,Moderate,A,1,5,3.2096386405961828,1,0.1349114378190285,0.2421529235375592,0.7931034482758621
2668,15,0,3,4,17.52584697047875,13,0,3,0,0,1,0,2.481595433779514,3.0,Female,Other,Higher,High,B,1,7,6.381461742619687,0,0.6203988584448785,0.8772467123762288,0.4482758620689655
2669,17,1,0,2,0.3808681854858364,8,0,1,0,0,0,1,1.6338115616970532,4.0,Male,Caucasian,Some College,Low,A,1,3,2.095217046371459,0,0.4084528904242633,0.0190124110076252,0.2758620689655172
2670,18,0,0,1,14.649092582674594,14,1,2,0,0,0,0,2.401469995162927,3.0,Female,Caucasian,High School,Moderate,B,0,3,6.662273145668649,0,0.6003674987907317,0.7332436591681822,0.4827586206896551
2671,16,1,2,3,18.66226442337306,24,1,2,1,0,1,0,1.2658914451513914,4.0,Male,Asian,Bachelor,Moderate,A,2,5,11.665566105843263,1,0.3164728612878478,0.934132897595748,0.8275862068965517
2672,15,0,0,1,13.143953232801245,21,0,2,0,1,0,0,1.2662863438742906,4.0,Female,Caucasian,High School,Moderate,A,1,3,5.285988308200311,1,0.3165715859685726,0.6579001877879999,0.7241379310344828
2673,18,0,2,2,8.78058487960896,17,0,4,1,0,0,0,1.6224646303185568,4.0,Female,Asian,Some College,Very High,A,1,6,4.19514621990224,1,0.4056161575796392,0.439480997121302,0.5862068965517241
2674,15,0,0,2,0.8976203294543605,11,0,2,0,0,0,0,1.8582963066751943,4.0,Female,Caucasian,Some College,Moderate,A,0,4,0.2244050823635901,1,0.4645740766687986,0.044879717163043,0.3793103448275862
2675,15,0,0,0,18.402276266452574,22,0,0,0,1,0,0,0.6404398092314469,4.0,Female,Caucasian,,,A,1,0,6.600569066613144,1,0.1601099523078617,0.921118547620928,0.7586206896551724
2676,15,0,3,1,9.405924453831496,18,0,2,0,0,1,0,1.3978971899557189,4.0,Female,Other,High School,Moderate,A,1,3,4.351481113457874,1,0.3494742974889297,0.4707839155635683,0.6206896551724138
2677,17,1,1,1,0.5799348867189602,12,0,1,0,0,0,0,1.4291805817178274,4.0,Male,African American,High School,Low,A,0,2,0.14498372167974,1,0.3572951454294568,0.0289771868992177,0.4137931034482758
2678,17,1,2,2,13.796421426575238,6,0,3,0,1,1,0,2.9346921024221513,2.0,Male,Asian,Some College,High,C,2,5,7.449105356643809,0,0.7336730256055378,0.6905610963531946,0.2068965517241379
2679,16,0,0,3,9.636745071525164,24,0,0,0,0,0,0,0.632826221112053,4.0,Female,Caucasian,Bachelor,,A,0,3,2.409186267881291,1,0.1582065552780132,0.4823382122501989,0.8275862068965517
2680,16,0,1,1,2.4869063488482146,9,0,1,1,1,0,1,2.5653473181422046,2.0,Female,African American,High School,Low,C,3,2,6.621726587212054,0,0.6413368295355512,0.1244353581255895,0.3103448275862069
2681,18,0,1,3,4.2854361862051915,29,1,2,0,1,0,0,0.3979893966925436,4.0,Female,African American,Bachelor,Moderate,A,1,5,6.071359046551298,1,0.0994973491731359,0.2144652157189823,1.0
2682,16,0,1,0,1.2898136091169254,9,1,1,0,0,0,0,2.0645643026074056,3.0,Female,African American,,Low,B,0,1,3.3224534022792316,0,0.5161410756518514,0.0645119214132626,0.3103448275862069
2683,15,1,1,2,11.485870794171472,1,0,2,0,1,0,0,3.121119482369849,1.0,Male,African American,Some College,Moderate,D,1,4,4.871467698542868,0,0.7802798705924623,0.5749007719721837,0.0344827586206896
2684,15,0,1,0,12.440589585040184,13,1,1,0,1,0,0,1.920609662813219,4.0,Female,African American,,Low,A,1,1,8.110147396260047,1,0.4801524157033047,0.6226915814424111,0.4482758620689655
2685,17,1,0,3,10.114845967108888,12,0,4,1,0,1,0,2.3299096451911727,3.0,Male,Caucasian,Bachelor,Very High,B,2,7,6.528711491777222,0,0.5824774112977932,0.5062707346085327,0.4137931034482758
2686,15,0,0,2,16.3420426600523,21,1,1,0,1,0,0,1.2720101075733885,4.0,Female,Caucasian,Some College,Low,A,1,3,9.085510665013077,1,0.3180025268933471,0.8179884608463244,0.7241379310344828
2687,18,1,2,2,17.220176426160272,28,0,4,0,0,0,0,1.06642462275961,4.0,Male,Asian,Some College,Very High,A,0,6,4.305044106540068,1,0.2666061556899025,0.8619456175576249,0.9655172413793104
2688,15,0,0,3,12.312487933662531,5,0,2,0,0,1,0,2.905384065736881,2.0,Female,Caucasian,Bachelor,Moderate,C,1,5,5.078121983415633,0,0.7263460164342203,0.6162791365713508,0.1724137931034483
2689,15,0,1,2,0.2551295941486109,8,1,3,1,0,1,1,2.5670318028330574,2.0,Female,African American,Some College,High,C,3,5,9.063782398537152,0,0.6417579507082644,0.0127182549491859,0.2758620689655172
2690,18,1,0,4,13.904593114954713,12,0,1,0,0,0,1,1.6943843846574218,4.0,Male,Caucasian,Higher,Low,A,1,5,5.476148278738679,1,0.4235960961643554,0.6959758976526562,0.4137931034482758
2691,16,0,1,2,8.359984338407031,8,1,3,1,0,1,0,2.801388938876275,2.0,Female,African American,Some College,High,C,2,5,9.089996084601758,0,0.7003472347190688,0.4184267971622064,0.2758620689655172
2692,16,0,2,3,11.31114966452774,12,1,2,0,0,0,1,1.813628891214413,4.0,Female,Asian,Bachelor,Moderate,A,1,5,7.827787416131935,1,0.4534072228036032,0.5661546738571265,0.4137931034482758
2693,18,0,0,2,12.981612040377687,4,1,2,1,0,0,0,3.3432781941994127,1.0,Female,Caucasian,Some College,Moderate,D,1,4,8.245403010094421,0,0.8358195485498532,0.6497737980379622,0.1379310344827586
2694,17,1,0,1,7.004732286541535,13,0,3,1,0,1,0,2.184691612286099,3.0,Male,Caucasian,High School,High,B,2,4,5.751183071635384,0,0.5461729030715248,0.3505863050567721,0.4482758620689655
2695,15,0,0,2,18.341970103435884,4,0,2,1,0,0,0,3.4922119973943024,1.0,Female,Caucasian,Some College,Moderate,D,1,4,6.585492525858971,0,0.8730529993485756,0.918099773533546,0.1379310344827586
2696,18,0,1,1,2.679497334995624,8,0,2,0,0,1,0,1.8136795536240535,4.0,Female,African American,High School,Moderate,A,1,3,2.669874333748906,0,0.4534198884060134,0.1340759760883711,0.2758620689655172
2697,15,1,2,2,13.430236145620748,7,1,0,0,0,1,1,2.7725493723030685,2.0,Male,Asian,Some College,,C,2,2,10.357559036405188,0,0.6931373430757671,0.6722307867790278,0.2413793103448275
2698,17,1,0,2,0.0871915991316085,6,0,1,0,1,0,0,2.4400060965135784,3.0,Male,Caucasian,Some College,Low,B,1,3,2.0217978997829023,0,0.6100015241283946,0.004311703408112,0.2068965517241379
2699,15,1,2,2,18.493022108103617,7,0,2,0,0,0,0,2.8684641563014504,2.0,Male,Asian,Some College,Moderate,C,0,4,4.623255527025904,0,0.7171160390753626,0.92566105507971,0.2413793103448275
2700,18,0,0,0,2.25008266476183,21,0,0,0,0,0,0,0.5166315139842032,4.0,Female,Caucasian,,,A,0,0,0.5625206661904575,1,0.1291578784960508,0.1125805631090262,0.7241379310344828
2701,15,0,0,1,1.8976846029514929,2,0,1,1,0,0,0,2.8914784699994827,2.0,Female,Caucasian,High School,Low,C,1,2,2.4744211507378733,0,0.7228696174998707,0.0949404068758688,0.0689655172413793
2702,16,0,3,2,6.660152661044885,22,0,1,0,0,0,0,0.7109569819873364,4.0,Female,Other,Some College,Low,A,0,3,1.6650381652612212,1,0.1777392454968341,0.3333375199831605,0.7586206896551724
2703,17,1,0,4,7.471325720781612,23,0,1,0,0,0,0,0.4244328946229094,4.0,Male,Caucasian,Higher,Low,A,0,5,1.867831430195403,1,0.1061082236557273,0.3739427929871464,0.7931034482758621
2704,17,0,0,1,4.286001446457572,14,1,2,1,1,1,0,2.248337588471201,3.0,Female,Caucasian,High School,Moderate,B,3,3,10.071500361614394,0,0.5620843971178002,0.214493511218433,0.4827586206896551
2705,17,0,0,2,11.702433218542494,7,0,2,0,1,1,0,2.7154909355151484,2.0,Female,Caucasian,Some College,Moderate,C,2,4,6.925608304635624,0,0.6788727338787871,0.5857413395408901,0.2413793103448275
2706,18,1,0,2,8.858281960839271,0,1,4,1,0,0,0,4.0,0.0,Male,Caucasian,Some College,Very High,F,1,6,7.214570490209818,0,1.0,0.4433703166161995,0.0
2707,17,1,0,2,0.6835117808217483,6,0,2,1,0,0,0,2.676389709344022,2.0,Male,Caucasian,Some College,Moderate,C,1,4,2.170877945205437,0,0.6690974273360055,0.0341619844112476,0.2068965517241379
2708,16,1,0,1,6.393041245106012,18,0,4,1,0,0,0,1.8547004421395892,4.0,Male,Caucasian,High School,Very High,A,1,5,3.598260311276503,1,0.4636751105348973,0.3199665976670282,0.6206896551724138
2709,18,1,1,2,16.20865827146341,1,0,3,1,0,0,0,3.5485205508668662,0.0,Male,African American,Some College,High,F,1,5,6.052164567865852,0,0.8871301377167166,0.8113115755034119,0.0344827586206896
2710,16,1,0,1,13.794030697237371,13,0,4,0,0,1,1,1.9523336493468064,4.0,Male,Caucasian,High School,Very High,A,2,5,7.448507674309343,1,0.4880834123367016,0.6904414224854822,0.4482758620689655
2711,15,0,1,4,14.49741707159761,17,0,3,0,0,0,0,1.8496433884510397,4.0,Female,African American,Higher,High,A,0,7,3.6243542678994025,1,0.4624108471127599,0.7256511664671809,0.5862068965517241
2712,15,1,0,1,13.962338481670471,29,1,3,0,0,0,0,0.8752010880422385,4.0,Male,Caucasian,High School,High,A,0,4,6.490584620417618,1,0.2188002720105596,0.6988664847500256,1.0
2713,15,0,0,1,6.219460427660666,14,0,2,0,0,1,0,1.7935557295101183,4.0,Female,Caucasian,High School,Moderate,A,1,3,3.5548651069151664,1,0.4483889323775296,0.3112775806983053,0.4827586206896551
2714,15,0,1,0,1.9932784415355176,13,0,1,0,1,1,0,1.8556669117535305,4.0,Female,African American,,Low,A,2,1,4.498319610383879,1,0.4639167279383826,0.0997255928070474,0.4482758620689655
2715,16,1,3,1,5.44934368066192,23,0,1,1,0,0,0,0.5511396527389846,4.0,Male,Other,High School,Low,A,1,2,3.36233592016548,1,0.1377849131847461,0.2727274829337485,0.7931034482758621
2716,18,1,0,2,16.635706003703184,24,1,4,0,1,0,0,1.580398635704129,4.0,Male,Caucasian,Some College,Very High,A,1,6,9.158926500925796,1,0.3950996589260322,0.8326885055495812,0.8275862068965517
2717,18,1,2,1,19.609415955661422,18,0,4,0,0,1,1,1.8741577780119305,4.0,Male,Asian,High School,Very High,A,2,5,8.902353988915355,1,0.4685394445029826,0.9815449092288696,0.6206896551724138
2718,17,0,1,0,9.876940294831227,29,0,3,1,0,0,1,0.5152393995715008,4.0,Female,African American,,High,A,2,3,6.469235073707807,1,0.1288098498928752,0.494361777998008,1.0
2719,16,1,1,2,0.1940070984608444,18,0,3,0,0,0,0,1.331229485851261,4.0,Male,African American,Some College,High,A,0,5,0.0485017746152111,1,0.3328073714628152,0.009658617311698,0.6206896551724138
2720,15,1,1,0,2.8008962426845807,21,1,4,0,1,0,1,1.621772736089614,4.0,Male,African American,,Very High,A,2,4,7.700224060671145,1,0.4054431840224035,0.1401528985526054,0.7241379310344828
2721,16,1,0,0,6.441611506325316,26,0,2,0,1,0,1,0.384375395876116,4.0,Male,Caucasian,,Moderate,A,2,2,5.610402876581329,1,0.096093848969029,0.3223979021747554,0.896551724137931
2722,17,1,0,3,11.571706971858994,25,0,3,1,0,0,0,1.3635615499322744,4.0,Male,Caucasian,Bachelor,High,A,1,6,4.8929267429647485,1,0.3408903874830686,0.5791975140628932,0.8620689655172413
2723,17,1,1,2,1.5018729161062794,16,0,2,1,0,0,0,1.479668777301296,4.0,Male,African American,Some College,Moderate,A,1,4,2.37546822902657,1,0.369917194325324,0.0751270743081743,0.5517241379310345
2724,16,0,0,3,18.867145974197634,21,1,2,1,0,0,0,1.5812038761627714,4.0,Female,Caucasian,Bachelor,Moderate,A,1,5,9.716786493549408,1,0.3953009690406928,0.9443887501599492,0.7241379310344828
2725,16,0,3,3,7.3016734656880145,27,0,0,0,0,0,0,0.0,4.0,Female,Other,Bachelor,,A,0,3,1.8254183664220036,1,0.0,0.3654504299196979,0.9310344827586208
2726,16,0,0,2,18.251684358496465,18,1,2,1,0,0,0,1.886578592822845,4.0,Female,Caucasian,Some College,Moderate,A,1,4,9.562921089624115,1,0.4716446482057112,0.9135802973531818,0.6206896551724138
2727,18,1,0,0,15.610436055140436,26,0,3,0,0,0,0,0.863545351686935,4.0,Male,Caucasian,,High,A,0,3,3.902609013785109,1,0.2158863379217337,0.7813660834542459,0.896551724137931
2728,15,1,2,2,15.108745450311623,15,0,2,0,0,0,0,1.4887052948653967,4.0,Male,Asian,Some College,Moderate,A,0,4,3.777186362577906,1,0.3721763237163492,0.7562527198777727,0.5172413793103449
2729,16,1,0,3,12.13439159564464,19,0,3,0,0,0,1,1.4729004934270762,4.0,Male,Caucasian,Bachelor,High,A,1,6,5.03359789891116,1,0.368225123356769,0.6073640840564489,0.6551724137931034
2730,16,0,1,2,12.535676341036892,24,1,2,0,0,1,0,1.3440857175872982,4.0,Female,African American,Some College,Moderate,A,1,4,8.133919085259222,1,0.3360214293968245,0.6274513841009989,0.8275862068965517
2731,16,1,1,2,12.760064704324964,18,0,1,0,0,0,0,1.364736910668082,4.0,Male,African American,Some College,Low,A,0,3,3.190016176081241,1,0.3411842276670205,0.6386836983906117,0.6206896551724138
2732,17,1,3,1,12.57442774051164,0,1,3,1,0,0,0,3.8302053754229743,0.0,Male,Other,High School,High,F,1,4,8.14360693512791,0,0.9575513438557436,0.6293911812084981,0.0
2733,17,1,2,3,11.074564627967224,18,0,3,0,0,0,0,1.597365745031795,4.0,Male,Asian,Bachelor,High,A,0,6,2.768641156991806,1,0.3993414362579487,0.5543118249324893,0.6206896551724138
2734,18,0,1,2,19.728280369657774,6,1,1,0,1,1,0,3.320316974439931,1.0,Female,African American,Some College,Low,D,2,3,11.932070092414444,0,0.8300792436099828,0.9874949613451802,0.2068965517241379
2735,15,1,1,4,14.645811348513922,28,0,2,0,0,0,0,0.6487053948776081,4.0,Male,African American,Higher,Moderate,A,0,6,3.661452837128481,1,0.162176348719402,0.7330794088799302,0.9655172413793104
2736,18,0,3,1,15.538927767850424,22,0,2,0,0,0,0,1.0182646498699195,4.0,Female,Other,High School,Moderate,A,0,3,3.884731941962606,1,0.2545661624674799,0.7777865593408578,0.7586206896551724
2737,15,1,0,1,17.449256301673483,10,0,4,0,0,0,1,2.440769899927139,3.0,Male,Caucasian,High School,Very High,B,1,5,6.362314075418371,0,0.6101924749817847,0.8734127770906991,0.3448275862068966
2738,17,0,0,1,4.312795254516983,4,0,3,1,1,0,0,3.1525193708574304,1.0,Female,Caucasian,High School,High,D,2,4,5.078198813629246,0,0.7881298427143576,0.215834741524358,0.1379310344827586
2739,17,0,0,2,1.6760831819012156,29,0,1,1,0,0,0,0.2170420107058955,4.0,Female,Caucasian,Some College,Low,A,1,3,2.419020795475304,1,0.0542605026764738,0.0838475998702489,1.0
2740,17,0,0,1,9.657888731971973,16,0,2,1,1,0,0,1.8116223809515473,4.0,Female,Caucasian,High School,Moderate,A,2,3,6.414472182992993,1,0.4529055952378868,0.4833966104482664,0.5517241379310345
2741,18,1,1,0,10.281613912385463,10,0,3,1,0,0,0,2.777966932491008,2.0,Male,African American,,High,C,1,3,4.570403478096366,0,0.694491733122752,0.514618716417084,0.3448275862068966
2742,16,1,1,4,16.583635598998356,23,0,3,0,0,0,1,1.223828264622006,4.0,Male,African American,Higher,High,A,1,7,6.145908899749589,1,0.3059570661555015,0.8300819927061273,0.7931034482758621
2743,16,0,1,0,8.875671585646714,25,0,3,1,0,0,0,1.101939932271634,4.0,Female,African American,,High,A,1,3,4.2189178964116785,1,0.2754849830679085,0.444240797279071,0.8620689655172413
2744,17,0,0,3,11.417060510886255,7,0,1,0,0,0,0,2.060172050067505,3.0,Female,Caucasian,Bachelor,Low,B,0,4,2.854265127721564,0,0.5150430125168762,0.5714563031196497,0.2413793103448275
2745,16,1,2,1,10.541418770269166,9,0,3,0,0,0,0,2.524422658415435,2.0,Male,Asian,High School,High,C,0,4,2.6353546925672915,0,0.6311056646038588,0.5276238909054396,0.3103448275862069
2746,16,1,0,3,0.7640556751478211,11,0,3,0,0,0,0,1.9665140417865183,4.0,Male,Caucasian,Bachelor,High,A,0,6,0.1910139187869552,1,0.4916285104466296,0.0381938081739547,0.3793103448275862
2747,18,0,1,2,12.30429793193828,9,0,3,0,0,0,0,2.8415190017676264,2.0,Female,African American,Some College,High,C,0,5,3.07607448298457,0,0.7103797504419066,0.6158691657865416,0.3103448275862069
2748,15,1,1,3,16.560865715485043,12,0,2,0,0,0,0,2.200020267296471,3.0,Male,African American,Bachelor,Moderate,B,0,5,4.140216428871261,0,0.5500050668241178,0.8289421898918831,0.4137931034482758
2749,17,1,0,3,3.1500109615160765,25,1,3,0,0,0,0,0.9252693613945324,4.0,Male,Caucasian,Bachelor,High,A,0,6,3.7875027403790194,1,0.2313173403486331,0.1576286989354035,0.8620689655172413
2750,17,1,0,0,11.886634678531916,17,1,3,0,0,1,0,1.842584134756634,4.0,Male,Caucasian,,High,A,1,3,7.971658669632979,1,0.4606460336891585,0.5949619990300389,0.5862068965517241
2751,18,1,0,0,11.872210888928286,9,0,3,1,0,0,0,2.6696408286087285,2.0,Male,Caucasian,,High,C,1,3,4.968052722232072,0,0.6674102071521821,0.5942399805808593,0.3103448275862069
2752,18,0,2,1,3.283699281127175,18,0,2,0,0,0,0,1.3276664298868446,4.0,Female,Asian,High School,Moderate,A,0,3,0.8209248202817937,1,0.3319166074717111,0.1643207982970547,0.6206896551724138
2753,16,1,3,2,2.4692714746147204,19,0,1,0,0,0,1,0.7547506714781123,4.0,Male,Other,Some College,Low,A,1,3,2.61731786865368,1,0.188687667869528,0.1235526008963561,0.6551724137931034
2754,17,1,1,3,19.601038859529694,16,0,2,1,0,0,1,1.845656783786327,4.0,Male,African American,Bachelor,Moderate,A,2,5,8.900259714882424,1,0.4614141959465817,0.9811255729709324,0.5517241379310345
2755,15,0,0,2,7.874383393060751,19,0,2,0,0,0,0,1.537989779203268,4.0,Female,Caucasian,Some College,Moderate,A,0,4,1.9685958482651875,1,0.384497444800817,0.3941188412703047,0.6551724137931034
2756,18,0,0,2,4.548434574470585,15,0,2,1,0,0,0,1.58092662695241,4.0,Female,Caucasian,Some College,Moderate,A,1,4,3.1371086436176463,1,0.3952316567381025,0.2276302502660993,0.5172413793103449
2757,15,1,2,1,3.426490889087499,4,0,2,1,0,0,0,2.883799714630056,2.0,Male,Asian,High School,Moderate,C,1,3,2.856622722271875,0,0.720949928657514,0.1714685852634868,0.1379310344827586
2758,15,1,2,3,13.3520342716647,2,0,2,0,0,1,0,3.054990810980984,1.0,Male,Asian,Bachelor,Moderate,D,1,5,5.338008567916175,0,0.763747702745246,0.6683161986362223,0.0689655172413793
2759,17,1,0,4,12.188905946545576,29,0,3,0,0,0,0,0.3280857038991219,4.0,Male,Caucasian,Higher,High,A,0,7,3.047226486636394,1,0.0820214259747804,0.6100929346690247,1.0
2760,17,1,0,1,12.871042459748349,26,0,1,0,1,0,0,0.6115693055183088,4.0,Male,Caucasian,High School,Low,A,1,2,5.217760614937087,1,0.1528923263795772,0.6442389643135192,0.896551724137931
2761,18,0,2,2,1.7601205502290451,14,0,2,0,0,0,0,1.5674124377048069,4.0,Female,Asian,Some College,Moderate,A,0,4,0.4400301375572613,1,0.3918531094262017,0.0880542981111835,0.4827586206896551
2762,17,0,0,0,17.87069166996874,25,0,3,0,0,0,0,1.2197472447014093,4.0,Female,Caucasian,,High,A,0,3,4.467672917492185,1,0.3049368111753523,0.8945087663839311,0.8620689655172413
2763,17,0,0,2,7.785327936180966,1,0,2,0,1,0,1,3.0213988805197203,1.0,Female,Caucasian,Some College,Moderate,D,2,4,5.9463319840452415,0,0.7553497201299301,0.3896609502004607,0.0344827586206896
2764,17,1,0,2,6.267388128607159,12,1,2,0,0,0,1,2.262147696008476,3.0,Male,Caucasian,Some College,Moderate,B,1,4,6.56684703215179,0,0.565536924002119,0.3136767202629469,0.4137931034482758
2765,15,1,1,1,9.247228944954784,21,1,2,0,1,0,0,1.4550854526151875,4.0,Male,African American,High School,Moderate,A,1,3,7.311807236238696,1,0.3637713631537969,0.462840019516852,0.7241379310344828
2766,18,1,2,2,7.801321314952565,7,0,2,0,0,1,0,2.448840530622927,3.0,Male,Asian,Some College,Moderate,B,1,4,3.9503303287381417,0,0.6122101326557318,0.3904615383160075,0.2413793103448275
2767,16,1,3,1,17.27154006278292,22,0,1,1,0,0,0,1.2800415789704742,4.0,Male,Other,High School,Low,A,1,2,6.31788501569573,1,0.3200103947426185,0.8645167513773513,0.7586206896551724
2768,15,0,1,2,18.58521950395784,26,0,2,0,0,0,0,1.0433801278881183,4.0,Female,African American,Some College,Moderate,A,0,4,4.64630487598946,1,0.2608450319720296,0.9302762236728735,0.896551724137931
2769,17,0,1,2,6.069064328992124,29,0,4,1,1,1,1,1.035181530409912,4.0,Female,African American,Some College,Very High,A,4,6,9.517266082248032,1,0.258795382602478,0.3037491321485562,1.0
2770,15,1,0,0,17.278716149199095,16,0,2,0,0,0,1,1.5730510214028783,4.0,Male,Caucasian,,Moderate,A,1,2,6.319679037299774,1,0.3932627553507196,0.8648759681246674,0.5517241379310345
2771,17,0,1,2,15.630462590661342,3,0,0,1,0,0,0,2.898151345753362,2.0,Female,African American,Some College,,C,1,2,5.907615647665335,0,0.7245378364383405,0.7823685612022302,0.1034482758620689
2772,17,1,0,2,18.616153446895236,18,0,3,0,0,0,0,1.8209201086118587,4.0,Male,Caucasian,Some College,High,A,0,5,4.654038361723809,1,0.4552300271529647,0.9318246986659536,0.6206896551724138
2773,15,1,1,1,4.915006243717757,21,0,2,0,0,0,0,0.7287945170807484,4.0,Male,African American,High School,Moderate,A,0,3,1.2287515609294393,1,0.1821986292701871,0.2459799014615411,0.7241379310344828
2774,18,0,0,0,11.539183002419582,24,1,1,0,0,0,0,0.9023572553597988,4.0,Female,Caucasian,,Low,A,0,1,5.884795750604896,1,0.2255893138399497,0.5775694463621621,0.8275862068965517
2775,17,1,0,2,5.490891694808893,8,1,3,0,0,0,1,2.421061773387504,3.0,Male,Caucasian,Some College,High,B,1,5,6.372722923702224,0,0.605265443346876,0.2748072715028595,0.2758620689655172
2776,18,1,0,4,16.481889809687484,22,0,1,0,0,1,0,1.2212994205081906,4.0,Male,Caucasian,Higher,Low,A,1,5,6.120472452421871,1,0.3053248551270476,0.8249888556715776,0.7586206896551724
2777,16,0,0,1,0.1064838114212851,14,0,4,0,0,0,0,1.9961073864422312,4.0,Female,Caucasian,High School,Very High,A,0,5,0.0266209528553212,1,0.4990268466105578,0.0052774227912575,0.4827586206896551
2778,17,1,0,1,11.29638325772792,27,0,2,0,1,0,0,0.622706295394981,4.0,Male,Caucasian,High School,Moderate,A,1,3,4.824095814431979,1,0.1556765738487452,0.5654155048571239,0.9310344827586208
2779,18,1,0,1,6.78406862543836,8,1,3,0,0,1,0,2.9026025126837935,2.0,Male,Caucasian,High School,High,C,1,4,6.69601715635959,0,0.7256506281709484,0.3395404399437696,0.2758620689655172
2780,18,0,3,2,6.453674141556405,23,1,2,0,1,0,0,1.3486070016063347,4.0,Female,Other,Some College,Moderate,A,1,4,6.613418535389101,1,0.3371517504015837,0.3230017272042316,0.7931034482758621
2781,16,1,0,1,12.89812647729834,20,1,1,0,0,1,0,1.35114105198072,4.0,Male,Caucasian,High School,Low,A,1,2,8.224531619324585,1,0.33778526299518,0.6455947217729929,0.6896551724137931
2782,18,0,1,1,17.02968898627988,8,0,3,0,0,0,0,2.7455540828498273,2.0,Female,African American,High School,High,C,0,4,4.25742224656997,0,0.6863885207124568,0.8524102978039289,0.2758620689655172
2783,18,1,2,2,12.183907827866523,13,1,4,1,0,1,0,2.9932144641445677,2.0,Male,Asian,Some College,Very High,C,2,6,10.04597695696663,0,0.7483036160361419,0.6098427414814759,0.4482758620689655
2784,16,0,3,2,17.06345957293445,22,0,3,0,0,0,0,1.5892697074168551,4.0,Female,Other,Some College,High,A,0,5,4.265864893233612,1,0.3973174268542138,0.8541007680114312,0.7586206896551724
2785,17,0,1,1,5.291942237620599,20,1,3,1,0,1,0,1.653099762097065,4.0,Female,African American,High School,High,A,2,4,8.32298555940515,1,0.4132749405242663,0.2648483645517986,0.6896551724137931
2786,18,0,2,2,10.390037095299622,15,1,4,0,1,0,1,2.136285525349759,3.0,Female,Asian,Some College,Very High,B,2,6,9.597509273824905,0,0.5340713813374397,0.5200461068972602,0.5172413793103449
2787,18,1,0,2,9.01073078134152,23,0,1,0,0,0,0,0.7370487522929228,4.0,Male,Caucasian,Some College,Low,A,0,3,2.25268269533538,1,0.1842621880732307,0.4510015192323694,0.7931034482758621
2788,18,0,0,0,0.2328979900619243,22,0,0,0,0,0,0,0.3527519592274268,4.0,Female,Caucasian,,,A,0,0,0.058224497515481,1,0.0881879898068567,0.0116053970424534,0.7586206896551724
2789,15,0,0,0,11.136242862814802,24,1,0,0,0,0,0,0.6901567908276482,4.0,Female,Caucasian,,,A,0,0,5.784060715703701,1,0.172539197706912,0.5573992814676,0.8275862068965517
2790,16,0,1,3,13.230486482923498,25,0,3,1,0,0,0,0.9430459197705604,4.0,Female,African American,Bachelor,High,A,1,6,5.307621620730874,1,0.2357614799426401,0.6622318235628327,0.8620689655172413
2791,15,0,1,0,11.8382880883814,16,0,3,0,0,0,0,1.8819787410279112,4.0,Female,African American,,High,A,0,3,2.95957202209535,1,0.4704946852569778,0.5925418909306517,0.5517241379310345
2792,16,0,0,2,14.72559797566843,12,0,3,1,1,0,0,2.4740395368096815,3.0,Female,Caucasian,Some College,High,B,2,5,7.681399493917107,0,0.6185098842024204,0.7370733257621396,0.4137931034482758
2793,17,1,0,3,11.42679056906154,8,0,4,0,0,0,1,2.5077426742068285,2.0,Male,Caucasian,Bachelor,Very High,C,1,7,4.8566976422653845,0,0.6269356685517071,0.5719433652376646,0.2758620689655172
2794,17,1,1,1,1.3350050970151384,14,0,3,0,0,0,0,1.563591912280606,4.0,Male,African American,High School,High,A,0,4,0.3337512742537846,1,0.3908979780701515,0.0667740930689125,0.4827586206896551
2795,18,1,0,1,2.3289104816942285,6,0,2,0,0,0,0,2.4556437547462835,3.0,Male,Caucasian,High School,Moderate,B,0,3,0.5822276204235571,0,0.6139109386865709,0.1165264843750593,0.2068965517241379
2796,16,1,1,2,11.929491550879048,0,0,1,0,0,0,0,2.7366048752761047,2.0,Male,African American,Some College,Low,C,0,3,2.982372887719762,0,0.6841512188190262,0.5971073057323066,0.0
2797,17,1,1,3,5.499583839472804,0,0,4,0,1,0,0,3.2620199899463747,1.0,Male,African American,Bachelor,Very High,D,1,7,3.374895959868201,0,0.8155049974865937,0.2752423782939834,0.0
2798,16,1,2,3,1.5929025806953168,4,0,1,0,0,1,1,2.28387095613807,3.0,Male,Asian,Bachelor,Low,B,2,4,4.398225645173829,0,0.5709677390345175,0.0796837892258256,0.1379310344827586
2799,17,1,2,2,8.592054868970935,23,0,2,0,0,0,0,1.1544100089135072,4.0,Male,Asian,Some College,Moderate,A,0,4,2.148013717242734,1,0.2886025022283768,0.4300436613277713,0.7931034482758621
2800,15,0,2,0,11.086451961673108,8,0,2,1,1,0,0,2.7890998282690926,2.0,Female,Asian,,Moderate,C,2,2,6.7716129904182765,0,0.6972749570672732,0.5549068748107158,0.2758620689655172
2801,17,1,0,2,6.5749197669921315,11,0,1,0,0,0,0,1.5386892509239083,4.0,Male,Caucasian,Some College,Low,A,0,3,1.6437299417480329,1,0.3846723127309771,0.329070976746314,0.3793103448275862
2802,15,0,2,2,14.40867404451556,5,0,3,1,0,0,0,3.0560700900603366,1.0,Female,Asian,Some College,High,D,1,5,5.60216851112889,0,0.7640175225150841,0.7212089148432965,0.1724137931034483
2803,17,0,1,2,12.875412162024894,27,1,1,0,0,0,0,0.7408967018564105,4.0,Female,African American,Some College,Low,A,0,3,6.2188530405062235,1,0.1852241754641026,0.6444577005643789,0.9310344827586208
2804,18,1,0,0,6.656367221833439,12,0,4,0,0,0,0,2.499681179530751,3.0,Male,Caucasian,,Very High,B,0,4,1.6640918054583598,0,0.6249202948826877,0.3331480304645236,0.4137931034482758
2805,15,0,0,1,15.097450578171212,25,1,2,1,0,0,0,0.8952499802854423,4.0,Female,Caucasian,High School,Moderate,A,1,3,8.774362644542803,1,0.2238124950713605,0.7556873271279747,0.8620689655172413
2806,17,0,0,2,12.973900850660709,27,0,3,1,0,1,0,0.7742848136453381,4.0,Female,Caucasian,Some College,High,A,2,5,7.243475212665177,1,0.1935712034113345,0.6493877953719651,0.9310344827586208
2807,18,0,0,2,12.74890757435804,7,1,3,0,1,0,0,3.0148025336099797,1.0,Female,Caucasian,Some College,High,D,1,5,8.18722689358951,0,0.7537006334024949,0.6381252006658537,0.2413793103448275
2808,15,0,1,1,11.06855401574136,14,0,3,0,0,0,0,1.821442173929074,4.0,Female,African American,High School,High,A,0,4,2.76713850393534,1,0.4553605434822685,0.5540109488772226,0.4827586206896551
2809,18,1,2,1,0.2277933617710559,5,0,4,0,0,0,0,2.543009095435074,2.0,Male,Asian,High School,Very High,C,0,5,0.0569483404427639,0,0.6357522738587685,0.0113498722529567,0.1724137931034483
2810,16,1,0,3,13.930143669537784,26,0,1,1,0,0,0,0.645454380244234,4.0,Male,Caucasian,Bachelor,Low,A,1,4,5.482535917384446,1,0.1613635950610585,0.6972548938320727,0.896551724137931
2811,16,1,0,2,7.5208358221831295,5,0,0,0,0,0,0,2.631367841368872,2.0,Male,Caucasian,Some College,,C,0,2,1.8802089555457824,0,0.657841960342218,0.3764211435188025,0.1724137931034483
2812,15,1,3,1,18.852194203173113,3,0,0,1,0,0,0,2.7124204664131986,2.0,Male,Other,High School,,C,1,1,6.713048550793278,0,0.6781051166032996,0.9436403022953952,0.1034482758620689
2813,17,1,0,1,16.359695421544107,10,0,3,0,1,0,0,2.672755461068081,2.0,Male,Caucasian,High School,High,C,1,4,6.089923855386027,0,0.6681888652670203,0.818872113466496,0.3448275862068966
2814,15,1,0,1,11.753889390626243,20,0,4,0,0,1,0,1.7148117851610198,4.0,Male,Caucasian,High School,Very High,A,1,5,4.938472347656561,1,0.4287029462902549,0.5883171054519016,0.6896551724137931
2815,18,1,1,3,5.043639636385389,29,1,2,1,0,0,0,0.2109791787447653,4.0,Male,African American,Bachelor,Moderate,A,1,5,6.260909909096347,1,0.0527447946861913,0.2524189639575186,1.0
2816,17,1,1,2,4.074347865553332,17,0,3,1,0,0,0,1.859071573097468,4.0,Male,African American,Some College,High,A,1,5,3.018586966388333,1,0.464767893274367,0.2038986679458061,0.5862068965517241
2817,16,1,0,2,6.8076967535509825,2,0,0,0,1,0,0,2.6728667073501415,2.0,Male,Caucasian,Some College,,C,1,2,3.7019241883877454,0,0.6682166768375354,0.3407232043133081,0.0689655172413793
2818,17,1,0,2,9.531358871600371,2,0,1,1,0,0,0,2.7192011567406125,2.0,Male,Caucasian,Some College,Low,C,1,3,4.382839717900093,0,0.6798002891851531,0.4770628454620221,0.0689655172413793
2819,16,0,0,1,5.921310200778942,29,0,3,1,0,0,0,0.7369928855488138,4.0,Female,Caucasian,High School,High,A,1,4,3.4803275501947355,1,0.1842482213872034,0.2963529339618099,1.0
2820,17,1,1,3,10.298589907849657,11,1,0,1,0,0,0,2.2952134775005772,3.0,Male,African American,Bachelor,,B,1,3,7.574647476962414,0,0.5738033693751443,0.515468491840545,0.3793103448275862
2821,17,0,1,2,3.3074085102637185,26,1,2,1,1,0,0,0.84069094147179,4.0,Female,African American,Some College,Moderate,A,2,4,7.82685212756593,1,0.2101727353679475,0.1655076223788552,0.896551724137931
2822,17,0,0,1,19.55425625651,20,1,3,0,1,0,0,2.131628504443662,3.0,Female,Caucasian,High School,High,B,1,4,9.8885640641275,0,0.5329071261109155,0.9787837541140928,0.6896551724137931
2823,18,0,1,1,2.158491099299878,29,1,3,1,1,1,1,0.9922965742511932,4.0,Female,African American,High School,High,A,4,4,11.53962277482497,1,0.2480741435627983,0.107995720853969,1.0
2824,18,0,2,2,18.63888279308744,20,0,2,1,1,0,0,1.451872243083537,4.0,Female,Asian,Some College,Moderate,A,2,4,8.65972069827186,1,0.3629680607708842,0.9329624722843676,0.6896551724137931
2825,15,1,0,3,18.271560228053897,5,0,3,0,0,1,1,2.860396826235563,2.0,Male,Caucasian,Bachelor,High,C,2,6,8.567890057013475,0,0.7150992065588907,0.9145752331438662,0.1724137931034483
2826,15,0,0,1,10.50720963638996,20,0,2,0,0,0,0,1.1825650544782942,4.0,Female,Caucasian,High School,Moderate,A,0,3,2.62680240909749,1,0.2956412636195735,0.5259114681323684,0.6896551724137931
2827,16,1,1,3,14.498205436721689,27,1,0,0,0,0,0,0.1306542378736745,4.0,Male,African American,Bachelor,,A,0,3,6.624551359180423,1,0.0326635594684186,0.7256906300325765,0.9310344827586208
2828,18,1,0,2,8.720965959451757,5,1,3,1,0,0,0,3.3627162150851144,1.0,Male,Caucasian,Some College,High,D,1,5,7.180241489862939,0,0.8406790537712786,0.4364966246743525,0.1724137931034483
2829,16,0,0,1,12.600691550848763,7,0,1,1,0,0,1,2.251847104187132,3.0,Female,Caucasian,High School,Low,B,2,2,7.150172887712191,0,0.562961776046783,0.6307058811680973,0.2413793103448275
2830,15,1,1,0,6.811518748422374,14,0,0,0,1,0,0,1.6884763841942343,4.0,Male,African American,,,A,1,0,3.7028796871055936,1,0.4221190960485586,0.3409145237158818,0.4827586206896551
2831,16,0,2,1,6.023180395708907,17,1,2,0,0,0,1,1.8154017176022972,4.0,Female,Asian,High School,Moderate,A,1,3,6.505795098927226,1,0.4538504294005743,0.3014522984271967,0.5862068965517241
2832,15,0,2,2,11.564595723390276,19,0,3,0,0,0,0,1.4948695594196215,4.0,Female,Asian,Some College,High,A,0,5,2.891148930847569,1,0.3737173898549054,0.578841542939339,0.6551724137931034
2833,18,1,1,1,9.962593483679608,28,1,1,0,1,0,0,0.0,4.0,Male,African American,High School,Low,A,1,2,7.490648370919902,1,0.0,0.498649360129963,0.9655172413793104
2834,17,1,2,1,11.59072738299962,15,0,0,0,0,0,1,1.5717864335294334,4.0,Male,Asian,High School,,A,1,1,4.897681845749905,1,0.3929466083823583,0.5801496277675371,0.5172413793103449
2835,18,0,0,2,5.733211625740459,5,0,1,0,0,0,1,2.2346855491679,3.0,Female,Caucasian,Some College,Low,B,1,3,3.433302906435115,0,0.558671387291975,0.2869371947438714,0.1724137931034483
2836,16,1,1,2,7.339156636339905,27,0,2,1,0,0,0,0.5086565007104289,4.0,Male,African American,Some College,Moderate,A,1,4,3.834789159084976,1,0.1271641251776072,0.3673267426979711,0.9310344827586208
2837,16,1,0,1,1.677959212578186,20,0,2,0,0,0,0,0.7016799102374711,4.0,Male,Caucasian,High School,Moderate,A,0,3,0.4194898031445465,1,0.1754199775593677,0.0839415092239778,0.6896551724137931
2838,18,1,0,2,1.0455274454441144,16,0,1,1,1,0,0,1.817789572439356,4.0,Male,Caucasian,Some College,Low,A,2,3,4.261381861361029,1,0.454447393109839,0.0522835735311839,0.5517241379310345
2839,18,0,2,2,5.069142593460326,8,0,3,0,0,0,0,2.3375584621180696,3.0,Female,Asian,Some College,High,B,0,5,1.2672856483650814,0,0.5843896155295174,0.253695577525988,0.2758620689655172
2840,15,0,1,2,1.4849371866109151,18,1,3,1,1,0,0,1.763324115898465,4.0,Female,African American,Some College,High,A,2,5,7.371234296652728,1,0.4408310289746162,0.0742793144973343,0.6206896551724138
2841,16,1,0,3,2.075494172694814,17,0,3,0,0,0,0,1.580149839040757,4.0,Male,Caucasian,Bachelor,High,A,0,6,0.5188735431737035,1,0.3950374597601892,0.1038411044957973,0.5862068965517241
2842,16,1,3,1,16.25856810787874,24,1,2,1,0,0,0,1.513660412883276,4.0,Male,Other,High School,Moderate,A,1,3,9.064642026969686,1,0.378415103220819,0.8138099357594669,0.8275862068965517
2843,18,1,0,3,0.777473940333786,22,0,2,0,0,1,0,0.5468398683049477,4.0,Male,Caucasian,Bachelor,Moderate,A,1,5,2.1943684850834466,1,0.1367099670762369,0.0388654926124059,0.7586206896551724
2844,17,1,0,2,13.178855878694854,4,1,2,0,0,0,0,3.112170722339197,1.0,Male,Caucasian,Some College,Moderate,D,0,4,6.2947139696737135,0,0.7780426805847992,0.6596473260195523,0.1379310344827586
2845,16,1,0,2,5.45115497630801,27,0,2,0,0,0,0,0.3075940597283189,4.0,Male,Caucasian,Some College,Moderate,A,0,4,1.3627887440770026,1,0.0768985149320797,0.2728181518154594,0.9310344827586208
2846,17,0,2,2,17.430913614162527,5,0,0,0,0,0,0,2.228511429722963,3.0,Female,Asian,Some College,,B,0,2,4.357728403540632,0,0.5571278574307408,0.8724945885179044,0.1724137931034483
2847,18,1,2,2,9.69984569154999,11,0,3,1,0,0,1,2.5064154144606747,2.0,Male,Asian,Some College,High,C,2,5,6.424961422887497,0,0.6266038536151687,0.4854968697919822,0.3793103448275862
2848,18,0,0,1,6.111529186556515,10,0,2,0,0,0,0,1.9775380444250976,4.0,Female,Caucasian,High School,Moderate,A,0,3,1.5278822966391288,0,0.4943845111062744,0.3058748155816784,0.3448275862068966
2849,15,1,1,2,10.352778713788693,15,1,1,1,0,0,0,2.340811012860678,3.0,Male,African American,Some College,Low,B,1,3,7.588194678447174,0,0.5852027532151695,0.5181810464951938,0.5172413793103449
2850,16,0,0,2,7.639160380905377,19,0,1,0,0,0,1,1.261128239702075,4.0,Female,Caucasian,Some College,Low,A,1,3,3.909790095226344,1,0.3152820599255188,0.3823441718446598,0.6551724137931034
2851,17,1,2,2,11.286021293396605,16,0,1,1,0,1,0,1.783001895562732,4.0,Male,Asian,Some College,Low,A,2,3,6.821505323349151,1,0.445750473890683,0.5648968111141794,0.5517241379310345
2852,15,0,0,1,2.2906573665269647,19,1,4,0,0,0,0,1.501240091930044,4.0,Female,Caucasian,High School,Very High,A,0,5,3.572664341631741,1,0.375310022982511,0.1146116301205013,0.6551724137931034
2853,16,1,0,3,19.939810056251023,8,0,1,0,1,0,1,2.2392539847060284,3.0,Male,Caucasian,Bachelor,Low,B,2,4,8.984952514062755,0,0.5598134961765071,0.9980836027817612,0.2758620689655172
2854,15,0,3,2,8.511117553934351,0,1,3,0,1,0,0,3.823801327886915,0.0,Female,Other,Some College,High,F,1,5,7.127779388483588,0,0.9559503319717289,0.4259921439187281,0.0
2855,18,0,0,0,6.964612794147373,25,0,2,1,1,0,1,0.895261805081618,4.0,Female,Caucasian,,Moderate,A,3,2,7.741153198536844,1,0.2238154512704045,0.3485780246757952,0.8620689655172413
2856,16,0,0,2,14.204196966325298,2,1,3,0,1,0,0,3.5326403833692965,0.0,Female,Caucasian,Some College,High,F,1,5,8.551049241581325,0,0.8831600958423241,0.7109733091568013,0.0689655172413793
2857,15,0,1,2,7.27798812990665,20,0,2,0,0,0,0,1.022641733675116,4.0,Female,African American,Some College,Moderate,A,0,4,1.8194970324766624,1,0.255660433418779,0.3642648018788634,0.6896551724137931
2858,15,0,3,2,16.66548610057515,22,1,4,0,0,0,0,1.960538709128941,4.0,Female,Other,Some College,Very High,A,0,6,7.166371525143788,1,0.4901346772822352,0.8341792219251519,0.7586206896551724
2859,17,0,0,2,9.085414487208505,8,0,1,0,1,1,0,2.7454918014149503,2.0,Female,Caucasian,Some College,Low,C,2,3,6.271353621802126,0,0.6863729503537376,0.4547399967733549,0.2758620689655172
2860,15,1,0,3,14.391168265308698,21,0,2,0,0,1,1,1.554112898573,4.0,Male,Caucasian,Bachelor,Moderate,A,2,5,7.597792066327175,1,0.38852822464325,0.7203326197847885,0.7241379310344828
2861,16,0,0,1,2.149064328837731,18,0,1,0,0,0,0,0.7068253462731773,4.0,Female,Caucasian,High School,Low,A,0,2,0.5372660822094327,1,0.1767063365682943,0.1075238405522666,0.6206896551724138
2862,16,1,1,2,16.922383711102235,12,0,2,1,1,0,0,2.823600084682192,2.0,Male,African American,Some College,Moderate,C,2,4,8.230595927775559,0,0.705900021170548,0.8470388669593564,0.4137931034482758
2863,17,1,0,3,14.714359735562198,22,0,2,1,0,1,0,1.2934088269809283,4.0,Male,Caucasian,Bachelor,Moderate,A,2,5,7.678589933890549,1,0.3233522067452321,0.7365107678688264,0.7586206896551724
2864,16,1,1,3,4.234335569239313,13,0,3,1,0,0,0,2.126276926186896,3.0,Male,African American,Bachelor,High,B,1,6,3.0585838923098283,0,0.531569231546724,0.2119072479984505,0.4482758620689655
2865,18,1,3,2,2.905720194915733,19,0,2,0,0,0,0,1.112671201191301,4.0,Male,Other,Some College,Moderate,A,0,4,0.7264300487289332,1,0.2781678002978252,0.1454001206424072,0.6551724137931034
2866,16,1,0,3,6.325846974512488,18,1,0,0,0,1,0,1.2615877089185958,4.0,Male,Caucasian,Bachelor,,A,1,3,6.581461743628122,1,0.3153969272296489,0.3166030223251163,0.6206896551724138
2867,16,0,0,0,19.521411720638085,29,0,3,1,1,0,0,1.0784851348128086,4.0,Female,Caucasian,,High,A,2,3,8.880352930159521,1,0.2696212837032021,0.9771396396680322,1.0
2868,15,0,0,3,5.136631491341173,22,1,2,0,0,0,1,0.6754583905284621,4.0,Female,Caucasian,Bachelor,Moderate,A,1,5,6.284157872835293,1,0.1688645976321155,0.2570739011651869,0.7586206896551724
2869,15,0,0,1,9.122544178932666,26,0,1,0,1,1,0,0.6854728696794552,4.0,Female,Caucasian,High School,Low,A,2,2,6.280636044733166,1,0.1713682174198638,0.4565986152899792,0.896551724137931
2870,16,1,2,1,0.6004045143467263,26,0,4,1,1,1,0,1.020926365102642,4.0,Male,Asian,High School,Very High,A,3,5,6.150101128586682,1,0.2552315912756605,0.030001844718087,0.896551724137931
2871,17,0,0,1,7.944550591324651,6,1,4,0,0,0,0,3.427620857629511,1.0,Female,Caucasian,High School,Very High,D,0,5,4.986137647831162,0,0.8569052144073778,0.3976312338568573,0.2068965517241379
2872,15,0,0,2,11.426400308662055,3,1,3,0,0,0,0,3.2485727923536656,1.0,Female,Caucasian,Some College,High,D,0,5,5.856600077165513,0,0.8121431980884164,0.5719238297885105,0.1034482758620689
2873,17,0,1,1,19.062492250159305,11,0,3,0,0,0,0,2.278951504956563,3.0,Female,African American,High School,High,B,0,4,4.765623062539826,0,0.5697378762391407,0.954167290966408,0.3793103448275862
2874,16,0,0,1,10.334720898801288,22,0,0,0,1,0,0,0.8330790224853892,4.0,Female,Caucasian,High School,,A,1,1,4.583680224700322,1,0.2082697556213473,0.5172771179208684,0.7586206896551724
2875,16,0,1,1,16.382146523553757,26,0,4,0,0,0,0,0.8570927943521445,4.0,Female,African American,High School,Very High,A,0,5,4.095536630888439,1,0.2142731985880361,0.819995958884437,0.896551724137931
2876,18,1,0,1,10.94255285137801,13,0,2,0,1,0,0,1.744497662766337,4.0,Male,Caucasian,High School,Moderate,A,1,3,4.735638212844503,1,0.4361244156915843,0.5477036490767898,0.4482758620689655
2877,15,0,2,2,0.815700268710362,1,0,1,0,0,1,1,2.806877505411242,2.0,Female,Asian,Some College,Low,C,2,3,4.2039250671775905,0,0.7017193763528105,0.0407790059879298,0.0344827586206896
2878,16,1,3,2,6.300165503795481,0,0,3,1,0,1,0,3.490543307137981,1.0,Male,Other,Some College,High,D,2,5,5.57504137594887,0,0.8726358267844952,0.3153174728149459,0.0
2879,18,1,1,1,11.510990156622064,27,0,1,0,1,0,0,0.6939648518623458,4.0,Male,African American,High School,Low,A,1,2,4.877747539155516,1,0.1734912129655864,0.5761581837633536,0.9310344827586208
2880,15,1,3,2,19.011879318622487,17,0,2,1,0,0,0,2.16155873707839,3.0,Male,Other,Some College,Moderate,B,1,4,6.752969829655622,0,0.5403896842695975,0.951633735545754,0.5862068965517241
2881,16,1,0,3,17.182607195024666,19,1,1,0,0,0,0,1.8933444720314547,4.0,Male,Caucasian,Bachelor,Low,A,0,4,7.295651798756166,1,0.4733361180078637,0.8600649968090681,0.6551724137931034
2882,16,1,0,2,4.567112283576953,7,1,2,1,0,1,0,2.8829580708041513,2.0,Male,Caucasian,Some College,Moderate,C,2,4,8.141778070894238,0,0.7207395177010378,0.2285652091731409,0.2413793103448275
2883,15,0,1,1,4.40219660038327,2,0,2,1,1,0,1,3.2703738607764876,1.0,Female,African American,High School,Moderate,D,3,3,7.1005491500958176,0,0.8175934651941219,0.2203099469225779,0.0689655172413793
2884,15,0,1,2,4.023459342278015,25,0,2,1,1,1,0,1.027015599936749,4.0,Female,African American,Some College,Moderate,A,3,4,7.005864835569504,1,0.2567538999841872,0.2013513170993238,0.8620689655172413
2885,15,0,0,1,18.449977926050064,5,0,0,1,1,0,1,2.48966890236666,3.0,Female,Caucasian,High School,,B,3,1,10.612494481512517,0,0.622417225591665,0.9235063721269932,0.1724137931034483
2886,16,1,0,1,17.053323062034412,21,1,2,0,0,0,0,1.7087987708583718,4.0,Male,Caucasian,High School,Moderate,A,0,3,7.263330765508603,1,0.4271996927145929,0.8535933598973878,0.7241379310344828
2887,16,0,0,1,15.497668645058976,12,0,2,0,0,1,0,2.324093256836654,3.0,Female,Caucasian,High School,Moderate,B,1,3,5.874417161264744,0,0.5810233142091635,0.7757212319427864,0.4137931034482758
2888,18,0,0,3,7.854702284484551,8,0,1,0,0,0,0,2.1974911457392072,3.0,Female,Caucasian,Bachelor,Low,B,0,4,1.9636755711211376,0,0.5493727864348018,0.3931336547220519,0.2758620689655172
2889,17,1,0,1,10.087614085975336,8,0,4,0,0,0,1,2.500113299959695,2.0,Male,Caucasian,High School,Very High,C,1,5,4.521903521493834,0,0.6250283249899238,0.5049075754718142,0.2758620689655172
2890,15,1,2,0,9.286634895903056,19,0,2,0,0,0,0,1.0500058515104695,4.0,Male,Asian,,Moderate,A,0,2,2.321658723975764,1,0.2625014628776174,0.464812581816635,0.6551724137931034
2891,16,1,0,1,5.067962151187453,8,0,3,0,0,1,1,2.438440919001191,3.0,Male,Caucasian,High School,High,B,2,4,5.266990537796863,0,0.6096102297502978,0.25363648756956,0.2758620689655172
2892,16,1,0,3,10.10056092297534,14,1,1,0,0,0,0,1.9146018444641888,4.0,Male,Caucasian,Bachelor,Low,A,0,4,5.525140230743835,1,0.4786504611160472,0.5055556614068845,0.4827586206896551
2893,15,0,1,2,0.6099309570550893,12,0,2,1,1,0,0,1.6278371303258028,4.0,Female,African American,Some College,Moderate,A,2,4,4.152482739263772,1,0.4069592825814507,0.0304787143604978,0.4137931034482758
2894,17,1,1,1,2.6362074699491833,21,0,1,1,1,0,0,1.069524152365119,4.0,Male,African American,High School,Low,A,2,2,4.659051867487296,1,0.2673810380912798,0.1319089948660325,0.7241379310344828
2895,15,1,2,2,17.73179192337893,15,0,2,0,1,0,0,2.369652312774279,3.0,Male,Asian,Some College,Moderate,B,1,4,6.432947980844732,0,0.5924130781935697,0.8875557961604201,0.5172413793103449
2896,17,0,1,2,15.033595340628466,1,0,1,0,0,0,0,2.9747406949660418,2.0,Female,African American,Some College,Low,C,0,3,3.758398835157117,0,0.7436851737415104,0.7524908953406578,0.0344827586206896
2897,16,0,0,2,8.457368181181742,25,0,2,1,0,0,0,0.3578088919508027,4.0,Female,Caucasian,Some College,Moderate,A,1,4,4.114342045295436,1,0.0894522229877006,0.423301586178656,0.8620689655172413
2898,17,1,2,1,10.343007245677544,13,0,2,0,0,1,1,1.9225514899197136,4.0,Male,Asian,High School,Moderate,A,2,3,6.585751811419386,1,0.4806378724799284,0.5176919115004596,0.4482758620689655
2899,18,0,1,3,7.399977719199549,26,0,1,0,0,0,0,0.33096690773874,4.0,Female,African American,Bachelor,Low,A,0,4,1.8499944297998872,1,0.082741726934685,0.3703712923711511,0.896551724137931
2900,16,1,0,1,14.81559734321345,5,1,3,0,0,0,1,3.219685483262613,1.0,Male,Caucasian,High School,High,D,1,4,8.703899335803362,0,0.8049213708156533,0.7415784666140037,0.1724137931034483
2901,18,1,1,2,15.683743584641592,1,1,4,0,1,0,0,3.9514599508156745,0.0,Male,African American,Some College,Very High,F,1,6,8.920935896160398,0,0.9878649877039186,0.7850356730848584,0.0344827586206896
2902,15,0,3,0,15.265703804063184,7,0,1,0,0,0,0,2.7952105534902603,2.0,Female,Other,,Low,C,0,1,3.816425951015796,0,0.6988026383725651,0.7641096583298543,0.2413793103448275
2903,15,0,0,1,14.452234496688993,3,1,3,1,0,0,0,3.5617432680571097,0.0,Female,Caucasian,High School,High,F,1,4,8.613058624172249,0,0.8904358170142774,0.7233894409732612,0.1034482758620689
2904,15,1,0,1,4.090086773855917,20,1,3,0,0,0,0,1.36108822691039,4.0,Male,Caucasian,High School,High,A,0,4,4.022521693463979,1,0.3402720567275975,0.2046865179128878,0.6896551724137931
2905,17,1,0,2,6.759399584809575,23,0,2,0,0,1,0,0.7389589820946485,4.0,Male,Caucasian,Some College,Moderate,A,1,4,3.689849896202394,1,0.1847397455236621,0.3383055701247406,0.7931034482758621
2906,16,1,0,0,9.3969086996735,13,0,3,1,0,0,1,2.3207725437642064,3.0,Male,Caucasian,,High,B,2,3,6.349227174918375,0,0.5801931359410516,0.4703326096991439,0.4482758620689655
2907,15,0,0,2,6.615859828553113,10,0,4,1,0,0,0,2.837891417954615,2.0,Female,Caucasian,Some College,Very High,C,1,6,3.653964957138278,0,0.7094728544886537,0.3311203327456653,0.3448275862068966
2908,15,1,1,1,15.09880400316658,23,0,2,0,0,0,1,0.8273394905182188,4.0,Male,African American,High School,Moderate,A,1,3,5.774701000791644,1,0.2068348726295547,0.75575507616225,0.7931034482758621
2909,16,1,0,2,6.587070484999094,27,1,3,1,0,0,1,0.8758837048232606,4.0,Male,Caucasian,Some College,High,A,2,5,8.646767621249774,1,0.2189709262058151,0.3296792109769075,0.9310344827586208
2910,15,1,3,3,2.764641735706743,13,0,3,1,0,0,0,1.4679683162543722,4.0,Male,Other,Bachelor,High,A,1,6,2.6911604339266857,1,0.366992079063593,0.1383380895722162,0.4482758620689655
2911,18,1,2,2,7.980809040966081,11,0,2,1,0,1,0,2.122102757166825,3.0,Male,Asian,Some College,Moderate,B,2,4,5.99520226024152,0,0.5305256892917063,0.3994462401970202,0.3793103448275862
2912,16,1,1,2,19.598288655647607,15,0,2,1,0,0,0,2.4818134094533937,3.0,Male,African American,Some College,Moderate,B,1,4,6.899572163911902,0,0.6204533523633484,0.9809879047161644,0.5172413793103449
2913,16,0,2,2,4.517628258671518,5,0,4,1,0,0,0,2.876083672610056,2.0,Female,Asian,Some College,Very High,C,1,6,3.1294070646678795,0,0.719020918152514,0.2260881639649663,0.1724137931034483
2914,16,1,0,1,12.24317317886458,19,0,3,0,1,0,0,1.6626921985519796,4.0,Male,Caucasian,High School,High,A,1,4,5.060793294716145,1,0.4156730496379949,0.6128094151500199,0.6551724137931034
2915,18,1,0,3,8.659460996794126,0,0,1,1,0,0,0,2.9640587263043403,2.0,Male,Caucasian,Bachelor,Low,C,1,4,4.164865249198531,0,0.7410146815760851,0.4334178417070981,0.0
2916,16,1,1,1,1.4204913529865326,11,0,1,1,0,1,0,2.03217846252961,3.0,Male,African American,High School,Low,B,2,2,4.355122838246633,0,0.5080446156324026,0.0710533189629945,0.3793103448275862
2917,18,1,2,2,9.75753211996119,6,1,4,0,1,0,0,3.2078192453842034,1.0,Male,Asian,Some College,Very High,D,1,6,7.439383029990298,0,0.8019548113460508,0.4883845065868011,0.2068965517241379
2918,16,0,2,2,14.043286572966249,7,1,0,0,0,0,0,2.553484846074773,2.0,Female,Asian,Some College,,C,0,2,6.510821643241562,0,0.6383712115186932,0.7029185415913652,0.2413793103448275
2919,17,0,0,1,10.264399516556376,8,1,3,1,1,0,0,3.1288586460030157,1.0,Female,Caucasian,High School,High,D,2,4,9.566099879139092,0,0.7822146615007539,0.5137570072739504,0.2758620689655172
2920,15,0,3,1,17.442121274931623,1,1,1,1,1,0,0,4.0,0.0,Female,Other,High School,Low,F,2,2,11.360530318732906,0,1.0,0.8730556156868946,0.0344827586206896
2921,17,1,0,2,5.778740333151653,16,1,0,0,0,0,1,1.357062701404827,4.0,Male,Caucasian,Some College,,A,1,2,6.444685083287913,1,0.3392656753512068,0.2892162467559662,0.5517241379310345
2922,15,1,2,3,1.7249834260792984,19,0,0,0,1,0,0,0.6848879979871082,4.0,Male,Asian,Bachelor,,A,1,3,2.4312458565198245,1,0.171221999496777,0.0862954224908091,0.6551724137931034
2923,18,0,3,3,18.73131223316012,12,0,2,1,0,0,0,2.2346962873244927,3.0,Female,Other,Bachelor,Moderate,B,1,5,6.68282805829003,0,0.5586740718311232,0.9375892564245792,0.4137931034482758
2924,17,0,0,2,7.56392699056438,4,0,0,0,0,0,1,1.953200561311372,4.0,Female,Caucasian,Some College,,A,1,2,3.890981747641095,0,0.488300140327843,0.3785781784883185,0.1379310344827586
2925,16,0,2,2,11.528111029072669,9,0,2,0,1,0,0,2.4709240029839887,3.0,Female,Asian,Some College,Moderate,B,1,4,4.882027757268167,0,0.6177310007459972,0.5770152113625553,0.3103448275862069
2926,15,1,0,3,15.84006252260392,11,0,3,0,1,0,0,2.512488758731327,2.0,Male,Caucasian,Bachelor,High,C,1,6,5.960015630650981,0,0.6281221896828317,0.7928606039987545,0.3793103448275862
2927,15,1,0,0,6.486273277511612,16,1,2,0,0,1,0,2.0972515782565893,3.0,Male,Caucasian,,Moderate,B,1,2,6.621568319377903,0,0.5243128945641473,0.3246335575507483,0.5517241379310345
2928,17,0,1,1,14.323290763552222,20,0,3,1,0,0,1,1.3451314633822888,4.0,Female,African American,High School,High,A,2,4,7.580822690888056,1,0.3362828658455722,0.7169348436178324,0.6896551724137931
2929,18,0,1,2,2.7083769963565607,5,0,2,0,0,0,1,2.241727972459657,3.0,Female,African American,Some College,Moderate,B,1,4,2.6770942490891403,0,0.5604319931149142,0.1355216189382509,0.1724137931034483
2930,17,0,3,3,5.825874944110105,2,0,2,0,0,0,0,2.637348954652655,2.0,Female,Other,Bachelor,Moderate,C,0,5,1.4564687360275264,0,0.6593372386631637,0.2915756862404651,0.0689655172413793
2931,18,1,1,3,2.894212722730398,27,0,2,0,0,1,0,0.2861100389415956,4.0,Male,African American,Bachelor,Moderate,A,1,5,2.723553180682599,1,0.0715275097353989,0.1448240856717402,0.9310344827586208
2932,18,1,0,2,16.224611168027156,14,1,2,0,1,0,0,2.0845477071034386,3.0,Male,Caucasian,Some College,Moderate,B,1,4,9.056152792006788,0,0.5211369267758597,0.8121101371819587,0.4827586206896551
2933,15,1,2,0,4.452984704535707,6,0,4,1,0,0,0,2.7778858935835875,2.0,Male,Asian,,Very High,C,1,4,3.1132461761339267,0,0.6944714733958969,0.2228522710415937,0.2068965517241379
2934,17,0,3,2,14.348071108104206,29,0,3,0,0,0,0,0.4841831958032389,4.0,Female,Other,Some College,High,A,0,5,3.5870177770260514,1,0.1210457989508097,0.7181752850299187,1.0
2935,17,0,0,1,18.865967944913052,5,0,2,0,0,0,0,2.8757352860069436,2.0,Female,Caucasian,High School,Moderate,C,0,3,4.716491986228263,0,0.7189338215017359,0.944329780991616,0.1724137931034483
2936,18,1,3,1,10.55544418137754,3,1,3,0,0,0,0,3.4713372144944583,1.0,Male,Other,High School,High,D,0,4,5.638861045344385,0,0.8678343036236146,0.5283259675341107,0.1034482758620689
2937,17,0,0,2,10.800583845213756,18,0,2,0,0,0,0,1.3180744589421032,4.0,Female,Caucasian,Some College,Moderate,A,0,4,2.700145961303439,1,0.3295186147355258,0.5405970394770145,0.6206896551724138
2938,16,1,2,0,9.22067136195624,4,0,1,1,0,0,0,2.715908932047662,2.0,Male,Asian,,Low,C,1,1,4.3051678404890605,0,0.6789772330119155,0.4615106140403784,0.1379310344827586
2939,16,0,0,3,6.517802867872855,2,1,2,0,1,0,0,3.4745618447603603,1.0,Female,Caucasian,Bachelor,Moderate,D,1,5,6.629450716968214,0,0.8686404611900901,0.3262118491482746,0.0689655172413793
2940,17,0,0,2,9.513100618498342,25,0,3,1,0,0,0,0.9349429908719434,4.0,Female,Caucasian,Some College,High,A,1,5,4.3782751546245855,1,0.2337357477179858,0.4761488834623172,0.8620689655172413
2941,17,0,0,2,12.056150645335189,24,0,2,0,0,0,1,0.5185224297099189,4.0,Female,Caucasian,Some College,Moderate,A,1,4,5.014037661333797,1,0.1296306074274797,0.6034475398501636,0.8275862068965517
2942,18,0,1,0,19.719831443413188,8,0,3,0,1,0,0,2.726094628858152,2.0,Female,African American,,High,C,1,3,6.929957860853297,0,0.681523657214538,0.9870720294533551,0.2758620689655172
2943,16,1,0,1,18.755291186364484,5,1,2,1,0,0,0,3.099064650031246,1.0,Male,Caucasian,High School,Moderate,D,1,3,9.688822796591122,0,0.7747661625078115,0.9387895822114452,0.1724137931034483
2944,16,0,0,0,17.243059165862434,12,0,2,1,0,0,0,2.0735452919667288,3.0,Female,Caucasian,,Moderate,B,1,2,6.310764791465608,0,0.5183863229916822,0.8630910696674212,0.4137931034482758
2945,15,1,1,4,17.782610714097167,26,0,4,1,1,1,0,1.9831339922227575,4.0,Male,African American,Higher,Very High,A,3,8,10.445652678524292,1,0.4957834980556894,0.8900996563713549,0.896551724137931
2946,18,1,3,3,9.35698366584086,21,0,2,0,0,0,0,0.7662736791529805,4.0,Male,Other,Bachelor,Moderate,A,0,5,2.339245916460215,1,0.1915684197882451,0.4683340634222325,0.7241379310344828
2947,15,1,0,2,13.148886543549295,27,0,3,0,0,0,0,0.6361329335031771,4.0,Male,Caucasian,Some College,High,A,0,5,3.287221635887324,1,0.1590332333757942,0.6581471368543348,0.9310344827586208
2948,16,0,0,1,17.901334458724282,29,0,3,1,1,1,0,1.1480334125866043,4.0,Female,Caucasian,High School,High,A,3,4,10.47533361468107,1,0.2870083531466511,0.8960426669346053,1.0
2949,18,1,0,3,7.859015299827061,19,0,4,0,1,1,0,1.7504046795082222,4.0,Male,Caucasian,Bachelor,Very High,A,2,7,5.964753824956765,1,0.4376011698770555,0.393349553368279,0.6551724137931034
2950,17,1,0,1,19.235249566909378,3,0,0,1,0,0,0,2.8211081074612654,2.0,Male,Caucasian,High School,,C,1,1,6.808812391727344,0,0.7052770268653163,0.962815085571852,0.1034482758620689
2951,18,1,2,1,8.31572124138366,1,0,1,1,0,1,1,3.2405120739686932,1.0,Male,Asian,High School,Low,D,3,2,8.078930310345914,0,0.8101280184921733,0.4162110984070983,0.0344827586206896
2952,17,0,2,2,12.021653307864312,25,0,3,1,0,0,0,0.7058616313604631,4.0,Female,Asian,Some College,High,A,1,5,5.005413326966078,1,0.1764654078401157,0.6017206903337728,0.8620689655172413
2953,17,0,1,3,14.19609426544744,3,0,2,1,0,0,0,2.9127221778502177,2.0,Female,African American,Bachelor,Moderate,C,1,5,5.549023566361861,0,0.7281805444625544,0.7105677084316961,0.1034482758620689
2954,18,1,0,0,19.011840261518767,7,0,2,0,0,0,0,2.894723042268489,2.0,Male,Caucasian,,Moderate,C,0,2,4.752960065379692,0,0.7236807605671223,0.9516317804458648,0.2413793103448275
2955,17,0,2,1,4.8923254810453205,12,0,1,1,1,0,0,1.777279849146076,4.0,Female,Asian,High School,Low,A,2,2,5.22308137026133,1,0.444319962286519,0.2448445598113243,0.4137931034482758
2956,15,1,1,3,14.922619564772845,9,0,1,0,0,0,1,2.4571875145361584,3.0,Male,African American,Bachelor,Low,B,1,4,5.730654891193211,0,0.6142968786340396,0.7469357285099089,0.3103448275862069
2957,16,1,2,1,10.416311722881645,17,1,2,0,0,0,0,1.9390765371477845,4.0,Male,Asian,High School,Moderate,A,0,3,5.604077930720411,1,0.4847691342869461,0.5213613483407967,0.5862068965517241
2958,17,0,1,1,5.371142812412821,8,0,1,0,0,0,0,2.291686152272234,3.0,Female,African American,High School,Low,B,0,2,1.342785703103205,0,0.5729215380680585,0.2688129451340907,0.2758620689655172
2959,15,1,2,2,15.532136795927812,29,0,1,0,1,0,0,0.5847407288696445,4.0,Male,Asian,Some College,Low,A,1,3,5.883034198981953,1,0.1461851822174111,0.7774466204516527,1.0
2960,17,0,1,3,11.04444560347693,0,0,0,1,0,1,1,2.905466160345195,2.0,Female,African American,Bachelor,,C,3,3,8.761111400869233,0,0.7263665400862988,0.5528041426970376,0.0
2961,16,0,0,2,13.219476412993515,12,0,1,1,0,0,0,1.7389421343230629,4.0,Female,Caucasian,Some College,Low,A,1,3,5.304869103248379,1,0.4347355335807657,0.6616806872918068,0.4137931034482758
2962,15,1,3,4,6.45802137155802,17,1,3,0,1,0,0,1.6698070522329402,4.0,Male,Other,Higher,High,A,1,7,6.614505342889505,1,0.417451763058235,0.3232193385498106,0.5862068965517241
2963,16,0,1,2,9.6254790365521,14,0,3,0,0,0,0,1.6482889223547217,4.0,Female,African American,Some College,High,A,0,5,2.406369759138025,1,0.4120722305886804,0.481774263016108,0.4827586206896551
2964,16,0,1,0,12.34708501976134,1,0,0,1,0,0,1,2.7103913101189026,2.0,Female,African American,,,C,2,0,7.086771254940335,0,0.6775978275297256,0.6180109792519257,0.0344827586206896
2965,15,1,0,4,8.09821628539688,10,0,1,1,0,0,0,1.9561691259633316,4.0,Male,Caucasian,Higher,Low,A,1,5,4.02455407134922,0,0.4890422814908329,0.4053233500881026,0.3448275862068966
2966,15,1,1,2,3.9674507969540262,28,0,2,1,1,0,0,0.6729361977994386,4.0,Male,African American,Some College,Moderate,A,2,4,4.9918626992385065,1,0.1682340494498596,0.1985476708907395,0.9655172413793104
2967,15,0,1,1,19.23280984630608,13,0,2,1,1,0,0,2.6071729292255172,2.0,Female,African American,High School,Moderate,C,2,3,8.80820246157652,0,0.6517932323063793,0.9626929593252253,0.4482758620689655
2968,18,0,0,2,10.229350800852348,21,0,3,1,0,1,0,1.5660204997024247,4.0,Female,Caucasian,Some College,High,A,2,5,6.557337700213087,1,0.3915051249256062,0.5120025571569026,0.7241379310344828
2969,15,1,0,1,14.67840740575401,14,1,3,0,0,0,0,2.197394591639808,3.0,Male,Caucasian,High School,High,B,0,4,6.669601851438502,0,0.549348647909952,0.7347110851137499,0.4827586206896551
2970,15,0,1,0,8.220943871121163,13,1,3,1,0,0,0,2.332971816562523,3.0,Female,African American,,High,B,1,3,7.055235967780291,0,0.5832429541406308,0.4114667828163443,0.4482758620689655
2971,15,0,2,0,7.102635280514327,15,0,2,1,0,0,0,1.773293697386631,4.0,Female,Asian,,Moderate,A,1,2,3.775658820128582,1,0.4433234243466577,0.3554870814699619,0.5172413793103449
2972,15,0,1,2,8.1432859693425,22,0,2,1,1,0,1,1.1496496267546503,4.0,Female,African American,Some College,Moderate,A,3,4,8.035821492335625,1,0.2874124066886626,0.4075794245457643,0.7586206896551724
2973,17,0,0,3,8.183932875712996,28,1,3,0,0,0,0,0.8409854510198023,4.0,Female,Caucasian,Bachelor,High,A,0,6,5.045983218928249,1,0.2102463627549505,0.4096141059372754,0.9655172413793104
2974,18,0,1,2,10.883602318839072,14,0,0,1,1,0,0,1.5635740338353443,4.0,Female,African American,Some College,,A,2,2,6.7209005797097685,1,0.3908935084588361,0.5447527344245565,0.4827586206896551
2975,16,0,0,4,10.869397399627264,18,0,0,0,0,0,0,0.8707134779286393,4.0,Female,Caucasian,Higher,,A,0,4,2.717349349906816,1,0.2176783694821598,0.5440416720739625,0.6206896551724138
2976,15,0,0,1,9.943076317657432,26,1,0,0,1,1,0,0.61316598823277,4.0,Female,Caucasian,High School,,A,2,1,9.485769079414355,1,0.1532914970581925,0.4976723801315743,0.896551724137931
2977,17,1,0,1,2.695715698348762,8,0,2,1,1,0,0,2.5723917087049193,2.0,Male,Caucasian,High School,Moderate,C,2,3,4.673928924587191,0,0.6430979271762298,0.1348878263633861,0.2758620689655172
2978,17,1,0,1,9.921509570010622,4,0,1,0,0,0,0,2.30759662333527,3.0,Male,Caucasian,High School,Low,B,0,2,2.4803773925026555,0,0.5768991558338175,0.4965928032576936,0.1379310344827586
2979,17,1,0,1,3.3820780084130297,4,0,1,0,0,1,0,2.3180465210933434,3.0,Male,Caucasian,High School,Low,B,1,2,2.8455195021032575,0,0.5795116302733359,0.1692453887174063,0.1379310344827586
2980,16,1,0,1,2.5227157259153032,10,0,3,1,0,0,0,2.31055728577378,3.0,Male,Caucasian,High School,High,B,1,4,2.6306789314788257,0,0.577639321443445,0.1262278850277819,0.3448275862068966
2981,15,1,0,2,18.652914346823355,27,1,4,1,1,1,1,1.5858200366928563,4.0,Male,Caucasian,Some College,Very High,A,4,6,15.663228586705838,1,0.3964550091732141,0.9336648563974468,0.9310344827586208
2982,18,0,0,3,12.099000262954084,19,0,1,1,0,1,0,1.6306137401298542,4.0,Female,Caucasian,Bachelor,Low,A,2,4,7.0247500657385205,1,0.4076534350324635,0.6055924833990733,0.6551724137931034
2983,18,0,1,4,13.189801162491683,24,1,2,0,1,1,0,1.558632200330993,4.0,Female,African American,Higher,Moderate,A,2,6,10.29745029062292,1,0.3896580500827482,0.6601952192605095,0.8275862068965517
2984,17,0,0,1,8.035873406667275,23,0,1,1,0,0,0,0.6835053013860497,4.0,Female,Caucasian,High School,Low,A,1,2,4.008968351666819,1,0.1708763253465124,0.4022026231602488,0.7931034482758621
2985,16,0,0,3,18.179617838297283,27,0,4,0,0,0,0,0.9709123787681464,4.0,Female,Caucasian,Bachelor,Very High,A,0,7,4.544904459574321,1,0.2427280946920366,0.9099728295113814,0.9310344827586208
2986,16,1,2,1,12.75860979159331,3,0,1,1,0,0,1,3.3446266750887066,1.0,Male,Asian,High School,Low,D,2,2,7.189652447898327,0,0.8361566687721766,0.6386108691367839,0.1034482758620689
2987,16,0,0,1,15.38339739047175,19,0,3,0,1,0,0,1.8859166518517383,4.0,Female,Caucasian,High School,High,A,1,4,5.845849347617937,1,0.4714791629629346,0.7700011017765698,0.6551724137931034
2988,18,0,1,3,7.371249380554277,17,0,1,1,0,0,0,1.4699645571762952,4.0,Female,African American,Bachelor,Low,A,1,4,3.842812345138569,1,0.3674911392940738,0.3689332243539257,0.5862068965517241
2989,17,1,0,2,19.20023761638251,24,0,3,0,0,0,0,1.436375445405192,4.0,Male,Caucasian,Some College,High,A,0,5,4.800059404095627,1,0.359093861351298,0.9610624758266432,0.8275862068965517
2990,15,0,0,1,16.4092258031663,2,1,1,1,1,0,0,3.399542858486649,1.0,Female,Caucasian,High School,Low,D,2,2,11.102306450791575,0,0.8498857146216623,0.8213514791747378,0.0689655172413793
2991,18,0,1,2,17.078969260290872,3,1,1,0,1,0,0,3.5635357914562173,0.0,Female,African American,Some College,Low,F,1,3,9.26974231507272,0,0.8908839478640543,0.8548771437573398,0.1034482758620689
2992,17,1,1,1,3.4438853485150855,13,0,1,1,1,1,0,2.0744387503601613,3.0,Male,African American,High School,Low,B,3,2,6.860971337128771,0,0.5186096875900403,0.1723393079352224,0.4482758620689655
2993,17,0,2,2,5.41926415742439,6,0,1,0,0,0,0,2.504005287006646,2.0,Female,Asian,Some College,Low,C,0,3,1.3548160393560975,0,0.6260013217516615,0.2712217780311645,0.2068965517241379
2994,15,0,1,2,5.712531993671542,25,1,3,1,0,0,0,0.9669488067667787,4.0,Female,African American,Some College,High,A,1,5,6.428132998417885,1,0.2417372016916947,0.285902024633497,0.8620689655172413
2995,15,0,3,4,5.418184464937424,7,0,3,0,0,0,0,2.6910442047353333,2.0,Female,Other,Higher,High,C,0,7,1.354546116234356,0,0.6727610511838333,0.2711677313543581,0.2413793103448275
2996,15,0,0,0,17.10816324208576,23,0,2,0,1,0,0,0.8647850838512876,4.0,Female,Caucasian,,Moderate,A,1,2,6.27704081052144,1,0.2161962709628219,0.8563385206936492,0.7931034482758621
2997,16,0,0,1,0.6376959041718422,15,1,4,1,0,0,0,1.993952452575168,4.0,Female,Caucasian,High School,Very High,A,1,5,5.1594239760429605,1,0.498488113143792,0.0318685574329279,0.5172413793103449
2998,15,1,0,2,1.521999779615486,19,0,2,1,0,0,0,1.2001797196357924,4.0,Male,Caucasian,Some College,Moderate,A,1,4,2.3804999449038715,1,0.3000449299089481,0.0761345742216583,0.6551724137931034
2999,17,1,0,2,5.478297412598074,14,0,4,0,1,0,0,2.195712898261988,3.0,Male,Caucasian,Some College,Very High,B,1,6,3.3695743531495186,0,0.548928224565497,0.2741768335693987,0.4827586206896551
3000,15,1,1,1,3.997459492988873,6,0,1,0,0,1,0,1.9012665239921256,4.0,Male,African American,High School,Low,A,1,2,2.9993648732472185,0,0.4753166309980314,0.2000498303625839,0.2068965517241379
3001,17,1,1,2,4.637192277656967,25,0,4,1,0,1,0,0.8399765237396326,4.0,Male,African American,Some College,Very High,A,2,6,5.159298069414242,1,0.2099941309349081,0.2320732365386704,0.8620689655172413
3002,18,1,0,3,15.958863785066,16,0,0,1,0,0,1,1.3620437691526197,4.0,Male,Caucasian,Bachelor,,A,2,3,7.9897159462665,1,0.3405109422881549,0.7988074949088847,0.5517241379310345
3003,16,1,3,3,11.26253187784094,21,0,2,0,0,0,0,0.8507438645015205,4.0,Male,Other,Bachelor,Moderate,A,0,5,2.815632969460235,1,0.2126859661253801,0.5637209903446245,0.7241379310344828
3004,18,0,2,3,0.1154132258593598,21,1,2,1,0,0,0,1.0033653059742336,4.0,Female,Asian,Bachelor,Moderate,A,1,5,5.02885330646484,1,0.2508413264935584,0.0057244067075397,0.7241379310344828
3005,18,1,0,3,8.586455314083905,21,0,2,1,1,0,0,1.3905396980299167,4.0,Male,Caucasian,Bachelor,Moderate,A,2,5,6.146613828520977,1,0.3476349245074792,0.4297633617638749,0.7241379310344828
3006,17,1,0,2,8.157698537007178,11,0,2,0,1,0,1,2.4399813258092324,3.0,Male,Caucasian,Some College,Moderate,B,2,4,6.0394246342517945,0,0.6099953314523081,0.4083008812530452,0.3793103448275862
3007,18,0,0,3,2.2789053888908706,17,0,2,0,0,1,0,1.2433117162791911,4.0,Female,Caucasian,Bachelor,Moderate,A,1,5,2.5697263472227174,1,0.3108279290697978,0.114023355824995,0.5862068965517241
3008,17,0,0,1,13.522835772029143,23,1,4,1,0,0,0,1.9648466563741724,4.0,Female,Caucasian,High School,Very High,A,1,5,8.380708943007285,1,0.4912116640935431,0.6768660900170327,0.7931034482758621
3009,15,1,0,1,14.04194376758982,13,1,4,1,0,0,0,2.6882293307172063,2.0,Male,Caucasian,High School,Very High,C,1,5,8.510485941897455,0,0.6720573326793016,0.7028513241483713,0.4482758620689655
3010,15,0,1,1,14.417864381041952,14,1,4,1,1,0,0,2.7397016672595753,2.0,Female,African American,High School,Very High,C,2,5,10.604466095260488,0,0.6849254168148938,0.7216689598597986,0.4827586206896551
3011,17,1,0,2,14.56941891117184,14,0,4,0,0,1,0,2.4961219360335156,3.0,Male,Caucasian,Some College,Very High,B,1,6,5.64235472779296,0,0.6240304840083789,0.7292553965603866,0.4827586206896551
3012,15,0,0,1,0.001056538645936,4,1,3,0,1,0,0,2.968807133269986,2.0,Female,Caucasian,High School,High,C,1,4,5.000264134661484,0,0.7422017833174965,0.0,0.1379310344827586
3013,16,1,3,4,19.078416076934445,15,0,4,0,1,0,0,2.2159441692227517,3.0,Male,Other,Higher,Very High,B,1,8,6.769604019233611,0,0.5539860423056879,0.9549643974848157,0.5172413793103449
3014,18,0,1,1,16.28417534109326,4,0,3,1,0,0,0,3.5037432645192648,0.0,Female,African American,High School,High,F,1,4,6.071043835273315,0,0.8759358161298162,0.8150917691279096,0.1379310344827586
3015,16,0,3,0,18.079633931785708,1,0,2,0,0,1,0,3.3847294719580105,1.0,Female,Other,,Moderate,D,1,2,6.519908482946427,0,0.8461823679895026,0.9049678878763312,0.0344827586206896
3016,18,1,0,2,0.3128659061486827,19,0,3,0,0,0,0,1.417604009607429,4.0,Male,Caucasian,Some College,High,A,0,5,0.0782164765371706,1,0.3544010024018572,0.0156083887903753,0.6551724137931034
3017,15,1,0,0,18.677175915714788,27,1,4,0,0,0,0,1.139337063496313,4.0,Male,Caucasian,,Very High,A,0,4,7.669293978928697,1,0.2848342658740782,0.9348793292112524,0.9310344827586208
3018,16,1,1,1,16.195770573762093,24,0,3,0,0,0,0,0.7695898642280781,4.0,Male,African American,High School,High,A,0,4,4.048942643440523,1,0.1923974660570195,0.8106664499321501,0.8275862068965517
3019,15,1,0,1,16.74438285917397,8,0,2,0,0,0,0,2.3484434535441197,3.0,Male,Caucasian,High School,Moderate,B,0,3,4.186095714793493,0,0.5871108633860299,0.8381285942367451,0.2758620689655172
3020,18,1,0,2,1.8657476944393705,21,0,0,0,0,0,1,0.3218314296846537,4.0,Male,Caucasian,Some College,,A,1,2,2.4664369236098427,1,0.0804578574211634,0.0933417259612697,0.7241379310344828
3021,17,0,1,2,14.775560578371952,26,0,3,1,0,1,0,1.1241371864897378,4.0,Female,African American,Some College,High,A,2,5,7.693890144592988,1,0.2810342966224344,0.7395743273652065,0.896551724137931
3022,17,1,1,2,19.19833379284182,8,0,4,0,0,0,0,2.7170969538329475,2.0,Male,African American,Some College,Very High,C,0,6,4.799583448210455,0,0.6792742384582369,0.9609671752324072,0.2758620689655172
3023,16,1,0,2,13.570946828363212,3,0,2,0,0,0,0,2.6565407804958623,2.0,Male,Caucasian,Some College,Moderate,C,0,4,3.392736707090803,0,0.6641351951239656,0.6792744078889169,0.1034482758620689
3024,15,0,0,2,11.411228092492127,14,0,1,0,0,0,0,1.5277480662258427,4.0,Female,Caucasian,Some College,Low,A,0,3,2.852807023123032,1,0.3819370165564607,0.5711643469971869,0.4827586206896551
3025,15,0,0,1,18.91259355497994,10,0,2,0,1,1,0,2.735672949043832,2.0,Female,Caucasian,High School,Moderate,C,2,3,8.728148388744984,0,0.683918237260958,0.9466637411780622,0.3448275862068966
3026,16,1,0,1,8.85874243468872,0,1,2,0,1,1,0,3.748102280530043,0.0,Male,Caucasian,High School,Moderate,F,2,3,9.21468560867218,0,0.9370255701325108,0.4433933667731835,0.0
3027,17,0,0,2,11.985871326209574,17,1,2,0,0,0,0,1.7062124885863237,4.0,Female,Caucasian,Some College,Moderate,A,0,4,5.996467831552394,1,0.4265531221465809,0.5999295347766765,0.5862068965517241
3028,18,0,0,0,9.526765869887324,28,1,3,0,0,0,0,0.9590415228646012,4.0,Female,Caucasian,,High,A,0,3,5.381691467471831,1,0.2397603807161503,0.4768329314057952,0.9655172413793104
3029,16,1,0,0,18.656924427205983,0,1,4,1,0,0,1,4.0,0.0,Male,Caucasian,,Very High,F,2,4,11.664231106801497,0,1.0,0.9338655908852976,0.0
3030,18,0,3,2,1.5216945353101452,7,0,3,0,0,0,0,1.8589248556209297,4.0,Female,Other,Some College,High,A,0,5,0.3804236338275363,0,0.4647312139052324,0.0761192944632856,0.2413793103448275
3031,17,0,1,2,10.022394016506963,24,1,2,0,0,0,0,1.0007755569217258,4.0,Female,African American,Some College,Moderate,A,0,4,5.505598504126741,1,0.2501938892304314,0.5016428236481261,0.8275862068965517
3032,15,1,2,1,13.739048827708766,15,0,4,1,1,0,0,2.413651872584266,3.0,Male,Asian,High School,Very High,B,2,5,7.434762206927191,0,0.6034129681460665,0.6876891690721316,0.5172413793103449
3033,17,1,0,1,15.83813076844474,25,1,2,0,0,0,0,1.1721916329362534,4.0,Male,Caucasian,High School,Moderate,A,0,3,6.9595326921111855,1,0.2930479082340633,0.7927639052683558,0.8620689655172413
3034,16,0,0,3,11.660372948882728,27,0,1,1,0,0,0,0.2759351000710758,4.0,Female,Caucasian,Bachelor,Low,A,1,4,4.915093237220682,1,0.0689837750177689,0.5836359087556143,0.9310344827586208
3035,15,0,0,3,18.17835488242908,21,1,2,0,1,0,0,1.907640379807341,4.0,Female,Caucasian,Bachelor,Moderate,A,1,5,9.544588720607267,1,0.4769100949518352,0.9099096091329372,0.7241379310344828
3036,16,1,0,2,18.839828937677435,17,0,3,0,0,1,0,2.018579782190191,3.0,Male,Caucasian,Some College,High,B,1,5,6.709957234419359,0,0.5046449455475478,0.9430213283598188,0.5862068965517241
3037,16,0,0,2,1.2863844638716704,21,0,3,0,0,0,0,0.9157121795938512,4.0,Female,Caucasian,Some College,High,A,0,5,0.3215961159679176,1,0.2289280448984628,0.0643402670699846,0.7241379310344828
3038,17,0,2,2,8.047410790827488,8,0,4,1,1,0,0,3.1291166395835397,1.0,Female,Asian,Some College,Very High,D,2,6,6.011852697706872,0,0.7822791598958849,0.402780155448771,0.2758620689655172
3039,16,0,1,4,0.4691804344230887,11,0,2,0,0,0,0,1.945989188418632,4.0,Female,African American,Higher,Moderate,A,0,6,0.1172951086057721,1,0.486497297104658,0.02343309896644,0.3793103448275862
3040,17,1,1,4,6.588333147488859,18,1,1,0,0,0,0,1.510058697488437,4.0,Male,African American,Higher,Low,A,0,5,4.647083286872215,1,0.3775146743721092,0.3297424166695687,0.6206896551724138
3041,15,0,0,1,10.737364359412044,24,0,0,0,1,0,0,0.1530318116508149,4.0,Female,Caucasian,High School,,A,1,1,4.684341089853011,1,0.0382579529127037,0.5374324318148921,0.8275862068965517
3042,17,0,3,3,18.215898610198977,17,0,3,0,1,0,0,1.7119846768416216,4.0,Female,Other,Bachelor,High,A,1,6,6.553974652549744,1,0.4279961692104054,0.9117889532474702,0.5862068965517241
3043,15,1,0,1,16.931086449308058,26,1,3,1,1,0,0,1.419977098603833,4.0,Male,Caucasian,High School,High,A,2,4,11.232771612327014,1,0.3549942746509582,0.8474745040364116,0.896551724137931
3044,17,0,0,1,2.5499945334397145,4,0,2,0,1,0,0,2.438731252650425,3.0,Female,Caucasian,High School,Moderate,B,1,3,2.637498633359929,0,0.6096828131626062,0.127593393181013,0.1379310344827586
3045,18,0,0,2,1.860607494817914,26,0,2,1,0,0,0,0.3167559737315224,4.0,Female,Caucasian,Some College,Moderate,A,1,4,2.465151873704478,1,0.0791889934328806,0.0930844205608759,0.896551724137931
3046,18,1,2,2,11.78534677513334,1,0,4,0,1,0,0,3.5433159148930136,0.0,Male,Asian,Some College,Very High,F,1,6,4.946336693783334,0,0.8858289787232534,0.5898917826068808,0.0344827586206896
3047,16,1,3,3,10.642359449175654,6,0,4,1,1,0,0,3.1252696624964185,1.0,Male,Other,Bachelor,Very High,D,2,7,6.6605898622939135,0,0.7813174156241046,0.5326767261481878,0.2068965517241379
3048,17,1,0,0,5.327552828600477,26,1,1,0,1,0,0,0.6550115881417289,4.0,Male,Caucasian,,Low,A,1,1,6.3318882071501195,1,0.1637528970354322,0.266630940724928,0.896551724137931
3049,17,1,2,2,17.989061691076703,9,1,3,1,1,0,0,3.5116138627312408,0.0,Male,Asian,Some College,High,F,2,5,11.497265422769177,0,0.8779034656828102,0.9004340704419042,0.3103448275862069
3050,15,0,2,3,18.54732818923107,14,1,3,0,0,1,0,2.8625628192347974,2.0,Female,Asian,Bachelor,High,C,1,6,9.636832047307768,0,0.7156407048086993,0.9283794802338596,0.4827586206896551
3051,16,0,0,3,8.052228766803253,24,0,1,1,1,1,0,1.1162284613450342,4.0,Female,Caucasian,Bachelor,Low,A,3,4,8.013057191700813,1,0.2790571153362585,0.403021331147932,0.8275862068965517
3052,17,1,0,1,17.806051142270405,6,0,2,1,0,0,0,3.2011819553323124,1.0,Male,Caucasian,High School,Moderate,D,1,3,6.451512785567601,0,0.8002954888330781,0.8912730249563688,0.2068965517241379
3053,16,1,0,1,7.678977885259453,27,0,1,0,0,0,0,0.1005921480894177,4.0,Male,Caucasian,High School,Low,A,0,2,1.9197444713148633,1,0.0251480370223544,0.3843373354676719,0.9310344827586208
3054,18,0,3,2,14.736336636594004,4,1,1,1,0,0,0,3.0171336823913077,1.0,Female,Other,Some College,Low,D,1,3,8.684084159148501,0,0.7542834205978269,0.7376108759844333,0.1379310344827586
3055,17,1,0,1,9.518844350954485,14,0,3,1,1,0,0,2.220548508939325,3.0,Male,Caucasian,High School,High,B,2,4,6.379711087738621,0,0.5551371272348312,0.476436400190892,0.4827586206896551
3056,17,0,2,4,2.45166313014366,19,0,2,1,0,0,1,1.1110684623439582,4.0,Female,Asian,Higher,Moderate,A,2,6,4.612915782535915,1,0.2777671155859895,0.122671171679972,0.6551724137931034
3057,16,1,0,3,18.55868402474043,27,0,2,0,1,0,0,0.9918923912020086,4.0,Male,Caucasian,Bachelor,Moderate,A,1,5,6.639671006185107,1,0.2479730978005021,0.9289479246558128,0.9310344827586208
3058,17,0,2,1,9.081931867550733,19,0,2,0,0,0,0,1.175347658120809,4.0,Female,Asian,High School,Moderate,A,0,3,2.270482966887683,1,0.2938369145302023,0.4545656656361513,0.6551724137931034
3059,16,1,0,1,14.689740806448071,14,1,0,1,0,0,0,2.2925396421337085,3.0,Male,Caucasian,High School,,B,1,1,8.672435201612018,0,0.5731349105334271,0.7352784065055566,0.4827586206896551
3060,17,1,1,0,7.343476288625843,9,0,3,0,0,0,1,2.2942213571902887,3.0,Male,African American,,High,B,1,3,3.835869072156461,0,0.5735553392975722,0.3675429735728102,0.3103448275862069
3061,15,0,2,3,0.3776175715246932,23,0,2,0,0,0,1,0.3699206268971446,4.0,Female,Asian,Bachelor,Moderate,A,1,5,2.0944043928811733,1,0.0924801567242861,0.0188496934891642,0.7931034482758621
3062,16,1,2,1,2.010607173836718,25,0,2,1,1,0,0,0.6657412071192984,4.0,Male,Asian,High School,Moderate,A,2,3,4.502651793459179,1,0.1664353017798246,0.1005930253449717,0.8620689655172413
3063,17,0,2,2,9.924389589798489,28,1,4,0,0,0,0,0.7289188138326557,4.0,Female,Asian,Some College,Very High,A,0,6,5.481097397449622,1,0.1822297034581639,0.496736969768575,0.9655172413793104
3064,18,0,0,2,13.799287142527248,25,0,2,0,0,1,0,1.010198033751084,4.0,Female,Caucasian,Some College,Moderate,A,1,4,5.449821785631812,1,0.252549508437771,0.6907045468502082,0.8620689655172413
3065,17,0,1,2,6.694706531585581,13,0,3,0,0,0,0,1.8298105464885008,4.0,Female,African American,Some College,High,A,0,5,1.6736766328963952,1,0.4574526366221252,0.3350671994021303,0.4482758620689655
3066,18,0,0,0,13.909769183553006,25,0,2,1,0,0,0,0.940947219838506,4.0,Female,Caucasian,,Moderate,A,1,2,5.477442295888252,1,0.2352368049596265,0.696234998563366,0.8620689655172413
3067,18,0,0,1,13.97271178863912,25,0,3,1,0,0,0,1.1528666911541523,4.0,Female,Caucasian,High School,High,A,1,4,5.49317794715978,1,0.2882166727885381,0.6993857462767248,0.8620689655172413
3068,15,1,1,3,14.078718146556618,9,1,3,1,0,0,0,3.030196982539537,1.0,Male,African American,Bachelor,High,D,1,6,8.519679536639154,0,0.7575492456348842,0.7046921566064702,0.3103448275862069
3069,16,1,0,3,9.850437080410169,16,0,1,1,0,0,0,1.7570919535414902,4.0,Male,Caucasian,Bachelor,Low,A,1,4,4.462609270102542,1,0.4392729883853725,0.4930350940750982,0.5517241379310345
3070,17,0,1,2,18.29772300243008,20,1,3,0,0,1,0,1.966123442653016,4.0,Female,African American,Some College,High,A,1,5,9.57443075060752,1,0.491530860663254,0.9158848754986448,0.6896551724137931
3071,15,1,3,0,9.783930359612311,13,0,0,0,0,0,1,1.301643735879369,4.0,Male,Other,,,A,1,0,4.445982589903078,1,0.3254109339698423,0.489705935738068,0.4482758620689655
3072,17,0,0,1,9.005303869932764,1,1,4,0,1,1,0,3.772896608478867,0.0,Female,Caucasian,High School,Very High,F,2,5,9.25132596748319,0,0.9432241521197168,0.4507298617646121,0.0344827586206896
3073,18,1,1,2,3.98761638021254,15,1,2,0,1,1,0,1.922165909079572,4.0,Male,African American,Some College,Moderate,A,2,4,7.996904095053135,1,0.480541477269893,0.1995571090170036,0.5172413793103449
3074,16,1,0,1,6.15310174712673,12,0,3,0,0,0,0,1.789036775909554,4.0,Male,Caucasian,High School,High,A,0,4,1.5382754367816824,1,0.4472591939773885,0.3079558328826921,0.4137931034482758
3075,17,1,0,3,0.8466898503660669,26,0,2,1,0,0,1,0.6329881184701,4.0,Male,Caucasian,Bachelor,Moderate,A,2,5,4.211672462591517,1,0.158247029617525,0.042330266114613,0.896551724137931
3076,17,1,0,2,12.670705872323405,8,0,3,1,0,1,0,2.8504352924310816,2.0,Male,Caucasian,Some College,High,C,2,5,7.167676468080851,0,0.7126088231077704,0.6342106211289995,0.2758620689655172
3077,18,0,3,0,4.970714878541857,6,0,4,0,0,0,0,2.684821286526617,2.0,Female,Other,,Very High,C,0,4,1.2426787196354645,0,0.6712053216316543,0.2487685349085716,0.2068965517241379
3078,17,0,2,3,6.083105089709302,15,0,3,1,0,0,0,1.899340250146643,4.0,Female,Asian,Bachelor,High,A,1,6,3.5207762724273257,1,0.4748350625366607,0.3044519771398453,0.5172413793103449
3079,17,1,3,4,15.416290433286424,9,0,1,1,0,0,0,2.4543067018642812,3.0,Male,Other,Higher,Low,B,1,5,5.854072608321606,0,0.6135766754660703,0.7716476443575759,0.3103448275862069
3080,18,1,3,0,6.544423663229077,23,1,2,1,0,0,0,1.2083322825671698,4.0,Male,Other,,Moderate,A,1,2,6.636105915807269,1,0.3020830706417924,0.3275444188755945,0.7931034482758621
3081,15,0,0,2,4.8439178402628436,21,0,2,0,1,0,0,1.5269160461968396,4.0,Female,Caucasian,Some College,Moderate,A,1,4,3.210979460065711,1,0.3817290115492099,0.2424213956716162,0.7241379310344828
3082,18,1,0,1,3.381154982674115,8,1,2,0,1,0,0,2.6867167544354524,2.0,Male,Caucasian,High School,Moderate,C,1,3,5.845288745668529,0,0.6716791886088631,0.1691991843820078,0.2758620689655172
3083,15,0,1,1,15.497168043639116,21,0,2,0,0,1,0,1.1307853592581485,4.0,Female,African American,High School,Moderate,A,1,3,5.8742920109097785,1,0.2826963398145371,0.7756961731010563,0.7241379310344828
3084,16,0,0,1,2.5941251598005377,22,0,2,0,0,0,0,0.7411030550092116,4.0,Female,Caucasian,High School,Moderate,A,0,3,0.6485312899501344,1,0.1852757637523029,0.1298024607895942,0.7586206896551724
3085,15,0,0,2,9.07507520500707,6,1,2,0,0,1,0,2.8934002946535644,2.0,Female,Caucasian,Some College,Moderate,C,1,4,7.268768801251768,0,0.7233500736633911,0.4542224384404997,0.2068965517241379
3086,15,1,0,4,10.138602321543887,15,0,1,1,0,0,0,1.3763806884640657,4.0,Male,Caucasian,Higher,Low,A,1,5,4.534650580385972,1,0.3440951721160164,0.5074599176636574,0.5172413793103449
3087,16,0,1,2,13.747798253714292,8,0,2,0,0,0,0,1.935602560783459,4.0,Female,African American,Some College,Moderate,A,0,4,3.436949563428573,0,0.4839006401958647,0.6881271432224293,0.2758620689655172
3088,15,1,1,0,12.665669646659907,26,1,1,0,1,1,0,1.0583113523259429,4.0,Male,African American,,Low,A,2,1,10.166417411664977,1,0.2645778380814857,0.6339585204021309,0.896551724137931
3089,18,0,0,2,16.214413458903497,23,1,1,0,1,0,0,1.230428755834961,4.0,Female,Caucasian,Some College,Low,A,1,3,9.053603364725872,1,0.3076071889587402,0.8115996656395287,0.7931034482758621
3090,15,1,0,1,0.895028678524763,28,0,3,1,0,0,0,0.1470688699977313,4.0,Male,Caucasian,High School,High,A,1,4,2.223757169631191,1,0.0367672174994328,0.0447499856683093,0.9655172413793104
3091,16,1,1,3,5.928814495587944,16,0,0,0,1,0,1,1.1696905137872946,4.0,Male,African American,Bachelor,,A,2,3,5.482203623896986,1,0.2924226284468236,0.2967285799916729,0.5517241379310345
3092,18,1,1,2,5.6026823755075945,19,0,2,0,0,0,0,1.016215042238629,4.0,Male,African American,Some College,Moderate,A,0,4,1.4006705938768986,1,0.2540537605596572,0.280403230410254,0.6551724137931034
3093,16,0,0,1,2.9203381118421645,6,0,2,1,0,1,0,2.5210277348652257,2.0,Female,Caucasian,High School,Moderate,C,2,3,4.730084527960541,0,0.6302569337163064,0.1461318566146792,0.2068965517241379
3094,16,0,2,1,5.783565077128863,10,0,2,0,0,0,0,2.0278419222415676,3.0,Female,Asian,High School,Moderate,B,0,3,1.4458912692822157,0,0.5069604805603919,0.2894577612441724,0.3448275862068966
3095,17,1,0,2,6.195306282858068,7,0,3,1,0,0,0,2.6709475543243455,2.0,Male,Caucasian,Some College,High,C,1,5,3.548826570714517,0,0.6677368885810864,0.3100684852628558,0.2413793103448275
3096,17,1,0,1,10.437689238549568,6,0,2,0,1,0,0,2.8728793655039593,2.0,Male,Caucasian,High School,Moderate,C,1,3,4.609422309637392,0,0.7182198413759898,0.5224314527401277,0.2068965517241379
3097,16,1,2,2,13.27408957852512,27,1,1,0,1,0,0,1.0296486453677298,4.0,Male,Asian,Some College,Low,A,1,3,8.31852239463128,1,0.2574121613419324,0.6644144843150246,0.9310344827586208
3098,16,0,1,1,7.622010272236281,18,1,3,0,0,0,0,1.757497312769606,4.0,Female,African American,High School,High,A,0,4,4.90550256805907,1,0.4393743281924015,0.3814856807542596,0.6206896551724138
3099,16,0,0,1,14.389404626267623,19,0,4,1,1,0,0,1.895283343248585,4.0,Female,Caucasian,High School,Very High,A,2,5,7.597351156566906,1,0.4738208358121462,0.720244336472265,0.6551724137931034
3100,17,0,1,2,6.7233067715915995,11,0,0,1,1,0,1,2.035367286041147,3.0,Female,African American,Some College,,B,3,2,7.6808266928979,0,0.5088418215102868,0.3364988551252639,0.3793103448275862
3101,17,0,1,3,5.805673546295207,6,0,2,0,0,0,0,2.053147894166025,3.0,Female,African American,Bachelor,Moderate,B,0,5,1.4514183865738015,0,0.5132869735415062,0.2905644553280353,0.2068965517241379
3102,15,1,2,3,10.823761117140489,7,0,2,0,0,0,0,2.329719254270638,3.0,Male,Asian,Bachelor,Moderate,B,0,5,2.705940279285122,0,0.5824298135676595,0.5417572351254968,0.2413793103448275
3103,15,1,2,1,0.4743272061158121,6,0,1,0,1,0,0,1.7562115530004156,4.0,Male,Asian,High School,Low,A,1,2,2.118581801528953,0,0.4390528882501039,0.0236907333481095,0.2068965517241379
3104,16,0,1,1,1.5957824726800074,5,0,2,1,1,1,0,2.8273429543273716,2.0,Female,African American,High School,Moderate,C,3,3,6.398945618170002,0,0.7068357385818429,0.079827949339203,0.1724137931034483
3105,18,0,0,1,8.359390871730541,24,0,3,0,0,0,0,0.6937125121602848,4.0,Female,Caucasian,High School,High,A,0,4,2.0898477179326354,1,0.1734281280400712,0.4183970897204609,0.8275862068965517
3106,18,1,0,2,18.85825422783513,8,1,1,0,0,1,0,2.953961921722677,2.0,Male,Caucasian,Some College,Low,C,1,3,9.714563556958783,0,0.7384904804306692,0.9439436518123182,0.2758620689655172
3107,17,0,0,2,14.430235596868473,26,1,4,0,0,0,0,0.9894684413187074,4.0,Female,Caucasian,Some College,Very High,A,0,6,6.607558899217118,1,0.2473671103296768,0.7222882316538966,0.896551724137931
3108,17,0,0,3,1.762531390011155,12,1,2,0,1,0,0,2.1370681063433614,3.0,Female,Caucasian,Bachelor,Moderate,B,1,5,5.440632847502789,0,0.5342670265858404,0.0881749786569023,0.4137931034482758
3109,17,0,1,3,16.926360255617475,6,0,2,1,1,0,0,3.03210533252155,1.0,Female,African American,Bachelor,Moderate,D,2,5,8.231590063904369,0,0.7580263331303875,0.8472379227264527,0.2068965517241379
3110,16,0,1,1,14.64601541216362,7,0,3,1,0,0,0,2.804363175110951,2.0,Female,African American,High School,High,C,1,4,5.661503853040905,0,0.7010907937777378,0.7330896237904313,0.2413793103448275
3111,18,0,0,2,12.218930514053064,21,0,0,0,0,0,0,0.6128025023431376,4.0,Female,Caucasian,Some College,,A,0,2,3.054732628513266,1,0.1532006255857844,0.6115958886266719,0.7241379310344828
3112,15,0,0,3,16.405859212183547,16,1,2,0,1,0,0,2.202232939648992,3.0,Female,Caucasian,Bachelor,Moderate,B,1,5,9.101464803045886,0,0.550558234912248,0.821182956139725,0.5517241379310345
3113,16,1,0,3,8.082196954859143,16,0,2,0,0,0,0,1.4102620381944773,4.0,Male,Caucasian,Bachelor,Moderate,A,0,5,2.0205492387147856,1,0.3525655095486193,0.4045214628927401,0.5517241379310345
3114,15,0,0,0,4.430021017077054,15,0,2,0,1,0,0,1.4414095429135232,4.0,Female,Caucasian,,Moderate,A,1,2,3.1075052542692636,1,0.3603523857283808,0.2217027668917155,0.5172413793103449
3115,15,0,2,1,10.240467782175187,21,0,2,1,0,0,1,1.2335870210314048,4.0,Female,Asian,High School,Moderate,A,2,3,6.560116945543797,1,0.3083967552578512,0.5125590451420197,0.7241379310344828
3116,16,1,0,2,10.976835111869477,1,0,0,0,0,0,0,2.7905751470187807,2.0,Male,Caucasian,Some College,,C,0,2,2.744208777967369,0,0.6976437867546952,0.5494197323832318,0.0344827586206896
3117,15,1,1,1,10.766527440198242,29,0,1,0,0,0,0,0.3785436345391653,4.0,Male,African American,High School,Low,A,0,2,2.691631860049561,1,0.0946359086347913,0.5388922619248137,1.0
3118,18,1,3,1,11.301475829602106,7,0,1,0,0,0,1,2.1728123218250155,3.0,Male,Other,High School,Low,B,1,2,4.825368957400526,0,0.5432030804562539,0.565670426132876,0.2413793103448275
3119,15,0,0,0,18.974098364783615,16,0,4,1,1,0,0,2.3916876827143443,3.0,Female,Caucasian,,Very High,B,2,4,8.743524591195904,0,0.5979219206785861,0.949742516493834,0.5517241379310345
3120,18,1,0,2,18.04491246192463,12,0,0,0,1,0,0,1.7831074672235316,4.0,Male,Caucasian,Some College,,A,1,2,6.511228115481157,1,0.4457768668058829,0.9032298188590164,0.4137931034482758
3121,18,0,0,1,17.514340731178788,17,0,1,1,1,0,0,1.7859269858399722,4.0,Female,Caucasian,High School,Low,A,2,2,8.378585182794698,1,0.446481746459993,0.8766707391206873,0.5862068965517241
3122,18,0,1,0,16.028336218172544,23,0,4,1,0,0,0,1.2687721230682183,4.0,Female,African American,,Very High,A,1,4,6.007084054543136,1,0.3171930307670546,0.8022851093077874,0.7931034482758621
3123,17,0,1,1,18.868562145305702,27,1,3,1,0,0,0,1.4868656515688805,4.0,Female,African American,High School,High,A,1,4,9.717140536326426,1,0.3717164128922201,0.944459640106026,0.9310344827586208
3124,15,1,0,3,1.969892833588065,21,0,2,1,0,0,0,1.0619359966520148,4.0,Male,Caucasian,Bachelor,Moderate,A,1,5,2.4924732083970165,1,0.2654839991630037,0.0985549683839697,0.7241379310344828
3125,16,1,1,3,5.30246522891479,27,0,0,0,1,0,0,0.0,4.0,Male,African American,Bachelor,,A,1,3,3.3256163072286977,1,0.0,0.2653751188974839,0.9310344827586208
3126,16,1,2,2,9.901118913091697,9,0,3,0,0,0,0,2.1516179803357813,3.0,Male,Asian,Some College,High,B,0,5,2.475279728272924,0,0.5379044950839453,0.4955720985128981,0.3103448275862069
3127,15,1,0,2,16.930689862468103,1,1,1,1,1,0,0,3.5974890937641693,0.0,Male,Caucasian,Some College,Low,F,2,3,11.232672465617023,0,0.8993722734410423,0.8474546519016386,0.0344827586206896
3128,17,1,0,4,10.10331423045465,1,0,3,1,1,0,0,3.812757187598897,0.0,Male,Caucasian,Higher,High,F,2,7,6.5258285576136625,0,0.9531892968997242,0.5056934850198846,0.0344827586206896
3129,17,0,2,1,14.960694786831771,26,0,4,1,0,1,1,1.1767815056705988,4.0,Female,Asian,High School,Very High,A,3,5,9.740173696707943,1,0.2941953764176497,0.748841677885116,0.896551724137931
3130,18,0,1,1,2.7791981049783243,13,0,2,1,1,0,1,1.948327515860377,4.0,Female,African American,High School,Moderate,A,3,3,6.694799526244581,1,0.4870818789650942,0.1390667446244577,0.4482758620689655
3131,15,0,2,1,5.048276259531203,15,0,1,0,1,0,0,1.8080971980423572,4.0,Female,Asian,High School,Low,A,1,2,3.262069064882801,1,0.4520242995105893,0.2526510615924099,0.5172413793103449
3132,15,0,1,1,14.635521900753448,6,0,3,0,1,1,0,3.222140089605496,1.0,Female,African American,High School,High,D,2,4,7.6588804751883615,0,0.805535022401374,0.732564345133225,0.2068965517241379
3133,16,1,2,1,3.294680177754481,20,0,2,1,0,0,0,0.8092601434109807,4.0,Male,Asian,High School,Moderate,A,1,3,2.82367004443862,1,0.2023150358527451,0.1648704742262886,0.6896551724137931
3134,15,1,0,3,7.027118693098535,20,1,2,1,1,0,0,1.2945928801079334,4.0,Male,Caucasian,Bachelor,Moderate,A,2,5,8.756779673274634,1,0.3236482200269833,0.3517069119838811,0.6896551724137931
3135,17,0,2,2,5.2973251562714285,23,1,2,0,0,1,0,1.0777476837996005,4.0,Female,Asian,Some College,Moderate,A,1,4,6.324331289067857,1,0.2694369209499001,0.2651178198532926,0.7931034482758621
3136,15,1,3,2,6.997233884449569,11,1,3,0,0,1,0,2.920181898407056,2.0,Male,Other,Some College,High,C,1,5,6.749308471112393,0,0.730045474601764,0.3502109540014292,0.3793103448275862
3137,16,1,1,3,14.166480981559406,27,0,2,0,0,0,0,0.7961429158962126,4.0,Male,African American,Bachelor,Moderate,A,0,5,3.5416202453898515,1,0.1990357289740531,0.7090853422924552,0.9310344827586208
3138,18,0,0,0,7.35694362285602,22,1,4,0,0,0,0,1.446052351501112,4.0,Female,Caucasian,,Very High,A,0,4,4.8392359057140055,1,0.361513087875278,0.368217114283585,0.7586206896551724
3139,16,0,0,1,11.105266452158803,27,0,3,0,1,0,0,0.9401842567137784,4.0,Female,Caucasian,High School,High,A,1,4,4.776316613039701,1,0.2350460641784446,0.5558486806478703,0.9310344827586208
3140,16,1,0,2,1.998637541088193,13,0,1,1,0,0,0,1.7820606670994417,4.0,Male,Caucasian,Some College,Low,A,1,3,2.4996593852720483,1,0.4455151667748604,0.0999938557846943,0.4482758620689655
3141,18,1,0,2,16.100353864692558,24,1,3,0,0,1,0,1.1058998695955586,4.0,Male,Caucasian,Some College,High,A,1,5,9.02508846617314,1,0.2764749673988896,0.8058901306567444,0.8275862068965517
3142,16,0,0,0,7.397772512962497,3,0,1,1,0,0,0,2.81347034515229,2.0,Female,Caucasian,,Low,C,1,1,3.849443128240624,0,0.7033675862880725,0.370260905320927,0.1034482758620689
3143,16,0,1,2,12.97068318066685,25,0,3,1,1,1,0,1.65178667236737,4.0,Female,African American,Some College,High,A,3,5,9.242670795166712,1,0.4129466680918425,0.6492267269452353,0.8620689655172413
3144,15,0,1,2,14.507792033236653,3,0,1,1,1,0,0,3.603507572240497,0.0,Female,African American,Some College,Low,F,2,3,7.626948008309164,0,0.9008768930601242,0.7261705108224975,0.1034482758620689
3145,15,1,0,2,4.1932184422340075,17,0,2,1,0,0,0,1.5269602894052965,4.0,Male,Caucasian,Some College,Moderate,A,1,4,3.048304610558502,1,0.3817400723513241,0.2098490285505168,0.5862068965517241
3146,18,0,1,2,17.693499699066997,2,1,3,0,1,0,1,3.4590447338738057,1.0,Female,African American,Some College,High,D,2,5,11.42337492476675,0,0.8647611834684514,0.8856389842009346,0.0689655172413793
3147,15,0,0,1,12.32448503213906,0,0,1,1,0,0,0,3.3339700023673537,1.0,Female,Caucasian,High School,Low,D,1,2,5.081121258034765,0,0.8334925005918384,0.6168796809965482,0.0
3148,15,1,0,0,8.57450283502963,16,0,3,0,0,0,0,1.7181817231817458,4.0,Male,Caucasian,,High,A,0,3,2.1436257087574075,1,0.4295454307954364,0.429165050874173,0.5517241379310345
3149,16,1,0,2,3.646703671564391,6,0,3,1,1,1,0,3.1832324893858304,1.0,Male,Caucasian,Some College,High,D,3,5,6.911675917891098,0,0.7958081223464576,0.1824918805321237,0.2068965517241379
3150,17,1,1,1,18.846018758024133,29,1,2,0,1,0,0,0.9966476630212407,4.0,Male,African American,High School,Moderate,A,1,3,9.711504689506032,1,0.2491619157553102,0.943331175120638,1.0
3151,15,1,0,3,15.101364082632502,15,0,2,1,1,0,1,2.525086321570887,2.0,Male,Caucasian,Bachelor,Moderate,C,3,5,9.775341020658123,0,0.6312715803927218,0.7558832272693139,0.5172413793103449
3152,17,1,0,2,4.1604912546649775,29,0,4,0,0,1,0,0.512852046329121,4.0,Male,Caucasian,Some College,Very High,A,1,6,3.0401228136662444,1,0.1282130115822802,0.2082107882638825,1.0
3153,15,0,0,1,6.75421549448449,4,1,1,0,0,1,1,2.864498066852598,2.0,Female,Caucasian,High School,Low,C,2,2,8.688553873621123,0,0.7161245167131495,0.3380460676666638,0.1379310344827586
3154,15,0,2,2,16.193485161761465,18,0,3,0,0,1,0,1.733364046560005,4.0,Female,Asian,Some College,High,A,1,5,6.048371290440366,1,0.4333410116400013,0.810552047984134,0.6206896551724138
3155,18,1,0,2,13.91355326430678,6,0,3,1,0,0,0,2.9868916209305363,2.0,Male,Caucasian,Some College,High,C,1,5,5.478388316076694,0,0.7467229052326341,0.6964244200810455,0.2068965517241379
3156,18,1,1,1,15.315685854314488,13,1,4,0,0,0,0,2.5653680526952476,2.0,Male,African American,High School,Very High,C,0,5,6.828921463578622,0,0.6413420131738119,0.7666116334280064,0.4482758620689655
3157,18,1,1,3,8.824022044258648,1,0,3,0,0,0,1,3.1391893048250425,1.0,Male,African American,Bachelor,High,D,1,6,4.206005511064662,0,0.7847973262062606,0.4416553517894565,0.0344827586206896
3158,17,1,2,3,14.329525252843338,2,1,2,1,0,0,1,3.636416567860031,0.0,Male,Asian,Bachelor,Moderate,F,2,5,10.582381313210837,0,0.9091041419650078,0.7172469263931016,0.0689655172413793
3159,16,1,3,2,7.729874457278275,16,0,4,0,0,1,0,1.467442366638756,4.0,Male,Other,Some College,Very High,A,1,6,3.9324686143195686,1,0.366860591659689,0.3868850892139095,0.5517241379310345
3160,15,0,0,0,4.225258338763929,15,1,3,0,0,0,0,1.7995311493172337,4.0,Female,Caucasian,,High,A,0,3,4.056314584690982,1,0.4498827873293084,0.2114528647849686,0.5172413793103449
3161,15,0,0,2,12.6535406968272,7,1,3,0,1,0,0,3.1831261171881216,1.0,Female,Caucasian,Some College,High,D,1,5,8.1633851742068,0,0.7957815292970304,0.6333513758313181,0.2413793103448275
3162,15,0,2,2,19.520278511975885,17,0,0,0,0,0,0,1.441964197006561,4.0,Female,Asian,Some College,,A,0,2,4.880069627993971,1,0.3604910492516402,0.9770829141067642,0.5862068965517241
3163,17,0,0,1,6.212019427906592,14,0,2,1,1,1,0,1.8815889866263615,4.0,Female,Caucasian,High School,Moderate,A,3,3,7.553004856976648,1,0.4703972466565904,0.3109051030589039,0.4827586206896551
3164,18,1,1,1,9.219391844250794,6,1,3,0,0,1,0,3.1326292974173744,1.0,Male,African American,High School,High,D,1,4,7.304847961062698,0,0.7831573243543436,0.4614465646182243,0.2068965517241379
3165,16,0,1,3,13.480027421397072,26,0,2,1,0,0,0,0.8142853492286524,4.0,Female,African American,Bachelor,Moderate,A,1,5,5.370006855349268,1,0.2035713373071631,0.6747232121891746,0.896551724137931
3166,17,1,1,0,10.830125642449758,8,0,2,0,0,0,0,2.477790374289635,3.0,Male,African American,,Moderate,B,0,2,2.7075314106124395,0,0.6194475935724088,0.5420758271751484,0.2758620689655172
3167,18,1,3,2,16.868555914180984,5,0,1,1,0,0,0,2.9713320163258232,2.0,Male,Other,Some College,Low,C,1,3,6.217138978545246,0,0.7428330040814558,0.8443443835036313,0.1724137931034483
3168,17,1,3,2,15.234854129390316,17,1,2,1,0,0,0,2.071972431377945,3.0,Male,Other,Some College,Moderate,B,1,4,8.808713532347578,0,0.5179931078444863,0.7625654015930953,0.5862068965517241
3169,16,0,2,2,1.1659440772471408,17,1,1,1,1,0,1,1.6356867327778124,4.0,Female,Asian,Some College,Low,A,3,3,9.291486019311783,1,0.4089216831944531,0.0583113257474241,0.5862068965517241
3170,18,1,0,0,19.96842467847548,24,0,1,0,0,0,0,0.9062765162662464,4.0,Male,Caucasian,,Low,A,0,1,4.99210616961887,1,0.2265691290665616,0.9995159784423964,0.8275862068965517
3171,17,0,2,3,15.048049074389343,25,0,2,0,0,0,0,0.8090678531539729,4.0,Female,Asian,Bachelor,Moderate,A,0,5,3.762012268597336,1,0.2022669632884932,0.7532144127186607,0.8620689655172413
3172,16,0,0,1,17.278066325882264,23,1,3,0,0,0,0,1.6838320257206556,4.0,Female,Caucasian,High School,High,A,0,4,7.319516581470566,1,0.4209580064301639,0.8648434396119566,0.7931034482758621
3173,15,1,0,2,13.023954241906928,13,1,2,1,1,0,0,3.138784394067383,1.0,Male,Caucasian,Some College,Moderate,D,2,4,10.255988560476732,0,0.7846960985168457,0.6518933416199971,0.4482758620689655
3174,16,1,2,2,17.125702560935245,13,0,1,0,0,1,0,1.798950340087624,4.0,Male,Asian,Some College,Low,A,1,3,6.281425640233811,1,0.449737585021906,0.8572164946618903,0.4482758620689655
3175,15,1,0,2,2.247659498574188,13,1,1,1,1,1,0,1.687307435197655,4.0,Male,Caucasian,Some College,Low,A,3,3,9.561914874643549,1,0.4218268587994137,0.1124592655346033,0.4482758620689655
3176,17,0,0,4,6.954756711186311,24,1,2,0,0,1,0,0.9030855768578068,4.0,Female,Caucasian,Higher,Moderate,A,1,6,6.738689177796578,1,0.2257713942144517,0.3480846540755515,0.8275862068965517
3177,18,1,0,2,17.528418872089855,3,0,3,0,0,1,0,3.1376243508475437,3.0,Male,Caucasian,Some College,High,B,1,5,6.382104718022464,0,0.7844060877118859,0.8773754552699983,0.1034482758620689
3178,18,0,2,1,4.033104225337844,3,1,3,0,0,0,1,3.189217169770364,2.0,Female,Asian,High School,High,C,1,4,6.008276056334461,0,0.797304292442591,0.2018341155663526,0.1034482758620689
3179,17,1,1,4,1.564841971600455,14,0,1,0,1,0,0,1.795369078193629,3.0,Male,African American,Higher,Low,B,1,5,2.3912104929001137,1,0.4488422695484072,0.0782791460621031,0.4827586206896551
3180,18,1,1,2,15.76237879890438,14,0,2,1,1,0,0,2.435958199527401,4.0,Male,African American,Some College,Moderate,A,2,4,7.940594699726096,0,0.6089895498818503,0.7889719531480842,0.4827586206896551
3181,18,0,0,1,16.709723112865923,17,0,3,0,0,0,0,1.6884896091579062,4.0,Female,Caucasian,High School,High,A,0,4,4.177430778216481,1,0.4221224022894765,0.8363936149444793,0.5862068965517241
3182,15,0,2,1,3.253044363798012,13,1,1,0,0,0,0,1.8440563794665377,1.0,Female,Asian,High School,Low,D,0,2,3.813261090949503,1,0.4610140948666344,0.1627862906206419,0.4482758620689655
3183,17,0,2,3,17.08691965565431,25,1,2,0,0,0,0,1.3055845144947993,2.0,Female,Asian,Bachelor,Moderate,C,0,5,7.271729913913577,1,0.3263961286236998,0.8552751204533692,0.8620689655172413
3184,16,0,0,1,13.735355911943392,0,0,2,1,0,0,0,3.545153035874012,2.0,Female,Caucasian,High School,Moderate,C,1,3,5.4338389779858485,0,0.886288258968503,0.6875043110433375,0.0
3185,15,0,0,2,10.40165366433168,9,0,1,0,0,0,1,2.17234554236808,4.0,Female,Caucasian,Some College,Low,A,1,3,4.600413416082921,0,0.54308638559202,0.5206276029803149,0.3103448275862069
3186,17,0,0,2,16.6050038556277,28,0,0,0,1,0,0,0.3751478505639292,4.0,Female,Caucasian,Some College,,A,1,2,6.151250963906925,1,0.0937869626409823,0.8311516336213906,0.9655172413793104
3187,15,1,3,1,8.384984986379315,19,1,2,1,1,0,0,1.5578704926030598,3.0,Male,Other,High School,Moderate,B,2,3,9.096246246594829,1,0.3894676231507649,0.4196782664066616,0.6551724137931034
3188,16,1,1,2,3.879879124467944,9,1,0,0,0,0,0,2.185710840310208,3.0,Male,African American,Some College,,B,0,2,3.969969781116986,0,0.546427710077552,0.1941640543171478,0.3103448275862069
3189,16,0,3,0,5.697053532212273,9,0,1,0,1,0,0,2.4598046717382283,1.0,Female,Other,,Low,D,1,1,3.424263383053068,0,0.6149511679345571,0.2851272119770717,0.3103448275862069
3190,17,1,0,2,10.103280365866295,26,0,2,0,1,0,0,0.4275685065973586,4.0,Male,Caucasian,Some College,Moderate,A,1,4,4.525820091466574,1,0.1068921266493396,0.5056917898441896,0.896551724137931
3191,16,0,2,2,10.626615853463514,23,0,0,1,0,0,0,0.8719991150294315,3.0,Female,Asian,Some College,,B,1,2,4.656653963365878,1,0.2179997787573578,0.5318886415412319,0.7931034482758621
3192,15,1,2,2,16.111616528824673,1,0,2,1,0,0,0,3.2229374986891246,1.0,Male,Asian,Some College,Moderate,D,1,4,6.027904132206168,0,0.8057343746722812,0.8064539111550577,0.0344827586206896
3193,16,1,1,2,15.827054473046688,28,0,1,1,1,0,0,0.8181261027428247,2.0,Male,African American,Some College,Low,C,2,3,7.956763618261672,1,0.2045315256857061,0.7922094539177936,0.9655172413793104
3194,15,0,3,3,11.627331144091498,27,1,2,1,0,0,0,0.6189366143827062,4.0,Female,Other,Bachelor,Moderate,A,1,5,7.906832786022875,1,0.1547341535956765,0.5819819195260808,0.9310344827586208
3195,15,0,0,2,15.615709667309527,26,0,3,1,0,0,0,1.1746095143108737,0.0,Female,Caucasian,Some College,High,F,1,5,5.903927416827382,1,0.2936523785777184,0.7816300671495533,0.896551724137931
3196,16,0,0,0,3.83546916587342,7,0,3,0,1,1,0,2.8005690841335875,4.0,Female,Caucasian,,High,A,2,3,4.958867291468355,0,0.7001422710333969,0.1919410040430033,0.2413793103448275
3197,17,1,1,1,1.0012905418658868,0,0,2,0,0,0,0,2.995458295719109,3.0,Male,African American,High School,Moderate,B,0,3,0.2503226354664717,0,0.7488645739297772,0.0500691859537317,0.0
3198,18,0,2,2,17.472676452694003,0,0,0,0,1,0,0,3.353659743298607,4.0,Female,Asian,Some College,,A,1,2,6.368169113173501,0,0.8384149358246518,0.8745851306527016,0.0
3199,16,1,1,3,1.5110898752553914,3,0,3,0,0,0,0,2.7326611971495227,0.0,Male,African American,Bachelor,High,F,0,6,0.3777724688138478,0,0.6831652992873807,0.075588451985877,0.1034482758620689
3200,15,0,0,3,4.933768594879946,6,0,1,1,0,0,0,2.555667542727533,4.0,Female,Caucasian,Bachelor,Low,A,1,4,3.2334421487199867,0,0.6389168856818832,0.2469190973359512,0.2068965517241379
3201,15,1,1,3,13.906378992487692,8,0,0,1,0,1,0,2.378050042081803,3.0,Male,African American,Bachelor,,B,2,3,7.476594748121923,0,0.5945125105204507,0.6960652941678731,0.2758620689655172
3202,16,1,0,1,8.188958752546183,15,1,3,0,0,0,0,2.0607924590958486,2.0,Male,Caucasian,High School,High,C,0,4,5.047239688136546,0,0.5151981147739622,0.4098656886278571,0.5172413793103449
3203,17,0,0,2,17.526279398310177,4,0,4,0,0,0,0,3.1152505558547765,3.0,Female,Caucasian,Some College,Very High,B,0,6,4.381569849577544,0,0.7788126389636941,0.8772683586204413,0.1379310344827586
3204,17,1,1,2,5.959595893245391,1,1,2,1,0,0,0,3.453790618896306,1.0,Male,African American,Some College,Moderate,D,1,4,6.489898973311348,0,0.8634476547240765,0.2982694189536208,0.0344827586206896
3205,15,1,2,1,0.2374269333871859,27,0,0,0,1,0,0,0.0,3.0,Male,Asian,High School,,B,1,1,2.0593567333467964,1,0.0,0.0118321044977053,0.9310344827586208
3206,15,0,0,0,6.013112811214882,22,0,3,0,0,0,0,1.0281836891510068,1.0,Female,Caucasian,,High,D,0,3,1.5032782028037206,1,0.2570459222877517,0.3009483405948159,0.7586206896551724
3207,17,1,0,3,11.561500983696632,10,0,0,1,0,0,0,1.989455195588546,4.0,Male,Caucasian,Bachelor,,A,1,3,4.890375245924158,0,0.4973637988971365,0.5786866280927124,0.3448275862068966
3208,18,0,0,1,7.518767508065867,17,1,3,0,0,0,0,1.6720340583678444,1.0,Female,Caucasian,High School,High,D,0,4,4.879691877016467,1,0.4180085145919611,0.3763176089420789,0.5862068965517241
3209,16,0,0,1,10.697455115175105,24,0,2,1,0,0,1,0.8762666604767739,4.0,Female,Caucasian,High School,Moderate,A,2,3,6.674363778793776,1,0.2190666651191934,0.5354346759252308,0.8275862068965517
3210,15,0,2,0,17.531962376700374,24,0,2,1,0,0,0,0.8597452884552536,1.0,Female,Asian,,Moderate,D,1,2,6.3829905941750935,1,0.2149363221138134,0.8775528341540402,0.8275862068965517
3211,15,0,3,3,18.24970108460737,18,1,2,0,0,0,1,1.970600159244711,3.0,Female,Other,Bachelor,Moderate,B,1,5,9.562425271151842,1,0.4926500398111778,0.9134810196753278,0.6206896551724138
3212,17,1,0,2,5.319481293082243,12,0,4,0,1,0,0,2.268850734169383,0.0,Male,Caucasian,Some College,Very High,F,1,6,3.3298703232705607,0,0.5672126835423458,0.2662269000589503,0.4137931034482758
3213,16,1,2,2,9.242809465398016,23,1,3,1,0,0,0,1.11944101772116,4.0,Male,Asian,Some College,High,A,1,5,7.310702366349504,1,0.27986025443029,0.4626187915411642,0.7931034482758621
3214,17,1,2,3,10.982880304829024,10,0,2,0,1,1,0,2.370893096932428,1.0,Male,Asian,Bachelor,Moderate,D,2,5,6.745720076207256,0,0.592723274233107,0.5497223394626186,0.3448275862068966
3215,16,0,2,1,18.982249137764946,19,0,3,0,0,0,0,1.499701931968684,0.0,Female,Asian,High School,High,F,0,4,4.745562284441236,1,0.374925482992171,0.9501505235869292,0.6551724137931034
3216,16,1,0,2,19.972346383287693,18,0,2,1,0,0,0,1.8790984603853385,1.0,Male,Caucasian,Some College,Moderate,D,1,4,6.993086595821923,1,0.4697746150963346,0.9997122890725753,0.6206896551724138
3217,16,1,3,0,4.708144976830533,16,1,3,0,0,0,0,1.699348106354839,1.0,Male,Other,,High,D,0,3,4.177036244207633,1,0.4248370265887097,0.2356249493152848,0.5517241379310345
3218,15,0,0,1,14.539597426916307,4,0,3,0,1,0,0,3.3675911599478865,1.0,Female,Caucasian,High School,High,D,1,4,5.634899356729076,0,0.8418977899869716,0.7277626084370076,0.1379310344827586
3219,18,0,0,3,7.560621244663903,12,0,0,0,0,0,0,1.2878189977208636,3.0,Female,Caucasian,Bachelor,,B,0,3,1.8901553111659757,1,0.3219547494302159,0.3784127012043289,0.4137931034482758
3220,17,1,0,2,0.1621639377242645,29,0,2,0,0,0,0,0.0,1.0,Male,Caucasian,Some College,Moderate,D,0,4,0.0405409844310661,1,0.0,0.0080646291737805,1.0
3221,18,0,0,1,0.1850504487180471,26,0,4,0,0,0,0,0.5764027197831978,0.0,Female,Caucasian,High School,Very High,F,0,5,0.0462626121795117,1,0.1441006799457994,0.0092102700649029,0.896551724137931
3222,17,0,0,1,9.211320151245117,19,1,4,0,1,1,1,1.9922988471433192,1.0,Female,Caucasian,High School,Very High,D,3,5,11.30283003781128,1,0.4980747117858298,0.4610425160688232,0.6551724137931034
3223,16,0,0,2,9.766698260086692,0,0,0,0,1,0,0,3.043931624402609,2.0,Female,Caucasian,Some College,,C,1,2,4.441674565021673,0,0.7609829061006522,0.4888433403926349,0.0
3224,15,0,0,0,0.4513939314688531,9,0,1,0,0,0,0,1.756186167808898,4.0,Female,Caucasian,,Low,A,0,1,0.1128484828672132,0,0.4390465419522245,0.0225427515867115,0.3103448275862069
3225,18,1,2,1,13.73854833548605,7,0,4,1,0,0,1,3.2537859623175915,3.0,Male,Asian,High School,Very High,B,2,5,7.434637083871513,0,0.8134464905793979,0.6876641156965345,0.2413793103448275
3226,15,0,2,1,5.880067771899062,23,0,2,1,1,0,0,1.0933875706255465,2.0,Female,Asian,High School,Moderate,C,2,3,5.470016942974766,1,0.2733468926563866,0.2942884422187551,0.7931034482758621
3227,17,0,0,1,11.197862030718987,28,0,2,0,1,0,0,0.763471998256058,2.0,Female,Caucasian,High School,Moderate,C,1,3,4.799465507679747,1,0.1908679995640145,0.5604837812608253,0.9655172413793104
3228,15,0,2,3,6.018381463308375,7,0,1,0,0,0,0,2.2973555861936927,0.0,Female,Asian,Bachelor,Low,F,0,4,1.504595365827094,0,0.5743388965484232,0.3012120760012762,0.2413793103448275
3229,15,0,2,1,3.342686297386144,18,1,3,1,1,0,0,1.6511561293797232,0.0,Female,Asian,High School,High,F,2,4,7.835671574346536,1,0.4127890323449308,0.1672735392320943,0.6206896551724138
3230,18,0,2,1,8.143474771977505,5,1,1,1,0,0,1,2.827614868021281,3.0,Female,Asian,High School,Low,B,2,2,9.035868692994375,0,0.7069037170053203,0.4075888755284445,0.1724137931034483
3231,16,0,0,2,4.645467295810015,11,0,1,1,0,0,0,2.0557722559036584,3.0,Female,Caucasian,Some College,Low,B,1,3,3.1613668239525037,0,0.5139430639759146,0.2324874630310128,0.3793103448275862
3232,15,0,1,3,10.69601953838336,27,1,1,1,0,0,0,0.7697406121390962,4.0,Female,African American,Bachelor,Low,A,1,4,7.67400488459584,1,0.192435153034774,0.5353628145796803,0.9310344827586208
3233,16,0,3,1,3.976570605729599,6,0,4,0,0,0,0,2.635693450834733,1.0,Female,Other,High School,Very High,D,0,5,0.9941426514323998,0,0.6589233627086832,0.1990041854663055,0.2068965517241379
3234,17,1,1,0,10.168119532892542,15,0,3,0,0,1,0,1.9337798086138684,3.0,Male,African American,,High,B,1,3,4.542029883223135,1,0.4834449521534671,0.5089374746544153,0.5172413793103449
3235,15,0,0,1,3.147570297377351,8,0,3,1,0,1,0,2.7157532703177374,3.0,Female,Caucasian,High School,High,B,2,4,4.786892574344337,0,0.6789383175794343,0.1575065254577782,0.2758620689655172
3236,18,1,1,2,13.4194941897157,20,0,2,1,0,0,0,1.325172784257977,1.0,Male,African American,Some College,Moderate,D,1,4,5.354873547428925,1,0.3312931960644942,0.6716930716183901,0.6896551724137931
3237,17,0,1,2,15.07875368882848,24,0,4,0,0,1,0,1.2450911401798577,4.0,Female,African American,Some College,Very High,A,1,6,5.769688422207119,1,0.3112727850449644,0.7547514081067817,0.8275862068965517
3238,17,0,1,3,2.2078846849986755,21,1,3,0,0,0,0,1.3339741028791137,0.0,Female,African American,Bachelor,High,F,0,6,3.5519711712496687,1,0.3334935257197784,0.1104682389040586,0.7241379310344828
3239,18,0,0,4,9.356048240746784,9,1,3,0,0,0,0,2.622327676479096,4.0,Female,Caucasian,Higher,High,A,0,7,5.339012060186696,0,0.655581919119774,0.4682872384064558,0.3103448275862069
3240,15,0,0,2,1.4174340130974716,9,0,4,0,1,0,0,2.407284043136154,1.0,Female,Caucasian,Some College,Very High,D,1,6,2.354358503274368,0,0.6018210107840385,0.0709002762560515,0.3103448275862069
3241,15,1,2,2,11.963648910840048,9,0,2,0,0,0,0,2.266160309674473,0.0,Male,Asian,Some College,Moderate,F,0,4,2.990912227710012,0,0.5665400774186182,0.5988171368338991,0.3103448275862069
3242,17,0,2,2,5.288085958592907,19,1,3,1,0,0,0,1.7609996788469535,0.0,Female,Asian,Some College,High,F,1,5,6.322021489648227,1,0.4402499197117384,0.264655328971019,0.6551724137931034
3243,15,0,0,0,10.552489136774156,28,0,4,1,0,0,0,0.8130174224118295,0.0,Female,Caucasian,,Very High,F,1,4,4.638122284193539,1,0.2032543556029573,0.5281780454706013,0.9655172413793104
3244,16,1,3,4,10.349220187685823,15,0,3,1,1,0,1,2.19241453410119,4.0,Male,Other,Higher,High,A,3,7,8.587305046921456,0,0.5481036335252975,0.518002915673214,0.5172413793103449
3245,18,1,0,1,18.487086923876006,0,0,2,1,0,0,0,3.211743755038164,1.0,Male,Caucasian,High School,Moderate,D,1,3,6.621771730969002,0,0.802935938759541,0.9253639547593796,0.0
3246,16,0,1,1,10.981664451374458,16,0,0,0,0,0,0,1.2782356660108654,4.0,Female,African American,High School,,A,0,1,2.7454161128436145,1,0.3195589165027163,0.5496614769119423,0.5517241379310345
3247,15,1,2,2,11.659969594366313,29,0,3,1,1,1,0,0.9238316977083888,4.0,Male,Asian,Some College,High,A,3,5,8.914992398591579,1,0.2309579244270972,0.5836157178480641,1.0
3248,17,1,2,1,8.033062515287606,25,1,2,1,0,1,0,1.3250390169983148,2.0,Male,Asian,High School,Moderate,C,2,3,9.0082656288219,1,0.3312597542495787,0.4020619170427489,0.8620689655172413
3249,18,1,3,2,18.981592063656336,20,1,1,0,0,1,0,1.6094102771441563,3.0,Male,Other,Some College,Low,B,1,3,9.745398015914084,1,0.4023525692860391,0.9501176321179096,0.6896551724137931
3250,15,0,0,2,15.543718188792193,28,0,3,1,0,1,0,1.2628487317952892,4.0,Female,Caucasian,Some College,High,A,2,5,7.885929547198048,1,0.3157121829488223,0.7780263557046666,0.9655172413793104
3251,15,0,2,2,5.708105806056832,13,1,2,0,1,0,0,2.2435930907680928,2.0,Female,Asian,Some College,Moderate,C,1,4,6.427026451514208,0,0.5608982726920232,0.2856804608693842,0.4482758620689655
3252,17,0,0,3,16.88419171552464,18,0,2,1,0,0,0,1.5576879646413533,1.0,Female,Caucasian,Bachelor,Moderate,D,1,5,6.22104792888116,1,0.3894219911603383,0.8451270721969679,0.6206896551724138
3253,17,1,2,1,8.6479272037018,20,0,3,0,1,0,0,1.1625740735001573,2.0,Male,Asian,High School,High,C,1,4,4.1619818009254494,1,0.2906435183750393,0.4328404891783574,0.6896551724137931
3254,16,0,2,2,16.57334287067188,20,1,2,0,0,1,0,1.6806611823420308,4.0,Female,Asian,Some College,Moderate,A,1,4,9.14333571766797,1,0.4201652955855077,0.8295667647425802,0.6896551724137931
3255,18,1,1,2,16.45776136587004,16,0,0,0,1,0,1,1.599424076132399,1.0,Male,African American,Some College,,D,2,2,8.11444034146751,1,0.3998560190330997,0.8237810467624819,0.5517241379310345
3256,18,0,0,2,3.777403735257088,13,0,2,0,0,0,0,1.2738181762310288,2.0,Female,Caucasian,Some College,Moderate,C,0,4,0.944350933814272,1,0.3184545440577572,0.1890343953557826,0.4482758620689655
3257,17,0,2,2,14.022822627671538,7,0,0,0,0,0,0,2.210289203345338,4.0,Female,Asian,Some College,,A,0,2,3.5057056569178844,0,0.5525723008363345,0.7018941682157257,0.2413793103448275
3258,16,1,0,1,5.812859386130622,20,1,1,0,0,0,0,1.0085719028530793,1.0,Male,Caucasian,High School,Low,D,0,2,4.4532148465326555,1,0.2521429757132698,0.2909241603068652,0.6896551724137931
3259,18,0,0,2,5.949853399853364,20,1,0,0,0,0,0,0.968725634893168,1.0,Female,Caucasian,Some College,,D,0,2,4.487463349963341,1,0.242181408723292,0.2977817343600877,0.6896551724137931
3260,17,1,2,1,5.926961537611614,8,1,1,0,0,0,0,2.681277359272072,3.0,Male,Asian,High School,Low,B,0,2,4.481740384402904,0,0.670319339818018,0.2966358255990182,0.2758620689655172
3261,15,1,0,3,14.511364951198964,7,0,2,0,1,0,1,2.401373852557811,4.0,Male,Caucasian,Bachelor,Moderate,A,2,5,7.627841237799741,0,0.6003434631394527,0.7263493620645833,0.2413793103448275
3262,18,0,2,1,4.596520835850722,12,1,2,1,0,0,0,2.376854346050859,3.0,Female,Asian,High School,Moderate,B,1,3,6.1491302089626805,0,0.5942135865127147,0.2300373269652628,0.4137931034482758
3263,16,1,0,2,0.0181167049218045,16,0,4,1,0,1,0,1.94767693624079,1.0,Male,Caucasian,Some College,Very High,D,2,6,4.004529176230451,1,0.4869192340601975,0.0008539888015386,0.5517241379310345
3264,16,0,0,0,14.304737069652662,18,1,2,1,0,0,0,1.7797561259491266,1.0,Female,Caucasian,,Moderate,D,1,2,8.576184267413165,1,0.4449390314872816,0.7160060925985758,0.6206896551724138
3265,16,0,2,1,3.4236948767025055,27,0,3,1,0,0,0,0.5575488870769554,2.0,Female,Asian,High School,High,C,1,4,2.8559237191756264,1,0.1393872217692388,0.1713286239508515,0.9310344827586208
3266,15,1,1,2,2.089647906156693,6,0,2,0,1,1,0,2.7954058088138596,3.0,Male,African American,Some College,Moderate,B,2,4,4.522411976539173,0,0.6988514522034649,0.1045496046171299,0.2068965517241379
3267,18,0,0,3,4.750322411881203,16,0,3,0,0,0,0,1.5147637597128956,0.0,Female,Caucasian,Bachelor,High,F,0,6,1.1875806029703009,1,0.3786909399282239,0.2377362451038754,0.5517241379310345
3268,18,1,2,2,7.598010446454079,0,1,3,0,0,0,0,3.040729612939948,4.0,Male,Asian,Some College,High,A,0,5,4.89950261161352,0,0.760182403234987,0.3802843101389058,0.0
3269,15,0,1,3,9.518126549464014,4,1,2,1,0,0,0,3.2084617461840477,3.0,Female,African American,Bachelor,Moderate,B,1,5,7.379531637366004,0,0.8021154365460119,0.4764004688626342,0.1379310344827586
3270,18,0,1,2,0.8914008142526164,24,0,1,1,0,0,0,0.621119927824666,1.0,Female,African American,Some College,Low,D,1,3,2.222850203563154,1,0.1552799819561665,0.0445683839528385,0.8275862068965517
3271,15,0,0,2,19.411466652547208,5,0,2,0,0,0,1,2.7996697335356093,2.0,Female,Caucasian,Some College,Moderate,C,1,4,6.852866663136802,0,0.6999174333839023,0.9716360674627116,0.1724137931034483
3272,15,0,2,1,14.321261068391165,25,1,3,0,0,0,0,1.3023928842500831,4.0,Female,Asian,High School,High,A,0,4,6.580315267097792,1,0.3255982210625208,0.716833242208441,0.8620689655172413
3273,15,0,2,3,6.463881306486723,1,0,2,1,1,0,0,3.482452519043289,4.0,Female,Asian,Bachelor,Moderate,A,2,5,5.615970326621681,0,0.8706131297608223,0.3235126720804419,0.0344827586206896
3274,16,1,2,1,6.373945145707946,26,1,3,0,1,0,0,1.2523485891697117,2.0,Male,Asian,High School,High,C,1,4,6.5934862864269865,1,0.3130871472924279,0.3190106951995309,0.896551724137931
3275,18,1,0,3,8.970850987369188,24,1,1,0,1,0,0,1.16974580305184,1.0,Male,Caucasian,Bachelor,Low,D,1,4,7.242712746842297,1,0.29243645076296,0.4490052375485141,0.8275862068965517
3276,15,1,2,3,12.52489645526066,15,0,0,1,1,0,0,2.2847914471212656,0.0,Male,Asian,Bachelor,,F,2,3,7.131224113815165,0,0.5711978617803164,0.6269117702668834,0.5172413793103449
3277,18,1,1,3,2.927461331779355,21,0,2,0,0,0,0,1.021019253339771,2.0,Male,African American,Bachelor,Moderate,C,0,5,0.7318653329448388,1,0.2552548133349427,0.1464884269996856,0.7241379310344828
3278,16,1,1,2,3.7785962752990465,4,0,3,1,0,0,1,2.8973550040674096,0.0,Male,African American,Some College,High,F,2,5,4.944649068824762,0,0.7243387510168524,0.1890940908959521,0.1379310344827586
3279,15,1,0,2,17.18869165667102,4,0,2,0,1,0,0,3.2759034528026745,3.0,Male,Caucasian,Some College,Moderate,B,1,4,6.297172914167755,0,0.8189758632006686,0.8603695695796587,0.1379310344827586
3280,17,0,2,2,5.125098477781451,11,0,3,1,1,0,0,2.430091199210449,4.0,Female,Asian,Some College,High,A,2,5,5.281274619445362,0,0.6075227998026123,0.256496587657878,0.3793103448275862
3281,16,0,2,1,7.603899959503551,2,1,1,1,0,1,0,3.228448079477929,1.0,Female,Asian,High School,Low,D,2,2,8.900974989875888,0,0.8071120198694822,0.3805791242754994,0.0689655172413793
3282,17,1,0,2,17.42543701900234,29,0,2,0,0,0,0,0.2145700909687167,0.0,Male,Caucasian,Some College,Moderate,F,0,4,4.356359254750585,1,0.0536425227421791,0.872220444007134,1.0
3283,18,1,0,0,13.26295658799645,15,0,3,1,0,0,0,2.024030375549312,1.0,Male,Caucasian,,High,D,1,3,5.315739146999112,0,0.506007593887328,0.6638571949495295,0.5172413793103449
3284,18,0,2,2,6.834237586833767,5,0,3,1,0,0,0,3.03416743887847,3.0,Female,Asian,Some College,High,B,1,5,3.708559396708442,0,0.7585418597196175,0.3420517713413484,0.1724137931034483
3285,16,0,0,1,13.673990914492416,14,0,1,1,0,0,0,1.6998253090682822,0.0,Female,Caucasian,High School,Low,F,1,2,5.4184977286231035,1,0.4249563272670705,0.6844325343805444,0.4827586206896551
3286,18,0,3,1,0.3936643076282742,14,1,2,0,1,1,1,2.0956481907808393,1.0,Female,Other,High School,Moderate,D,3,3,9.098416076907068,0,0.5239120476952098,0.019652952537881,0.4827586206896551
3287,17,1,1,1,14.712853200227304,28,0,3,0,0,0,0,0.5242135665585334,1.0,Male,African American,High School,High,D,0,4,3.678213300056826,1,0.1310533916396333,0.7364353545179647,0.9655172413793104
3288,15,1,1,2,9.74032081032479,15,0,0,0,0,0,0,1.3026414038177534,3.0,Male,African American,Some College,,B,0,2,2.4350802025811973,1,0.3256603509544383,0.4875229519306726,0.5172413793103449
3289,15,1,0,2,16.263642945689224,19,1,3,1,0,1,0,2.1371244106086893,2.0,Male,Caucasian,Some College,High,C,2,5,11.065910736422309,0,0.5342811026521723,0.8140639693128155,0.6551724137931034
3290,15,0,0,0,19.092753040129367,12,0,2,1,0,0,1,2.4222760935888,3.0,Female,Caucasian,,Moderate,B,2,2,8.773188260032342,0,0.6055690233972,0.9556820696234428,0.4137931034482758
3291,16,0,3,2,18.515770989891365,11,0,1,0,0,0,0,2.569614181305555,0.0,Female,Other,Some College,Low,F,0,3,4.628942747472841,0,0.6424035453263888,0.9267998066006576,0.3793103448275862
3292,18,1,0,1,18.185300869106815,9,0,3,0,1,0,0,2.70295861751592,0.0,Male,Caucasian,High School,High,F,1,4,6.546325217276704,0,0.67573965437898,0.9102573076689596,0.3103448275862069
3293,17,1,2,2,10.243399118677743,13,1,1,1,1,0,1,2.3116704996467785,4.0,Male,Asian,Some College,Low,A,3,3,11.560849779669436,0,0.5779176249116946,0.5127057804379274,0.4482758620689655
3294,18,0,0,2,7.202842282778761,1,0,4,0,1,0,0,3.3849920887606735,1.0,Female,Caucasian,Some College,Very High,D,1,6,3.80071057069469,0,0.8462480221901684,0.360503190714491,0.0344827586206896
3295,18,0,0,2,9.300706494613456,28,1,3,0,0,0,0,0.3907558869817938,0.0,Female,Caucasian,Some College,High,F,0,5,5.325176623653364,1,0.0976889717454484,0.465516970479917,0.9655172413793104
3296,18,0,0,2,13.797920066267215,2,1,3,0,0,0,0,3.597766084455523,2.0,Female,Caucasian,Some College,High,C,0,5,6.449480016566804,0,0.8994415211138808,0.6906361144681294,0.0689655172413793
3297,15,0,1,1,17.679955537423734,8,0,0,0,1,0,0,2.275665113075239,2.0,Female,African American,High School,,C,1,1,6.419988884355933,0,0.5689162782688097,0.884960997704054,0.2758620689655172
3298,17,1,3,2,4.139726060002391,10,0,4,1,0,0,0,2.7105767007709916,3.0,Male,Other,Some College,Very High,B,1,6,3.034931515000598,0,0.6776441751927479,0.2071713351063419,0.3448275862068966
3299,17,0,0,2,18.36386316923406,10,0,3,0,1,0,1,2.5559753763709523,0.0,Female,Caucasian,Some College,High,F,2,5,8.590965792308516,0,0.6389938440927381,0.9191956850692642,0.3448275862068966
3300,18,0,0,2,16.303604639397783,24,0,1,0,1,0,1,1.027727966185627,0.0,Female,Caucasian,Some College,Low,F,2,3,8.075901159849446,1,0.2569319915464067,0.816064350690452,0.8275862068965517
3301,15,0,0,2,19.57712030356469,21,1,2,1,0,0,0,2.0956913654305778,4.0,Female,Caucasian,Some College,Moderate,A,1,4,9.894280075891173,0,0.5239228413576444,0.9799282705172052,0.7241379310344828
3302,15,1,1,0,17.605035465633744,9,0,1,0,0,0,0,2.380839869039285,4.0,Male,African American,,Low,A,0,1,4.401258866408436,0,0.5952099672598212,0.8812106882824146,0.3103448275862069
3303,17,1,0,2,5.598746593838133,25,0,4,0,0,0,0,0.66207873669096,4.0,Male,Caucasian,Some College,Very High,A,0,6,1.3996866484595332,1,0.16551968417274,0.2802062151281828,0.8620689655172413
3304,15,0,2,2,2.119118226880954,13,1,3,1,0,0,0,1.9965131156897775,0.0,Female,Asian,Some College,High,F,1,5,5.529779556720238,1,0.4991282789224444,0.1060248143817541,0.4482758620689655
3305,15,0,1,1,2.2448214398317723,8,0,4,1,0,0,0,2.1398641508658107,3.0,Female,African American,High School,Very High,B,1,5,2.561205359957943,0,0.5349660377164527,0.1123171994875942,0.2758620689655172
3306,15,0,1,0,5.8244663715655225,19,0,3,0,1,0,0,1.361434707190739,3.0,Female,African American,,High,B,1,3,3.4561165928913806,1,0.3403586767976847,0.2915051766592701,0.6551724137931034
3307,16,1,0,0,12.283674479690784,26,0,2,0,1,0,0,0.4958590410264636,3.0,Male,Caucasian,,Moderate,B,1,2,5.070918619922696,1,0.1239647602566159,0.6148368078960244,0.896551724137931
3308,18,1,3,3,16.086406521943452,20,0,1,0,0,1,0,1.28766735664722,3.0,Male,Other,Bachelor,Low,B,1,4,6.021601630485863,1,0.321916839161805,0.8051919619328085,0.6896551724137931
3309,17,1,0,2,17.985006139631295,9,1,1,1,0,0,1,2.6650755516566824,2.0,Male,Caucasian,Some College,Low,C,2,3,11.496251534907824,0,0.6662688879141706,0.9002310597875859,0.3103448275862069
3310,17,0,0,1,12.475067687384657,21,0,1,0,0,0,0,0.954787542101481,0.0,Female,Caucasian,High School,Low,F,0,2,3.1187669218461647,1,0.2386968855253702,0.6244174680969938,0.7241379310344828
3311,16,1,1,1,0.1126262549610745,28,0,2,0,0,0,0,0.0,1.0,Male,African American,High School,Moderate,D,0,3,0.0281565637402686,1,0.0,0.0055848979888752,0.9655172413793104
3312,18,0,1,2,3.7263355303706702,8,0,4,0,0,0,1,2.3169599744650875,0.0,Female,African American,Some College,Very High,F,1,6,2.9315838825926677,0,0.5792399936162719,0.186478050102022,0.2758620689655172
3313,17,0,0,3,1.994524077067359,28,0,4,1,0,0,1,0.6743629436081446,3.0,Female,Caucasian,Bachelor,Very High,B,2,7,4.49863101926684,1,0.1685907359020361,0.0997879461732333,0.9655172413793104
3314,15,0,0,0,7.2664895113802,4,0,1,0,0,0,0,2.53663378226987,2.0,Female,Caucasian,,Low,C,0,1,1.81662237784505,0,0.6341584455674675,0.3636892100999812,0.1379310344827586
3315,17,1,2,1,10.027019872674918,7,0,3,0,0,1,0,2.3433313526833226,2.0,Male,Asian,High School,High,C,1,4,4.50675496816873,0,0.5858328381708306,0.5018743823153209,0.2413793103448275
3316,15,0,0,3,0.8679435715712169,10,1,2,0,0,0,0,2.2404508383745223,0.0,Female,Caucasian,Bachelor,Moderate,F,0,5,3.2169858928928043,0,0.5601127095936306,0.0433941736760473,0.3448275862068966
3317,16,1,2,0,6.969559515913106,0,1,2,0,0,0,0,3.0526409582889382,1.0,Male,Asian,,Moderate,D,0,2,4.742389878978276,0,0.7631602395722346,0.3488256450637769,0.0
3318,15,1,1,1,3.5835934925064516,20,0,3,1,0,0,0,0.9538406849215224,3.0,Male,African American,High School,High,B,1,4,2.895898373126613,1,0.2384601712303806,0.1793327444893047,0.6896551724137931
3319,17,0,0,4,12.94140332517748,9,0,2,1,0,1,1,2.596111264562239,2.0,Female,Caucasian,Higher,Moderate,C,3,6,9.23535083129437,0,0.6490278161405597,0.6477610513888393,0.3103448275862069
3320,17,0,0,2,9.2854473864868,0,0,4,1,0,1,1,4.0,3.0,Female,Caucasian,Some College,Very High,B,3,6,8.3213618466217,0,1.0,0.4647531380968724,0.0
3321,17,1,0,1,9.906352938678175,25,0,3,1,1,0,0,1.0823899503415932,3.0,Male,Caucasian,High School,High,B,2,4,6.476588234669544,1,0.2705974875853983,0.4958341006039411,0.8620689655172413
3322,16,0,2,0,8.553835760669221,29,0,3,0,1,0,0,0.5282255514744685,3.0,Female,Asian,,High,B,1,3,4.138458940167306,1,0.1320563878686171,0.4281305093709451,1.0
3323,16,1,1,0,19.12039420973134,21,0,1,1,0,0,0,1.4627462917493628,4.0,Male,African American,,Low,A,1,1,6.780098552432835,1,0.3656865729373407,0.95706571670635,0.7241379310344828
3324,18,0,0,1,4.294702502431265,6,0,1,0,0,0,0,2.006721725237717,3.0,Female,Caucasian,High School,Low,B,0,2,1.0736756256078162,0,0.5016804313094293,0.2149290640871999,0.2068965517241379
3325,17,1,1,3,10.333285196877489,27,0,2,0,0,0,0,0.4733008709069619,3.0,Male,African American,Bachelor,Moderate,B,0,5,2.583321299219372,1,0.1183252177267404,0.5172052503115235,0.9310344827586208
3326,15,1,3,2,14.72034736730672,13,1,3,1,0,0,1,2.3780489451557907,1.0,Male,Other,Some College,High,D,2,5,10.68008684182668,0,0.5945122362889477,0.7368104935792841,0.4482758620689655
3327,16,1,0,2,11.13688826269125,4,0,4,1,1,0,0,3.546432808712968,1.0,Male,Caucasian,Some College,Very High,D,2,6,6.784222065672813,0,0.886608202178242,0.5574315885540662,0.1379310344827586
3328,17,1,3,3,18.580417714336026,16,1,2,1,0,0,0,2.288466675256948,4.0,Male,Other,Bachelor,Moderate,A,1,5,9.645104428584006,0,0.572116668814237,0.9300358582216776,0.5517241379310345
3329,17,0,0,2,7.559367112825683,21,0,3,1,0,0,0,1.3399355086329854,4.0,Female,Caucasian,Some College,High,A,1,5,3.8898417782064207,1,0.3349838771582463,0.3783499225345215,0.7241379310344828
3330,16,0,0,1,9.27351611546356,25,0,2,1,0,0,0,0.8131476267952477,3.0,Female,Caucasian,High School,Moderate,B,1,3,4.318379028865889,1,0.2032869066988119,0.4641558888275976,0.8620689655172413
3331,18,1,0,2,1.7704463042945684,20,1,1,0,1,0,1,1.5561060712293842,2.0,Male,Caucasian,Some College,Low,C,2,3,7.442611576073642,1,0.389026517807346,0.0885711792597496,0.6896551724137931
3332,16,1,0,3,12.17998222103857,5,0,3,1,1,0,0,3.262922354666704,2.0,Male,Caucasian,Bachelor,High,C,2,6,7.044995555259643,0,0.815730588666676,0.6096462355262521,0.1724137931034483
3333,16,0,0,3,5.764239368962121,15,1,3,1,0,0,0,2.179357068500431,0.0,Female,Caucasian,Bachelor,High,F,1,6,6.441059842240531,0,0.5448392671251078,0.2884903651420871,0.5172413793103449
3334,15,0,0,0,3.206180790311377,10,0,1,1,1,0,1,2.220050546998637,2.0,Female,Caucasian,,Low,C,3,1,6.801545197577845,0,0.5550126367496593,0.1604404185868926,0.3448275862068966
3335,15,0,3,2,10.89062585809016,9,0,2,1,0,0,0,2.226513595090375,2.0,Female,Other,Some College,Moderate,C,1,4,4.72265646452254,0,0.5566283987725937,0.545104315046375,0.3103448275862069
3336,18,0,2,2,10.646205267598212,14,0,2,0,0,0,0,1.5656478476708735,1.0,Female,Asian,Some College,Moderate,D,0,4,2.661551316899553,1,0.3914119619177184,0.5328692380975152,0.4827586206896551
3337,17,0,2,3,1.517432824480951,6,0,1,1,0,0,0,2.0787778990811447,0.0,Female,Asian,Bachelor,Low,F,1,4,2.3793582061202376,0,0.5196944747702862,0.075905963991315,0.2068965517241379
3338,16,0,0,1,13.964309069889456,22,1,4,0,0,1,0,1.5624112622115092,0.0,Female,Caucasian,High School,Very High,F,1,5,8.491077267472363,1,0.3906028155528773,0.6989651274152989,0.7586206896551724
3339,18,1,0,2,12.475443813017058,1,1,2,1,0,1,0,3.5729453198762804,1.0,Male,Caucasian,Some College,Moderate,D,2,4,10.118860953254265,0,0.8932363299690701,0.6244362959954356,0.0344827586206896
3340,15,0,0,3,3.780345654929944,11,1,1,0,1,0,0,2.073033167181521,2.0,Female,Caucasian,Bachelor,Low,C,1,4,5.945086413732486,0,0.5182582917953803,0.1891816604184449,0.3793103448275862
3341,16,0,2,2,9.388697243080877,18,0,1,0,1,0,0,1.2889376961826329,2.0,Female,Asian,Some College,Low,C,1,3,4.347174310770219,1,0.3222344240456582,0.4699215649378546,0.6206896551724138
3342,17,1,3,2,14.4064583295712,11,0,4,0,0,0,0,2.5474496063949026,0.0,Male,Other,Some College,Very High,F,0,6,3.6016145823928,0,0.6368624015987256,0.7210980017537469,0.3793103448275862
3343,15,0,0,0,10.58871481082553,15,0,3,0,0,0,1,2.037768574636005,2.0,Female,Caucasian,,High,C,1,3,4.647178702706382,0,0.5094421436590012,0.5299914111475715,0.5172413793103449
3344,15,0,0,1,7.909781523671404,5,0,3,0,0,0,0,2.915898132959834,0.0,Female,Caucasian,High School,High,F,0,4,1.977445380917851,0,0.7289745332399585,0.3958907822143775,0.1724137931034483
3345,15,0,1,1,6.446769161618873,2,1,0,0,0,0,1,2.799063885002723,2.0,Female,African American,High School,,C,1,1,6.611692290404719,0,0.6997659712506807,0.3226560813619726,0.0689655172413793
3346,18,0,0,3,12.207877332881072,1,0,3,0,1,0,0,3.2501100112534,3.0,Female,Caucasian,Bachelor,High,B,1,6,5.051969333220268,0,0.81252750281335,0.6110425943158415,0.0344827586206896
3347,17,0,0,1,18.782173966204812,19,0,2,0,0,1,0,1.823323102645846,1.0,Female,Caucasian,High School,Moderate,D,1,3,6.695543491551203,1,0.4558307756614615,0.9401352662198328,0.6551724137931034
3348,16,1,1,2,13.434896809549668,4,0,3,0,0,1,0,2.992912336093737,4.0,Male,African American,Some College,High,A,1,5,5.3587242023874175,0,0.7482280840234342,0.6724640878347545,0.1379310344827586
3349,18,0,2,2,1.49491807272631,10,1,4,0,0,1,0,2.6317363035461985,3.0,Female,Asian,Some College,Very High,B,1,6,5.373729518181578,0,0.6579340758865496,0.0747789324280246,0.3448275862068966
3350,18,1,0,1,9.213699469642677,25,1,1,1,0,0,0,0.9326697393710618,2.0,Male,Caucasian,High School,Low,C,1,2,7.303424867410669,1,0.2331674348427654,0.4611616187337067,0.8620689655172413
3351,18,1,0,2,17.81648263021255,24,0,2,0,0,1,0,0.8722095356275656,4.0,Male,Caucasian,Some College,Moderate,A,1,4,6.454120657553138,1,0.2180523839068914,0.8917951988755398,0.8275862068965517
3352,15,0,3,2,1.8892485160217376,2,0,0,0,1,0,0,2.4515024403351484,3.0,Female,Other,Some College,,B,1,2,2.4723121290054344,0,0.6128756100837871,0.0945181176876908,0.0689655172413793
3353,17,1,0,3,19.77751424275087,2,0,2,0,1,0,1,3.4959497421090022,1.0,Male,Caucasian,Bachelor,Moderate,D,2,5,8.944378560687717,0,0.8739874355272506,0.9899594845859268,0.0689655172413793
3354,18,0,0,2,18.981387872908428,21,0,1,0,0,0,0,1.0888824821778935,4.0,Female,Caucasian,Some College,Low,A,0,3,4.745346968227107,1,0.2722206205444734,0.9501074108451932,0.7241379310344828
3355,16,1,0,2,1.5654896145975172,4,1,4,1,1,0,0,3.9794209177543953,4.0,Male,Caucasian,Some College,Very High,A,2,6,7.391372403649379,0,0.9948552294385988,0.0783115654335174,0.1379310344827586
3356,17,1,0,1,18.668266408991094,21,0,2,0,1,1,0,1.521013489971915,1.0,Male,Caucasian,High School,Moderate,D,2,3,8.667066602247774,1,0.3802533724929787,0.934433341824832,0.7241379310344828
3357,16,0,0,3,7.262651805189244,22,0,3,0,0,0,0,0.7662574469888989,3.0,Female,Caucasian,Bachelor,High,B,0,6,1.815662951297311,1,0.1915643617472247,0.3634971042284629,0.7586206896551724
3358,17,0,2,1,16.89418334151725,10,0,3,0,0,0,1,2.4713957791802716,4.0,Female,Asian,High School,High,A,1,4,6.223545835379313,0,0.6178489447950679,0.8456272277387649,0.3448275862068966
3359,16,0,0,2,8.36766675426543,2,0,4,1,0,0,0,3.286585133610396,1.0,Female,Caucasian,Some College,Very High,D,1,6,4.091916688566357,0,0.821646283402599,0.4188113594815735,0.0689655172413793
3360,15,0,0,1,8.817102254050317,12,1,2,1,0,1,0,2.1214734424871557,3.0,Female,Caucasian,High School,Moderate,B,2,3,9.20427556351258,0,0.5303683606217889,0.4413089645824766,0.4137931034482758
3361,18,0,1,3,12.684861819550852,20,0,2,0,0,0,0,1.3476334931151803,2.0,Female,African American,Bachelor,Moderate,C,0,5,3.171215454887713,1,0.3369083732787951,0.6349192320658409,0.6896551724137931
3362,16,1,1,2,15.489548385519669,7,0,0,0,0,0,0,2.4629431182407853,0.0,Male,African American,Some College,,F,0,2,3.872387096379917,0,0.6157357795601963,0.7753147522754712,0.2413793103448275
3363,17,1,2,2,0.6757830189649727,19,1,0,0,0,0,0,1.0410289006678957,2.0,Male,Asian,Some College,,C,0,2,3.168945754741243,1,0.2602572251669739,0.0337751021283485,0.6551724137931034
3364,18,1,2,1,11.863119910542686,9,0,3,1,0,0,0,2.6699790353047614,2.0,Male,Asian,High School,High,C,1,4,4.9657799776356715,0,0.6674947588261904,0.5937849091817419,0.3103448275862069
3365,18,1,0,2,3.73465988194742,1,1,0,0,0,0,0,2.735041610764964,0.0,Male,Caucasian,Some College,,F,0,2,3.933664970486855,0,0.683760402691241,0.186894746100857,0.0344827586206896
3366,17,1,2,2,6.918990357264059,3,0,2,0,0,0,0,2.742091793566248,2.0,Male,Asian,Some College,Moderate,C,0,4,1.7297475893160148,0,0.685522948391562,0.3462942808032418,0.1034482758620689
3367,16,1,0,2,6.95937332310433,17,0,0,0,0,0,0,0.9842942952193188,2.0,Male,Caucasian,Some College,,C,0,2,1.7398433307760826,1,0.2460735738048297,0.3483157499989608,0.5862068965517241
3368,15,1,3,1,9.381206804423073,18,0,3,0,0,1,0,1.4547228982036302,1.0,Male,Other,High School,High,D,1,4,4.345301701105768,1,0.3636807245509075,0.469546612511897,0.6206896551724138
3369,15,0,0,4,6.682728237523468,3,0,2,0,0,1,1,3.1585923238952263,1.0,Female,Caucasian,Higher,Moderate,D,2,6,5.670682059380867,0,0.7896480809738066,0.3344675962783875,0.1034482758620689
3370,16,0,3,3,2.147222369013355,19,0,1,0,0,0,1,1.0674108498772592,3.0,Female,Other,Bachelor,Low,B,1,4,2.536805592253339,1,0.2668527124693148,0.1074316366992992,0.6551724137931034
3371,18,1,2,1,2.912574770509029,25,0,1,0,1,0,1,0.5694198849254213,4.0,Male,Asian,High School,Low,A,2,2,4.728143692627257,1,0.1423549712313553,0.1457432433705986,0.8620689655172413
3372,18,1,0,3,0.6687597112219534,8,0,2,0,0,0,1,1.934761727404891,3.0,Male,Caucasian,Bachelor,Moderate,B,1,5,2.1671899278054885,0,0.4836904318512227,0.0334235330952388,0.2758620689655172
3373,18,0,1,2,9.404981706575086,15,0,3,0,0,0,0,1.8491038760645369,1.0,Female,African American,Some College,High,D,0,5,2.3512454266437715,1,0.4622759690161342,0.4707367240188532,0.5172413793103449
3374,18,0,3,2,19.08895389705977,25,0,2,0,0,0,0,0.825019641346986,1.0,Female,Other,Some College,Moderate,D,0,4,4.772238474264943,1,0.2062549103367465,0.9554918941243054,0.8620689655172413
3375,16,0,2,1,2.313504472962331,5,1,3,1,0,0,0,2.913898458953871,0.0,Female,Asian,High School,High,F,1,4,5.578376118240583,0,0.7284746147384678,0.1157552985190306,0.1724137931034483
3376,18,0,0,2,18.92528986006164,24,0,1,1,0,1,1,1.1645391660958937,0.0,Female,Caucasian,Some College,Low,F,3,3,10.73132246501541,1,0.2911347915239734,0.9472992861185606,0.8275862068965517
3377,17,1,2,2,14.667230294641872,3,0,0,1,0,0,0,2.928219390714798,1.0,Male,Asian,Some College,,D,1,2,5.666807573660468,0,0.7320548476786995,0.734151587183368,0.1034482758620689
3378,18,0,0,2,12.749976058683265,8,1,0,1,1,0,0,2.6523548127186087,2.0,Female,Caucasian,Some College,,C,2,2,10.187494014670817,0,0.6630887031796522,0.6381786862904136,0.2758620689655172
3379,15,1,0,2,12.905555106471258,26,0,2,0,0,1,1,0.7093533742145925,3.0,Male,Caucasian,Some College,Moderate,B,2,4,7.2263887766178145,1,0.1773383435536481,0.6459665801723702,0.896551724137931
3380,18,1,0,2,16.53455296792564,12,0,3,0,0,0,0,2.5094912303073182,1.0,Male,Caucasian,Some College,High,D,0,5,4.13363824198141,0,0.6273728075768296,0.827625040258633,0.4137931034482758
3381,16,1,0,2,2.138397287596427,8,0,1,1,1,0,0,1.979379413769687,1.0,Male,Caucasian,Some College,Low,D,2,3,4.5345993218991065,0,0.4948448534424217,0.1069898754303375,0.2758620689655172
3382,15,0,2,0,10.095086471310834,5,0,3,0,0,0,0,2.9562545236156157,0.0,Female,Asian,,High,F,0,3,2.5237716178277085,0,0.7390636309039039,0.5052816241940898,0.1724137931034483
3383,16,0,0,3,13.941822765215171,20,0,2,0,0,0,0,1.1919290455522094,3.0,Female,Caucasian,Bachelor,Moderate,B,0,5,3.485455691303793,1,0.2979822613880523,0.6978395198409466,0.6896551724137931
3384,16,1,2,2,11.736408901471274,18,1,4,0,0,0,0,1.810037822647263,3.0,Male,Asian,Some College,Very High,B,0,6,5.934102225367818,1,0.4525094556618158,0.5874420763494668,0.6206896551724138
3385,15,1,0,1,16.655581420465893,13,1,3,0,1,0,0,2.539112848520151,4.0,Male,Caucasian,High School,High,A,1,4,9.163895355116471,0,0.6347782121300377,0.8336834186745063,0.4482758620689655
3386,16,1,0,1,1.44543418022703,20,0,3,1,1,0,0,1.3956306751141432,1.0,Male,Caucasian,High School,High,D,2,4,4.361358545056757,1,0.3489076687785358,0.0723018938477673,0.6896551724137931
3387,16,0,0,2,13.81402078998332,14,0,2,0,0,0,0,2.0000840111419236,4.0,Female,Caucasian,Some College,Moderate,A,0,4,3.45350519749583,0,0.5000210027854809,0.6914420760002671,0.4827586206896551
3388,18,1,0,3,10.680554607694354,2,0,4,1,0,0,0,3.455509411034394,0.0,Male,Caucasian,Bachelor,Very High,F,1,7,4.670138651923589,0,0.8638773527585984,0.5345886792394131,0.0689655172413793
3389,17,0,0,1,7.583217279598868,4,1,4,0,1,0,0,3.2791497270250276,4.0,Female,Caucasian,High School,Very High,A,1,5,6.895804319899717,0,0.8197874317562569,0.3795438015981705,0.1379310344827586
3390,16,1,0,2,6.8054996446806175,20,0,2,0,0,0,1,1.142332879526157,2.0,Male,Caucasian,Some College,Moderate,C,1,4,3.7013749111701544,1,0.2855832198815392,0.340613222596793,0.6896551724137931
3391,16,1,1,0,12.416652655483858,17,0,2,0,1,1,0,1.8032967626292096,1.0,Male,African American,,Moderate,D,2,2,7.104163163870965,1,0.4508241906573024,0.6214933592531445,0.5862068965517241
3392,16,1,0,2,17.819907492885296,13,0,2,0,0,0,1,2.1400138778043982,1.0,Male,Caucasian,Some College,Moderate,D,1,4,6.454976873221324,0,0.5350034694510996,0.8919666388440628,0.4482758620689655
